run_number,source_period,target,beam_type,group,classification_source,source_file,quality_status,reason_codes,nonzero_unmapped_strip_count,negative_net_bin_count,brem_reference_sum,brem_period_median,brem_ratio
1321,1998_uv,P,UV,P_UV,manual,1998_uv/run1321.root,good,,0,0,389382.557,256270.619,1.5194194266959646
1322,1998_uv,P,UV,P_UV,manual,1998_uv/run1322.root,bad,brem_period_outlier;negative_net_flux,0,19,1501221853.0,256270.619,5857.955386606374
1324,1998_uv,P,UV,P_UV,manual,1998_uv/run1324.root,good,,0,0,315120.29600000003,256270.619,1.2296387983516754
1325,1998_uv,P,UV,P_UV,manual,1998_uv/run1325.root,good,,0,0,394272.558,256270.619,1.5385008220548295
1326,1998_uv,P,UV,P_UV,manual,1998_uv/run1326.root,good,,0,0,120668.517,256270.619,0.470863642000256
1328,1998_uv,P,UV,P_UV,manual,1998_uv/run1328.root,good,,0,0,360199.743,256270.619,1.405544437382422
1329,1998_uv,P,UV,P_UV,manual,1998_uv/run1329.root,good,,0,0,351897.493,256270.619,1.3731480197501689
1330,1998_uv,P,UV,P_UV,manual,1998_uv/run1330.root,good,,0,0,241816.286,256270.619,0.9435973852312738
1331,1998_uv,P,UV,P_UV,manual,1998_uv/run1331.root,good,,0,0,220199.582,256270.619,0.8592463032213614
1332,1998_uv,P,UV,P_UV,manual,1998_uv/run1332.root,good,,0,0,223452.311,256270.619,0.8719388585080055
1333,1998_uv,P,UV,P_UV,manual,1998_uv/run1333.root,good,,0,0,237693.247,256270.619,0.9275087714990847
1334,1998_uv,P,UV,P_UV,manual,1998_uv/run1334.root,good,,0,0,228975.532,256270.619,0.8934911574861416
1335,1998_uv,P,UV,P_UV,manual,1998_uv/run1335.root,good,,0,0,115203.749,256270.619,0.4495394339372162
1336,1998_uv,P,UV,P_UV,manual,1998_uv/run1336.root,good,,0,0,436789.133,256270.619,1.7044058140742226
1337,1998_uv,P,UV,P_UV,manual,1998_uv/run1337.root,good,,0,0,391114.271,256270.619,1.5261767912614281
1339,1998_uv,P,UV,P_UV,manual,1998_uv/run1339.root,good,,0,0,1136937.368,256270.619,4.436471775174508
1340,1998_uv,P,UV,P_UV,manual,1998_uv/run1340.root,good,,0,0,718391.203,256270.619,2.8032523033785623
1341,1998_uv,P,UV,P_UV,manual,1998_uv/run1341.root,good,,0,0,441642.159,256270.619,1.7233429283596493
1342,1998_uv,P,UV,P_UV,manual,1998_uv/run1342.root,good,,0,0,573596.406,256270.619,2.238244900013294
1343,1998_uv,P,UV,P_UV,manual,1998_uv/run1343.root,good,,0,0,437505.71400000004,256270.619,1.7072020027391437
1344,1998_uv,P,UV,P_UV,manual,1998_uv/run1344.root,good,,0,0,261001.504,256270.619,1.0184605048306377
1345,1998_uv,P,UV,P_UV,manual,1998_uv/run1345.root,good,,0,0,236463.748,256270.619,0.9227111126617288
1346,1998_uv,P,UV,P_UV,manual,1998_uv/run1346.root,good,,0,0,429449.33,256270.619,1.6757649849825351
1347,1998_uv,P,UV,P_UV,manual,1998_uv/run1347.root,good,,0,0,379966.217,256270.619,1.4826756905753602
1348,1998_uv,P,UV,P_UV,manual,1998_uv/run1348.root,good,,0,0,360477.881,256270.619,1.406629766637431
1350,1998_uv,P,UV,P_UV,manual,1998_uv/run1350.root,good,,0,0,296572.192,256270.619,1.1572617772464973
1352,1998_uv,P,UV,P_UV,manual,1998_uv/run1352.root,good,,0,0,475386.6,256270.619,1.8550179566234237
1353,1998_uv,P,UV,P_UV,manual,1998_uv/run1353.root,good,,0,0,420741.14,256270.619,1.6417845387106198
1354,1998_uv,P,UV,P_UV,manual,1998_uv/run1354.root,good,,0,0,258605.867,256270.619,1.0091124297007297
1355,1998_uv,P,UV,P_UV,manual,1998_uv/run1355.root,good,,0,0,292941.569,256270.619,1.1430946323191267
1356,1998_uv,P,UV,P_UV,manual,1998_uv/run1356.root,good,,0,0,167476.33000000002,256270.619,0.6535135812818247
1357,1998_uv,P,UV,P_UV,manual,1998_uv/run1357.root,good,,0,0,462549.773,256270.619,1.8049270525233327
1358,1998_uv,P,UV,P_UV,manual,1998_uv/run1358.root,good,,0,0,381239.305,256270.619,1.4876434391411837
1359,1998_uv,P,UV,P_UV,manual,1998_uv/run1359.root,good,,0,0,346102.263,256270.619,1.3505343076414076
1360,1998_uv,P,UV,P_UV,manual,1998_uv/run1360.root,good,,0,0,309839.577,256270.619,1.2090327725005416
1361,1998_uv,P,UV,P_UV,manual,1998_uv/run1361.root,good,,0,0,268788.826,256270.619,1.0488476090191206
1362,1998_uv,P,UV,P_UV,manual,1998_uv/run1362.root,good,,0,0,233802.06600000002,256270.619,0.9123248966749482
1363,1998_uv,P,UV,P_UV,manual,1998_uv/run1363.root,good,,0,0,233688.048,256270.619,0.9118799841818777
1364,1998_uv,P,UV,P_UV,manual,1998_uv/run1364.root,good,,0,0,200555.027,256270.619,0.7825907932114528
1365,1998_uv,P,UV,P_UV,manual,1998_uv/run1365.root,good,,0,0,414517.142,256270.619,1.617497720251731
1366,1998_uv,P,UV,P_UV,manual,1998_uv/run1366.root,good,,0,0,310854.068,256270.619,1.2129914432368074
1367,1998_uv,P,UV,P_UV,manual,1998_uv/run1367.root,good,,0,0,225187.686,256270.619,0.8787105087532487
1368,1998_uv,P,UV,P_UV,manual,1998_uv/run1368.root,good,,0,0,204144.413,256270.619,0.7965970262084551
1369,1998_uv,P,UV,P_UV,manual,1998_uv/run1369.root,good,,0,0,204979.069,256270.619,0.7998539582877426
1370,1998_uv,P,UV,P_UV,manual,1998_uv/run1370.root,good,,0,0,253935.37099999998,256270.619,0.9908875702992701
1371,1998_uv,P,UV,P_UV,manual,1998_uv/run1371.root,good,,0,0,123681.382,256270.619,0.48262021796575905
1372,1998_uv,P,UV,P_UV,manual,1998_uv/run1372.root,good,,0,0,423027.673,256270.619,1.650706876389915
1373,1998_uv,P,UV,P_UV,manual,1998_uv/run1373.root,good,,0,0,351137.626,256270.619,1.3701829237006682
1374,1998_uv,P,UV,P_UV,manual,1998_uv/run1374.root,good,,0,0,322504.447,256270.619,1.2584526788847377
1375,1998_uv,P,UV,P_UV,manual,1998_uv/run1375.root,good,,0,0,268807.441,256270.619,1.0489202470767824
1376,1998_uv,P,UV,P_UV,manual,1998_uv/run1376.root,good,,0,0,177920.998,256270.619,0.6942699818429049
1377,1998_uv,P,UV,P_UV,manual,1998_uv/run1377.root,good,,0,0,148589.192,256270.619,0.579813607115063
1379,1998_uv,P,UV,P_UV,manual,1998_uv/run1379.root,good,,0,0,241439.871,256270.619,0.9421285668334848
1380,1998_uv,P,UV,P_UV,manual,1998_uv/run1380.root,good,,0,0,202943.116,256270.619,0.7919094151015416
1381,1998_uv,P,UV,P_UV,manual,1998_uv/run1381.root,good,,0,0,182932.769,256270.619,0.7138265389681678
1382,1998_uv,P,UV,P_UV,manual,1998_uv/run1382.root,good,,0,0,125243.987,256270.619,0.48871769806744797
1383,1998_uv,P,UV,P_UV,manual,1998_uv/run1383.root,good,,0,0,312138.085,256270.619,1.2180018381272182
1385,1998_uv,P,UV,P_UV,manual,1998_uv/run1385.root,good,,0,0,246745.767,256270.619,0.9628328364868076
1386,1998_uv,P,UV,P_UV,manual,1998_uv/run1386.root,good,,0,0,161817.9,256270.619,0.6314336798788471
1387,1998_uv,P,UV,P_UV,manual,1998_uv/run1387.root,good,,0,0,214108.886,256270.619,0.8354796458348587
1388,1998_uv,P,UV,P_UV,manual,1998_uv/run1388.root,good,,0,0,43737.362,256270.619,0.17066865554338087
1389,1998_uv,P,UV,P_UV,manual,1998_uv/run1389.root,good,,0,0,370200.958,256270.619,1.4445704288871288
1390,1998_uv,P,UV,P_UV,manual,1998_uv/run1390.root,good,,0,0,246099.525,256270.619,0.9603111193952358
1391,1998_uv,P,UV,P_UV,manual,1998_uv/run1391.root,good,,0,0,228039.264,256270.619,0.889837722677058
1392,1998_uv,P,UV,P_UV,manual,1998_uv/run1392.root,good,,0,0,217503.229,256270.619,0.8487247966572399
1393,1998_uv,P,UV,P_UV,manual,1998_uv/run1393.root,good,,0,0,330610.29600000003,256270.619,1.2900827152565626
1394,1998_uv,P,UV,P_UV,manual,1998_uv/run1394.root,good,,0,0,175147.31,256270.619,0.6834467044386388
1395,1998_uv,P,UV,P_UV,manual,1998_uv/run1395.root,good,,0,0,228800.035,256270.619,0.8928063462475969
1396,1998_uv,P,UV,P_UV,manual,1998_uv/run1396.root,good,,0,0,221976.307,256270.619,0.8661793063371029
1397,1998_uv,P,UV,P_UV,manual,1998_uv/run1397.root,good,,0,0,405634.964,256270.619,1.5828383510479598
1398,1998_uv,P,UV,P_UV,manual,1998_uv/run1398.root,good,,0,0,400536.219,256270.619,1.5629424104992697
1399,1998_uv,P,UV,P_UV,manual,1998_uv/run1399.root,good,,0,0,369969.526,256270.619,1.4436673522843444
1400,1998_uv,P,UV,P_UV,manual,1998_uv/run1400.root,good,,0,0,322997.538,256270.619,1.2603767816239597
1401,1998_uv,P,UV,P_UV,manual,1998_uv/run1401.root,good,,0,0,311751.065,256270.619,1.2164916376933557
1402,1998_uv,P,UV,P_UV,manual,1998_uv/run1402.root,good,,0,0,266877.283,256270.619,1.0413885292094291
1403,1998_uv,P,UV,P_UV,manual,1998_uv/run1403.root,good,,0,0,249731.066,256270.619,0.9744818464733953
1405,1998_uv,P,UV,P_UV,manual,1998_uv/run1405.root,good,,0,0,412976.963,256270.619,1.6114877492062403
1406,1998_uv,P,UV,P_UV,manual,1998_uv/run1406.root,good,,0,0,385343.218,256270.619,1.5036574208298141
1407,1998_uv,P,UV,P_UV,manual,1998_uv/run1407.root,good,,0,0,283487.942,256270.619,1.1062053976620705
1408,1998_uv,P,UV,P_UV,manual,1998_uv/run1408.root,good,,0,0,214681.424,256270.619,0.8377137607023144
1409,1998_uv,P,UV,P_UV,manual,1998_uv/run1409.root,good,,0,0,109959.987,256270.619,0.42907761892127005
1410,1998_uv,P,UV,P_UV,manual,1998_uv/run1410.root,good,,0,0,372003.192,256270.619,1.4516029713105738
1411,1998_uv,P,UV,P_UV,manual,1998_uv/run1411.root,good,,0,0,262995.252,256270.619,1.0262403588294293
1412,1998_uv,P,UV,P_UV,manual,1998_uv/run1412.root,good,,0,0,180719.96300000002,256270.619,0.7051918932618648
1414,1998_uv,P,UV,P_UV,manual,1998_uv/run1414.root,good,,0,0,206077.279,256270.619,0.8041393110304229
1415,1998_uv,P,UV,P_UV,manual,1998_uv/run1415.root,good,,0,0,167896.922,256270.619,0.6551547838576064
1416,1998_uv,P,UV,P_UV,manual,1998_uv/run1416.root,good,,0,0,106641.481,256270.619,0.41612839355572007
1417,1998_uv,P,UV,P_UV,manual,1998_uv/run1417.root,good,,0,0,190524.104,256270.619,0.7434488773759897
1418,1998_uv,P,UV,P_UV,manual,1998_uv/run1418.root,good,,0,0,202062.10499999998,256270.619,0.788471600015919
1419,1998_uv,P,UV,P_UV,manual,1998_uv/run1419.root,good,,0,0,167027.187,256270.619,0.6517609691339606
1420,1998_uv,P,UV,P_UV,manual,1998_uv/run1420.root,good,,0,0,212810.336,256270.619,0.8304125413612085
1421,1998_uv,P,UV,P_UV,manual,1998_uv/run1421.root,good,,0,0,213742.82,256270.619,0.8340512105291321
1422,1998_uv,P,UV,P_UV,manual,1998_uv/run1422.root,good,,0,0,187211.067,256270.619,0.730520992732296
1425,1998_uv,P,UV,P_UV,manual,1998_uv/run1425.root,good,,0,0,5798.273,256270.619,0.02262558627526474
1426,1998_uv,P,UV,P_UV,manual,1998_uv/run1426.root,good,,0,0,219631.776,256270.619,0.8570306532096058
1427,1998_uv,P,UV,P_UV,manual,1998_uv/run1427.root,good,,0,0,91319.495,256270.619,0.3563400882876862
1428,1998_uv,P,UV,P_UV,manual,1998_uv/run1428.root,good,,0,0,223939.852,256270.619,0.8738413044532429
1429,1998_uv,P,UV,P_UV,manual,1998_uv/run1429.root,good,,0,0,231063.708,256270.619,0.9016394813484256
1430,1998_uv,P,UV,P_UV,manual,1998_uv/run1430.root,good,,0,0,299329.512,256270.619,1.1680211846680715
1431,1998_uv,P,UV,P_UV,manual,1998_uv/run1431.root,good,,0,0,171396.137,256270.619,0.6688091583374214
1432,1998_uv,P,UV,P_UV,manual,1998_uv/run1432.root,good,,0,0,263913.043,256270.619,1.029821694074107
1433,1998_uv,P,UV,P_UV,manual,1998_uv/run1433.root,good,,0,0,240368.003,256270.619,0.9379460038686682
1434,1998_uv,P,UV,P_UV,manual,1998_uv/run1434.root,good,,0,0,407637.174,256270.619,1.5906512248288596
1435,1998_uv,P,UV,P_UV,manual,1998_uv/run1435.root,good,,0,0,195067.122,256270.619,0.7611763016813098
1436,1998_uv,P,UV,P_UV,manual,1998_uv/run1436.root,good,,0,0,364398.931,256270.619,1.4219301940344553
1437,1998_uv,P,UV,P_UV,manual,1998_uv/run1437.root,good,,0,0,324302.484,256270.619,1.2654688440893804
1438,1998_uv,P,UV,P_UV,manual,1998_uv/run1438.root,good,,0,0,293093.298,256270.619,1.1436866978496665
1439,1998_uv,P,UV,P_UV,manual,1998_uv/run1439.root,good,,0,0,190999.06,256270.619,0.74530221507757
1440,1998_uv,P,UV,P_UV,manual,1998_uv/run1440.root,good,,0,0,250892.844,256270.619,0.9790152495007631
1441,1998_uv,P,UV,P_UV,manual,1998_uv/run1441.root,good,,0,0,119890.314,256270.619,0.46782699658598004
1442,1998_uv,P,UV,P_UV,manual,1998_uv/run1442.root,good,,0,0,106830.024,256270.619,0.41686411191756634
1443,1998_uv,P,UV,P_UV,manual,1998_uv/run1443.root,good,,0,0,231188.96300000002,256270.619,0.9021282420205963
1444,1998_uv,P,UV,P_UV,manual,1998_uv/run1444.root,good,,0,0,354070.57,256270.619,1.3816276379306673
1445,1998_uv,P,UV,P_UV,manual,1998_uv/run1445.root,good,,0,0,194023.596,256270.619,0.7571043327444414
1446,1998_uv,P,UV,P_UV,manual,1998_uv/run1446.root,good,,0,0,136587.01,256270.619,0.5329795921708841
1447,1998_uv,P,UV,P_UV,manual,1998_uv/run1447.root,good,,0,0,269686.96499999997,256270.619,1.052352259702467
1448,1998_uv,P,UV,P_UV,manual,1998_uv/run1448.root,good,,0,0,251049.372,256270.619,0.9796260413293808
1450,1998_uv,P,UV,P_UV,manual,1998_uv/run1450.root,good,,0,0,207233.825,256270.619,0.8086522981395694
1451,1998_uv,P,UV,P_UV,manual,1998_uv/run1451.root,good,,0,0,203738.467,256270.619,0.7950129741560424
1452,1998_uv,P,UV,P_UV,manual,1998_uv/run1452.root,good,,0,0,192412.436,256270.619,0.7508173849613248
1453,1998_uv,P,UV,P_UV,manual,1998_uv/run1453.root,good,,0,0,338517.588,256270.619,1.3209379573863673
1454,1998_uv,P,UV,P_UV,manual,1998_uv/run1454.root,good,,0,0,282171.884,256270.619,1.1010699747831802
1455,1998_uv,P,UV,P_UV,manual,1998_uv/run1455.root,good,,0,0,234283.597,256270.619,0.9142038908486814
1456,1998_uv,P,UV,P_UV,manual,1998_uv/run1456.root,good,,0,0,263895.134,256270.619,1.0297518109167247
1457,1998_uv,P,UV,P_UV,manual,1998_uv/run1457.root,good,,0,0,240815.39800000002,256270.619,0.9396917951019582
1458,1998_uv,P,UV,P_UV,manual,1998_uv/run1458.root,good,,0,0,218776.238,256270.619,0.8536922369551853
1459,1998_uv,P,UV,P_UV,manual,1998_uv/run1459.root,good,,0,0,113449.948,256270.619,0.4426958831359439
1460,1998_uv,P,UV,P_UV,manual,1998_uv/run1460.root,good,,0,0,207094.81100000002,256270.619,0.8081098481289422
1461,1998_uv,P,UV,P_UV,manual,1998_uv/run1461.root,good,,0,0,184421.688,256270.619,0.7196364870839914
1462,1998_uv,P,UV,P_UV,manual,1998_uv/run1462.root,good,,0,0,175311.763,256270.619,0.6840884206082165
1463,1998_uv,P,UV,P_UV,manual,1998_uv/run1463.root,good,,0,0,163796.488,256270.619,0.639154377661998
1464,1998_uv,P,UV,P_UV,manual,1998_uv/run1464.root,good,,0,0,315580.168,256270.619,1.2314332763991178
1465,1998_uv,P,UV,P_UV,manual,1998_uv/run1465.root,good,,0,0,294961.812,256270.619,1.1509778731209135
1466,1998_uv,P,UV,P_UV,manual,1998_uv/run1466.root,good,,0,0,272739.551,256270.619,1.0642638319767743
1467,1998_uv,P,UV,P_UV,manual,1998_uv/run1467.root,good,,0,0,235650.4,256270.619,0.9195373270628421
1468,1998_uv,P,UV,P_UV,manual,1998_uv/run1468.root,good,,0,0,247509.571,256270.619,0.9658132952025998
1470,1998_uv,P,UV,P_UV,manual,1998_uv/run1470.root,good,,0,0,192179.44,256270.619,0.7499082054349742
1471,1998_uv,P,UV,P_UV,manual,1998_uv/run1471.root,good,,0,0,193675.412,256270.619,0.755745675238721
1472,1998_uv,P,UV,P_UV,manual,1998_uv/run1472.root,good,,0,0,193185.514,256270.619,0.7538340319847591
1473,1998_uv,P,UV,P_UV,manual,1998_uv/run1473.root,good,,0,0,171846.221,256270.619,0.6705654423849501
1474,1998_uv,P,UV,P_UV,manual,1998_uv/run1474.root,good,,0,0,176868.735,256270.619,0.6901639200395422
1475,1998_uv,P,UV,P_UV,manual,1998_uv/run1475.root,good,,0,0,334099.135,256270.619,1.3036966012869389
1476,1998_uv,P,UV,P_UV,manual,1998_uv/run1476.root,good,,0,0,281156.064,256270.619,1.0971061181227335
1477,1998_uv,P,UV,P_UV,manual,1998_uv/run1477.root,good,,0,0,262704.733,256270.619,1.0251067173642718
1478,1998_uv,P,UV,P_UV,manual,1998_uv/run1478.root,good,,0,0,185462.548,256270.619,0.723698052955497
1479,1998_uv,P,UV,P_UV,manual,1998_uv/run1479.root,good,,0,0,213858.059,256270.619,0.8345008875168792
1480,1998_uv,P,UV,P_UV,manual,1998_uv/run1480.root,good,,0,0,227618.989,256270.619,0.8881977570749147
1481,1998_uv,P,UV,P_UV,manual,1998_uv/run1481.root,good,,0,0,238780.564,256270.619,0.9317516183936794
1482,1998_uv,P,UV,P_UV,manual,1998_uv/run1482.root,bad,brem_period_outlier,0,0,1228016949.0,256270.619,4791.875689034801
1485,1998_uv,P,UV,P_UV,manual,1998_uv/run1485.root,good,,0,0,181900.029,256270.619,0.7097966583520057
1486,1998_uv,P,UV,P_UV,manual,1998_uv/run1486.root,good,,0,0,481447.82300000003,256270.619,1.8786696066785558
1487,1998_uv,P,UV,P_UV,manual,1998_uv/run1487.root,good,,0,0,308871.47500000003,256270.619,1.2052551174428623
1488,1998_uv,P,UV,P_UV,manual,1998_uv/run1488.root,good,,0,0,170360.431,256270.619,0.6647677040183838
1489,1998_uv,P,UV,P_UV,manual,1998_uv/run1489.root,good,,0,0,624533.319,256270.619,2.437007103806933
1490,1998_uv,P,UV,P_UV,manual,1998_uv/run1490.root,good,,0,0,776224.4180000001,256270.619,3.0289247399055137
1491,1998_uv,P,UV,P_UV,manual,1998_uv/run1491.root,good,,0,0,532006.124,256270.619,2.0759544191056873
1492,1998_uv,P,UV,P_UV,manual,1998_uv/run1492.root,good,,0,0,153896.587,256270.619,0.6005237260538243
1493,1998_uv,P,UV,P_UV,manual,1998_uv/run1493.root,good,,0,0,715819.67,256270.619,2.793217860062218
1494,1998_uv,P,UV,P_UV,manual,1998_uv/run1494.root,good,,0,0,474514.357,256270.619,1.8516143553701723
1496,1998_uv,P,UV,P_UV,manual,1998_uv/run1496.root,good,,0,0,426785.78500000003,256270.619,1.6653714993368007
1497,1998_uv,P,UV,P_UV,manual,1998_uv/run1497.root,good,,0,0,446645.065,256270.619,1.7428648931464126
1498,1998_uv,P,UV,P_UV,manual,1998_uv/run1498.root,good,,0,0,899426.892,256270.619,3.5096761989715253
1499,1998_uv,P,UV,P_UV,manual,1998_uv/run1499.root,good,,0,0,994468.758,256270.619,3.8805414443549613
1500,1998_uv,P,UV,P_UV,manual,1998_uv/run1500.root,good,,0,0,441614.732,256270.619,1.7232359047761148
1501,1998_uv,P,UV,P_UV,manual,1998_uv/run1501.root,good,,0,0,745813.814,256270.619,2.9102587604863124
1502,1998_uv,P,UV,P_UV,manual,1998_uv/run1502.root,good,,0,0,397379.374,256270.619,1.5506240065701797
1503,1998_uv,P,UV,P_UV,manual,1998_uv/run1503.root,good,,0,0,246309.42599999998,256270.619,0.961130179343735
1504,1998_uv,P,UV,P_UV,manual,1998_uv/run1504.root,good,,0,0,379191.731,256270.619,1.4796535493598664
1505,1998_uv,P,UV,P_UV,manual,1998_uv/run1505.root,good,,0,0,62676.031,256270.619,0.2445697101156961
1506,1998_uv,P,UV,P_UV,manual,1998_uv/run1506.root,good,,0,0,638410.962,256270.619,2.491159402085028
1507,1998_uv,P,UV,P_UV,manual,1998_uv/run1507.root,good,,0,0,544740.577,256270.619,2.125645847056701
1508,1998_uv,P,UV,P_UV,manual,1998_uv/run1508.root,good,,0,0,455571.515,256270.619,1.7776970172300555
1509,1998_uv,P,UV,P_UV,manual,1998_uv/run1509.root,bad,missing_h80;nonzero_flux_without_lookup;run_flux_conservation_failure,126,0,,256270.619,
1510,1998_uv,P,UV,P_UV,manual,1998_uv/run1510.root,good,,0,0,935778.417,256270.619,3.6515243949990226
1511,1998_uv,P,UV,P_UV,manual,1998_uv/run1511.root,good,,0,0,618413.673,256270.619,2.413127479900456
1512,1998_uv,P,UV,P_UV,manual,1998_uv/run1512.root,good,,0,0,526350.393,256270.619,2.0538850495381995
1513,1998_uv,P,UV,P_UV,manual,1998_uv/run1513.root,good,,0,0,416639.277,256270.619,1.625778556378326
1514,1998_uv,P,UV,P_UV,manual,1998_uv/run1514.root,good,,0,0,609750.849,256270.619,2.379324057433209
1515,1998_uv,P,UV,P_UV,manual,1998_uv/run1515.root,good,,0,0,658452.844,256270.619,2.56936533173161
1549,1999_uv,P,UV,P_UV,manual,1999_uv/run1549.root,good,,0,0,1012313.218,374225.538,2.705088550103173
1550,1999_uv,P,UV,P_UV,manual,1999_uv/run1550.root,good,,0,0,771761.736,374225.538,2.0622904041359145
1551,1999_uv,P,UV,P_UV,manual,1999_uv/run1551.root,good,,0,0,606444.341,374225.538,1.6205316832225385
1552,1999_uv,P,UV,P_UV,manual,1999_uv/run1552.root,good,,0,0,527133.009,374225.538,1.4085971038139038
1553,1999_uv,P,UV,P_UV,manual,1999_uv/run1553.root,good,,0,0,440206.582,374225.538,1.1763135791122838
1554,1999_uv,P,UV,P_UV,manual,1999_uv/run1554.root,good,,0,0,291789.199,374225.538,0.7797148226693177
1555,1999_uv,P,UV,P_UV,manual,1999_uv/run1555.root,good,,0,0,274449.05,374225.538,0.7333787305557965
1556,1999_uv,P,UV,P_UV,manual,1999_uv/run1556.root,good,,0,0,608512.497,374225.538,1.6260581793859294
1557,1999_uv,P,UV,P_UV,manual,1999_uv/run1557.root,good,,0,0,255858.548,374225.538,0.683701463474147
1558,1999_uv,P,UV,P_UV,manual,1999_uv/run1558.root,good,,0,0,438236.515,374225.538,1.171049194937626
1559,1999_uv,P,UV,P_UV,manual,1999_uv/run1559.root,good,,0,0,399526.1,374225.538,1.0676077911069768
1560,1999_uv,P,UV,P_UV,manual,1999_uv/run1560.root,good,,0,0,830668.964,374225.538,2.2197014357689295
1561,1999_uv,P,UV,P_UV,manual,1999_uv/run1561.root,good,,0,0,628252.991,374225.538,1.6788084382418607
1562,1999_uv,P,UV,P_UV,manual,1999_uv/run1562.root,good,,0,0,551377.4029999999,374225.538,1.4733826182648175
1563,1999_uv,P,UV,P_UV,manual,1999_uv/run1563.root,good,,0,0,480950.228,374225.538,1.285188153032998
1564,1999_uv,P,UV,P_UV,manual,1999_uv/run1564.root,good,,0,0,429479.695,374225.538,1.1476493488266426
1565,1999_uv,P,UV,P_UV,manual,1999_uv/run1565.root,good,,0,0,387681.702,374225.538,1.0359573642993867
1566,1999_uv,P,UV,P_UV,manual,1999_uv/run1566.root,good,,0,0,362558.305,374225.538,0.9688229909098294
1567,1999_uv,P,UV,P_UV,manual,1999_uv/run1567.root,good,,0,0,342225.516,374225.538,0.9144900100323993
1568,1999_uv,P,UV,P_UV,manual,1999_uv/run1568.root,good,,0,0,323841.096,374225.538,0.8653634322519166
1569,1999_uv,P,UV,P_UV,manual,1999_uv/run1569.root,good,,0,0,299925.806,374225.538,0.8014573446882184
1570,1999_uv,P,UV,P_UV,manual,1999_uv/run1570.root,good,,0,0,133857.645,374225.538,0.35769243786884475
1571,1999_uv,P,UV,P_UV,manual,1999_uv/run1571.root,good,,0,0,472356.937,374225.538,1.2622252867200099
1572,1999_uv,P,UV,P_UV,manual,1999_uv/run1572.root,good,,0,0,435097.86,374225.538,1.1626621270299302
1573,1999_uv,P,UV,P_UV,manual,1999_uv/run1573.root,good,,0,0,394231.83400000003,374225.538,1.0534605310661616
1574,1999_uv,P,UV,P_UV,manual,1999_uv/run1574.root,good,,0,0,352957.517,374225.538,0.9431679058739171
1575,1999_uv,P,UV,P_UV,manual,1999_uv/run1575.root,good,,0,0,332754.586,374225.538,0.8891819296415843
1576,1999_uv,P,UV,P_UV,manual,1999_uv/run1576.root,good,,0,0,309200.397,374225.538,0.8262407708797255
1577,1999_uv,P,UV,P_UV,manual,1999_uv/run1577.root,good,,0,0,317721.384,374225.538,0.8490104275032133
1578,1999_uv,P,UV,P_UV,manual,1999_uv/run1578.root,good,,0,0,139619.536,374225.538,0.37308927858365454
1579,1999_uv,P,UV,P_UV,manual,1999_uv/run1579.root,good,,0,0,1066007.791,374225.538,2.8485704014139195
1580,1999_uv,P,UV,P_UV,manual,1999_uv/run1580.root,good,,0,0,787339.7050000001,374225.538,2.1039176246705003
1581,1999_uv,P,UV,P_UV,manual,1999_uv/run1581.root,good,,0,0,593745.142,374225.538,1.58659706970613
1582,1999_uv,P,UV,P_UV,manual,1999_uv/run1582.root,good,,0,0,596342.619,374225.538,1.5935380096908296
1583,1999_uv,P,UV,P_UV,manual,1999_uv/run1583.root,good,,0,0,510920.111,374225.538,1.3652732353076342
1585,1999_uv,P,UV,P_UV,manual,1999_uv/run1585.root,good,,0,0,217735.92,374225.538,0.581830735453442
1588,1999_uv,P,UV,P_UV,manual,1999_uv/run1588.root,good,,0,0,510328.35,374225.538,1.3636919402331114
1589,1999_uv,P,UV,P_UV,manual,1999_uv/run1589.root,good,,0,0,575669.002,374225.538,1.538294273225148
1590,1999_uv,P,UV,P_UV,manual,1999_uv/run1590.root,good,,0,0,380609.535,374225.538,1.0170592232537587
1591,1999_uv,P,UV,P_UV,manual,1999_uv/run1591.root,good,,0,0,906281.244,374225.538,2.4217514626166428
1592,1999_uv,P,UV,P_UV,manual,1999_uv/run1592.root,good,,0,0,702646.36,374225.538,1.8776013089732
1593,1999_uv,P,UV,P_UV,manual,1999_uv/run1593.root,good,,0,0,585415.285,374225.538,1.5643381478684655
1594,1999_uv,P,UV,P_UV,manual,1999_uv/run1594.root,good,,0,0,508052.71,374225.538,1.3576110083646937
1595,1999_uv,P,UV,P_UV,manual,1999_uv/run1595.root,good,,0,0,463777.047,374225.538,1.2392982303628888
1596,1999_uv,P,UV,P_UV,manual,1999_uv/run1596.root,good,,0,0,0.0,374225.538,0.0
1597,1999_uv,P,UV,P_UV,manual,1999_uv/run1597.root,good,,0,0,529855.934,374225.538,1.41587326410631
1598,1999_uv,P,UV,P_UV,manual,1999_uv/run1598.root,good,,0,0,243468.24,374225.538,0.6505922639624877
1599,1999_uv,P,UV,P_UV,manual,1999_uv/run1599.root,good,,0,0,439933.96400000004,374225.538,1.1755850932867122
1600,1999_uv,P,UV,P_UV,manual,1999_uv/run1600.root,good,,0,0,398680.777,374225.538,1.0653489313708997
1601,1999_uv,P,UV,P_UV,manual,1999_uv/run1601.root,good,,0,0,379824.179,374225.538,1.0149606064565269
1602,1999_uv,P,UV,P_UV,manual,1999_uv/run1602.root,good,,0,0,345903.331,374225.538,0.9243178133930561
1603,1999_uv,P,UV,P_UV,manual,1999_uv/run1603.root,good,,0,0,328830.488,374225.538,0.878696012456531
1604,1999_uv,P,UV,P_UV,manual,1999_uv/run1604.root,good,,0,0,306770.298,374225.538,0.8197470959344308
1605,1999_uv,P,UV,P_UV,manual,1999_uv/run1605.root,good,,0,0,1247004.8760000002,374225.538,3.332228160227804
1607,1999_uv,P,UV,P_UV,manual,1999_uv/run1607.root,good,,0,0,1120475.63,374225.538,2.994118562801024
1608,1999_uv,P,UV,P_UV,manual,1999_uv/run1608.root,good,,0,0,489510.158,374225.538,1.308061872570546
1609,1999_uv,P,UV,P_UV,manual,1999_uv/run1609.root,good,,0,0,897600.932,374225.538,2.398556060062368
1610,1999_uv,P,UV,P_UV,manual,1999_uv/run1610.root,good,,0,0,793190.741,374225.538,2.119552677348279
1611,1999_uv,P,UV,P_UV,manual,1999_uv/run1611.root,good,,0,0,721918.119,374225.538,1.9290990210293983
1612,1999_uv,P,UV,P_UV,manual,1999_uv/run1612.root,good,,0,0,640167.927,374225.538,1.7106473556596238
1613,1999_uv,P,UV,P_UV,manual,1999_uv/run1613.root,good,,0,0,572483.612,374225.538,1.5297823207351497
1616,1999_uv,P,UV,P_UV,manual,1999_uv/run1616.root,good,,0,0,694930.543,374225.538,1.8569832158274564
1617,1999_uv,P,UV,P_UV,manual,1999_uv/run1617.root,good,,0,0,633664.909,374225.538,1.6932700862333987
1618,1999_uv,P,UV,P_UV,manual,1999_uv/run1618.root,good,,0,0,591819.619,374225.538,1.581451715355674
1619,1999_uv,P,UV,P_UV,manual,1999_uv/run1619.root,good,,0,0,517628.558,374225.538,1.3831994490979929
1622,1999_uv,P,UV,P_UV,manual,1999_uv/run1622.root,good,,0,0,454354.356,374225.538,1.2141190535211417
1623,1999_uv,P,UV,P_UV,manual,1999_uv/run1623.root,good,,0,0,55952.594,374225.538,0.14951570194549363
1624,1999_uv,P,UV,P_UV,manual,1999_uv/run1624.root,good,,0,0,292617.716,374225.538,0.7819287736584135
1625,1999_uv,P,UV,P_UV,manual,1999_uv/run1625.root,good,,0,0,580519.287,374225.538,1.551255133742369
1627,1999_uv,P,UV,P_UV,manual,1999_uv/run1627.root,good,,0,0,532981.388,374225.538,1.424225056495209
1629,1999_uv,P,UV,P_UV,manual,1999_uv/run1629.root,good,,0,0,45085.177,374225.538,0.12047594945270679
1630,1999_uv,P,UV,P_UV,manual,1999_uv/run1630.root,good,,0,0,444772.344,374225.538,1.1885141414373488
1631,1999_uv,P,UV,P_UV,manual,1999_uv/run1631.root,good,,0,0,411482.638,374225.538,1.099557876779644
1632,1999_uv,P,UV,P_UV,manual,1999_uv/run1632.root,good,,0,0,394342.624,374225.538,1.0537565824810171
1633,1999_uv,P,UV,P_UV,manual,1999_uv/run1633.root,good,,0,0,365078.017,374225.538,0.9755561284008362
1635,1999_uv,P,UV,P_UV,manual,1999_uv/run1635.root,good,,0,0,524920.24,374225.538,1.4026841749105856
1636,1999_uv,P,UV,P_UV,manual,1999_uv/run1636.root,good,,0,0,509303.254,374225.538,1.3609526937202239
1637,1999_uv,P,UV,P_UV,manual,1999_uv/run1637.root,good,,0,0,464968.508,374225.538,1.2424820349914227
1638,1999_uv,P,UV,P_UV,manual,1999_uv/run1638.root,good,,0,0,306136.115,374225.538,0.8180524414130176
1639,1999_uv,P,UV,P_UV,manual,1999_uv/run1639.root,good,,0,0,400407.165,374225.538,1.0699621600918108
1640,1999_uv,P,UV,P_UV,manual,1999_uv/run1640.root,good,,0,0,321329.869,374225.538,0.858652968253599
1641,1999_uv,P,UV,P_UV,manual,1999_uv/run1641.root,good,,0,0,363669.209,374225.538,0.9717915323031748
1642,1999_uv,P,UV,P_UV,manual,1999_uv/run1642.root,good,,0,0,340713.186,374225.538,0.9104487839630014
1644,1999_uv,P,UV,P_UV,manual,1999_uv/run1644.root,good,,0,0,472775.701,374225.538,1.2633443017456494
1645,1999_uv,P,UV,P_UV,manual,1999_uv/run1645.root,good,,0,0,442736.295,374225.538,1.1830734411289696
1646,1999_uv,P,UV,P_UV,manual,1999_uv/run1646.root,good,,0,0,422417.799,374225.538,1.128778653796738
1647,1999_uv,P,UV,P_UV,manual,1999_uv/run1647.root,good,,0,0,402643.21400000004,374225.538,1.075937297470062
1648,1999_uv,P,UV,P_UV,manual,1999_uv/run1648.root,good,,0,0,364169.3,374225.538,0.9731278681467217
1649,1999_uv,P,UV,P_UV,manual,1999_uv/run1649.root,good,,0,0,357626.409,374225.538,0.9556440506740617
1650,1999_uv,P,UV,P_UV,manual,1999_uv/run1650.root,good,,0,0,331095.915,374225.538,0.8847496532959757
1651,1999_uv,P,UV,P_UV,manual,1999_uv/run1651.root,good,,0,0,163995.821,374225.538,0.43822723023248084
1652,1999_uv,P,UV,P_UV,manual,1999_uv/run1652.root,good,,0,0,447132.528,374225.538,1.194820990543943
1654,1999_uv,P,UV,P_UV,manual,1999_uv/run1654.root,good,,0,0,3348178.05,374225.538,8.946952332259055
1655,1999_uv,P,UV,P_UV,manual,1999_uv/run1655.root,good,,0,0,1170351.771,374225.538,3.127396856063842
1657,1999_uv,P,UV,P_UV,manual,1999_uv/run1657.root,good,,0,0,1425597.986,374225.538,3.80946205226646
1658,1999_uv,P,UV,P_UV,manual,1999_uv/run1658.root,good,,0,0,1242086.9780000001,374225.538,3.3190866252425564
1659,1999_uv,P,UV,P_UV,manual,1999_uv/run1659.root,good,,0,0,532973.215,374225.538,1.4242032167243486
1660,1999_uv,P,UV,P_UV,manual,1999_uv/run1660.root,good,,0,0,831510.589,374225.538,2.2219504137635844
1661,1999_uv,P,UV,P_UV,manual,1999_uv/run1661.root,good,,0,0,642843.156,374225.538,1.7177960633996068
1662,1999_uv,P,UV,P_UV,manual,1999_uv/run1662.root,good,,0,0,559604.894,374225.538,1.4953679991770097
1663,1999_uv,P,UV,P_UV,manual,1999_uv/run1663.root,good,,0,0,335559.301,374225.538,0.8966766479737146
1664,1999_uv,P,UV,P_UV,manual,1999_uv/run1664.root,good,,0,0,326297.72,374225.538,0.8719279869136028
1665,1999_uv,P,UV,P_UV,manual,1999_uv/run1665.root,good,,0,0,350650.655,374225.538,0.9370035430345217
1666,1999_uv,P,UV,P_UV,manual,1999_uv/run1666.root,good,,0,0,148480.387,374225.538,0.3967671148087173
1667,1999_uv,P,UV,P_UV,manual,1999_uv/run1667.root,good,,0,0,300455.952,374225.538,0.8028739930624403
1668,1999_uv,P,UV,P_UV,manual,1999_uv/run1668.root,good,,0,0,160722.541,374225.538,0.4294804193721274
1669,1999_uv,P,UV,P_UV,manual,1999_uv/run1669.root,good,,0,0,466646.826,374225.538,1.24696681176259
1670,1999_uv,P,UV,P_UV,manual,1999_uv/run1670.root,good,,0,0,437275.551,374225.538,1.1684813210155636
1671,1999_uv,P,UV,P_UV,manual,1999_uv/run1671.root,good,,0,0,399174.222,374225.538,1.0666675078706147
1672,1999_uv,P,UV,P_UV,manual,1999_uv/run1672.root,good,,0,0,378376.871,374225.538,1.011093131222915
1673,1999_uv,P,UV,P_UV,manual,1999_uv/run1673.root,good,,0,0,362279.965,374225.538,0.9680792148396885
1674,1999_uv,P,UV,P_UV,manual,1999_uv/run1674.root,good,,0,0,336931.667,374225.538,0.9003438642928747
1676,1999_uv,P,UV,P_UV,manual,1999_uv/run1676.root,good,,0,0,295387.761,374225.538,0.7893308473244817
1678,1999_uv,P,UV,P_UV,manual,1999_uv/run1678.root,good,,0,0,424504.581,374225.538,1.1343549220844462
1679,1999_uv,P,UV,P_UV,manual,1999_uv/run1679.root,good,,0,0,407253.916,374225.538,1.0882579478047274
1680,1999_uv,P,UV,P_UV,manual,1999_uv/run1680.root,good,,0,0,386986.926,374225.538,1.0341007940510998
1681,1999_uv,P,UV,P_UV,manual,1999_uv/run1681.root,good,,0,0,272263.565,374225.538,0.7275387095575503
1682,1999_uv,P,UV,P_UV,manual,1999_uv/run1682.root,good,,0,0,148307.258,374225.538,0.3963044820313679
1683,1999_uv,P,UV,P_UV,manual,1999_uv/run1683.root,good,,0,0,162195.153,374225.538,0.43341551158381925
1684,1999_uv,P,UV,P_UV,manual,1999_uv/run1684.root,good,,0,0,253070.135,374225.538,0.6762503071075817
1685,1999_uv,P,UV,P_UV,manual,1999_uv/run1685.root,good,,0,0,201991.561,374225.538,0.5397588899985761
1686,1999_uv,P,UV,P_UV,manual,1999_uv/run1686.root,good,,0,0,140531.676,374225.538,0.3755266857282199
1687,1999_uv,P,UV,P_UV,manual,1999_uv/run1687.root,good,,0,0,412090.412,374225.538,1.1011819615581662
1689,1999_uv,P,UV,P_UV,manual,1999_uv/run1689.root,good,,0,0,192318.367,374225.538,0.5139103227102582
1692,1999_uv,P,UV,P_UV,manual,1999_uv/run1692.root,good,,0,0,334345.556,374225.538,0.8934332963668556
1693,1999_uv,P,UV,P_UV,manual,1999_uv/run1693.root,good,,0,0,311709.587,374225.538,0.8329457916364863
1694,1999_uv,P,UV,P_UV,manual,1999_uv/run1694.root,good,,0,0,290870.175,374225.538,0.7772590202008073
1695,1999_uv,P,UV,P_UV,manual,1999_uv/run1695.root,good,,0,0,283154.96499999997,374225.538,0.7566425490715708
1696,1999_uv,P,UV,P_UV,manual,1999_uv/run1696.root,good,,0,0,62792.333,374225.538,0.1677927522947405
1697,1999_uv,P,UV,P_UV,manual,1999_uv/run1697.root,good,,0,0,426654.218,374225.538,1.1400991505822886
1698,1999_uv,P,UV,P_UV,manual,1999_uv/run1698.root,good,,0,0,355039.331,374225.538,0.9487308987448099
1699,1999_uv,P,UV,P_UV,manual,1999_uv/run1699.root,good,,0,0,353082.648,374225.538,0.9435022790988679
1700,1999_uv,P,UV,P_UV,manual,1999_uv/run1700.root,good,,0,0,346892.316,374225.538,0.9269605646207929
1702,1999_uv,P,UV,P_UV,manual,1999_uv/run1702.root,good,,0,0,284006.448,374225.538,0.7589178694694
1703,1999_uv,P,UV,P_UV,manual,1999_uv/run1703.root,good,,0,0,287315.08,374225.538,0.7677591474262241
1704,1999_uv,P,UV,P_UV,manual,1999_uv/run1704.root,good,,0,0,130779.942,374225.538,0.3494682450025631
1707,1999_uv,P,UV,P_UV,manual,1999_uv/run1707.root,good,,0,0,242800.86800000002,374225.538,0.6488089222815147
1708,1999_uv,P,UV,P_UV,manual,1999_uv/run1708.root,good,,0,0,259310.43899999998,374225.538,0.692925556031935
1709,1999_uv,P,UV,P_UV,manual,1999_uv/run1709.root,good,,0,0,211410.839,374225.538,0.5649289466717261
1710,1999_uv,P,UV,P_UV,manual,1999_uv/run1710.root,good,,0,0,251530.304,374225.538,0.6721355932688913
1712,1999_uv,P,UV,P_UV,manual,1999_uv/run1712.root,good,,0,0,291114.076,374225.538,0.7779107688797017
1713,1999_uv,P,UV,P_UV,manual,1999_uv/run1713.root,good,,0,0,402872.31,374225.538,1.076549484444859
1714,1999_uv,P,UV,P_UV,manual,1999_uv/run1714.root,good,,0,0,370561.88,374225.538,0.990210026767334
1715,1999_uv,P,UV,P_UV,manual,1999_uv/run1715.root,good,,0,0,189044.994,374225.538,0.5051632633366673
1716,1999_uv,P,UV,P_UV,manual,1999_uv/run1716.root,good,,0,0,195056.619,374225.538,0.5212274395875142
1717,1999_uv,P,UV,P_UV,manual,1999_uv/run1717.root,good,,0,0,18426.182,374225.538,0.04923817358504272
1718,1999_uv,P,UV,P_UV,manual,1999_uv/run1718.root,good,,0,0,247020.171,374225.538,0.6600836819426258
1719,1999_uv,P,UV,P_UV,manual,1999_uv/run1719.root,good,,0,0,247229.052,374225.538,0.6606418506905855
1721,1999_uv,P,UV,P_UV,manual,1999_uv/run1721.root,good,,0,0,392519.456,374225.538,1.048884739661995
1722,1999_uv,P,UV,P_UV,manual,1999_uv/run1722.root,good,,0,0,378601.06200000003,374225.538,1.0116922111285735
1723,1999_uv,P,UV,P_UV,manual,1999_uv/run1723.root,good,,0,0,0.0,374225.538,0.0
1724,1999_uv,P,UV,P_UV,manual,1999_uv/run1724.root,good,,0,0,332286.146,374225.538,0.8879301711365299
1725,1999_uv,P,UV,P_UV,manual,1999_uv/run1725.root,good,,0,0,325181.235,374225.538,0.8689445320538225
1726,1999_uv,P,UV,P_UV,manual,1999_uv/run1726.root,good,,0,0,305162.292,374225.538,0.8154502058595477
1727,1999_uv,P,UV,P_UV,manual,1999_uv/run1727.root,good,,0,0,287430.78500000003,374225.538,0.7680683326320719
1728,1999_uv,P,UV,P_UV,manual,1999_uv/run1728.root,good,,0,0,263736.157,374225.538,0.7047518948319342
1730,1999_uv,P,UV,P_UV,manual,1999_uv/run1730.root,good,,0,0,589824.221,374225.538,1.5761196420539316
1735,1999_uv,P,UV,P_UV,manual,1999_uv/run1735.root,good,,0,0,260132.633,374225.538,0.6951226107930667
1738,1999_uv,P,UV,P_UV,manual,1999_uv/run1738.root,good,,0,0,633106.671,374225.538,1.6917783708283425
1740,1999_uv,P,UV,P_UV,manual,1999_uv/run1740.root,good,,0,0,595565.497,374225.538,1.5914613956677643
1741,1999_uv,P,UV,P_UV,manual,1999_uv/run1741.root,good,,0,0,550614.729,374225.538,1.47134461197568
1742,1999_uv,P,UV,P_UV,manual,1999_uv/run1742.root,good,,0,0,509417.308,374225.538,1.3612574671480597
1743,1999_uv,P,UV,P_UV,manual,1999_uv/run1743.root,good,,0,0,480530.93200000003,374225.538,1.2840677164047527
1744,1999_uv,P,UV,P_UV,manual,1999_uv/run1744.root,good,,0,0,459112.282,374225.538,1.226833113671681
1745,1999_uv,P,UV,P_UV,manual,1999_uv/run1745.root,good,,0,0,205383.181,374225.538,0.5488219272731729
1746,1999_uv,P,UV,P_UV,manual,1999_uv/run1746.root,good,,0,0,570898.304,374225.538,1.5255460839233266
1747,1999_uv,P,UV,P_UV,manual,1999_uv/run1747.root,good,,0,0,543611.184,374225.538,1.4526298416330956
1748,1999_uv,P,UV,P_UV,manual,1999_uv/run1748.root,good,,0,0,507832.14300000004,374225.538,1.3570216124587415
1749,1999_uv,P,UV,P_UV,manual,1999_uv/run1749.root,good,,0,0,463452.457,374225.538,1.23843086572034
1750,1999_uv,P,UV,P_UV,manual,1999_uv/run1750.root,good,,0,0,299496.305,374225.538,0.8003096384084829
1751,1999_uv,P,UV,P_UV,manual,1999_uv/run1751.root,good,,0,0,429153.18200000003,374225.538,1.1467768455716671
1752,1999_uv,P,UV,P_UV,manual,1999_uv/run1752.root,good,,0,0,374225.538,374225.538,1.0
1753,1999_uv,P,UV,P_UV,manual,1999_uv/run1753.root,good,,0,0,362619.39,374225.538,0.968986221351895
1754,1999_uv,P,UV,P_UV,manual,1999_uv/run1754.root,good,,0,0,528045.448,374225.538,1.4110353099418884
1755,1999_uv,P,UV,P_UV,manual,1999_uv/run1755.root,good,,0,0,492879.37899999996,374225.538,1.3170650555655021
1756,1999_uv,P,UV,P_UV,manual,1999_uv/run1756.root,good,,0,0,459809.689,374225.538,1.2286967144396224
1757,1999_uv,P,UV,P_UV,manual,1999_uv/run1757.root,good,,0,0,427267.54099999997,374225.538,1.1417380633173142
1758,1999_uv,P,UV,P_UV,manual,1999_uv/run1758.root,good,,0,0,396027.31,374225.538,1.0582583757284891
1759,1999_uv,P,UV,P_UV,manual,1999_uv/run1759.root,good,,0,0,377292.411,374225.538,1.0081952530989482
1768,1999_uv,P,UV,P_UV,manual,1999_uv/run1768.root,good,,0,0,479936.639,374225.538,1.2824796553569255
1769,1999_uv,P,UV,P_UV,manual,1999_uv/run1769.root,good,,0,0,450622.553,374225.538,1.2041469842178436
1770,1999_uv,P,UV,P_UV,manual,1999_uv/run1770.root,good,,0,0,417948.863,374225.538,1.11683682849031
1771,1999_uv,P,UV,P_UV,manual,1999_uv/run1771.root,good,,0,0,413179.93200000003,374225.538,1.104093360940001
1772,1999_uv,P,UV,P_UV,manual,1999_uv/run1772.root,good,,0,0,383004.761,374225.538,1.0234597110793653
1773,1999_uv,P,UV,P_UV,manual,1999_uv/run1773.root,good,,0,0,360967.804,374225.538,0.9645728774394868
1774,1999_uv,P,UV,P_UV,manual,1999_uv/run1774.root,good,,0,0,303240.167,374225.538,0.8103139315949089
1775,1999_uv,P,UV,P_UV,manual,1999_uv/run1775.root,good,,0,0,312983.206,374225.538,0.836349137668953
1776,1999_uv,P,UV,P_UV,manual,1999_uv/run1776.root,good,,0,0,151844.27300000002,374225.538,0.40575604169483487
1777,1999_uv,P,UV,P_UV,manual,1999_uv/run1777.root,good,,0,0,226844.21,374225.538,0.606169774549165
1782,1999_uv,P,UV,P_UV,manual,1999_uv/run1782.root,good,,0,0,421250.602,374225.538,1.125659687073521
1783,1999_uv,P,UV,P_UV,manual,1999_uv/run1783.root,good,,0,0,405614.399,374225.538,1.0838768544973005
1784,1999_uv,P,UV,P_UV,manual,1999_uv/run1784.root,good,,0,0,362795.129,374225.538,0.9694558285330063
1785,1999_uv,P,UV,P_UV,manual,1999_uv/run1785.root,good,,0,0,340928.887,374225.538,0.9110251770150438
1786,1999_uv,P,UV,P_UV,manual,1999_uv/run1786.root,good,,0,0,325609.057,374225.538,0.8700877517343565
1787,1999_uv,P,UV,P_UV,manual,1999_uv/run1787.root,good,,0,0,309693.302,374225.538,0.8275579043993518
1788,1999_uv,P,UV,P_UV,manual,1999_uv/run1788.root,good,,0,0,112876.284,374225.538,0.30162635239500946
1789,1999_uv,P,UV,P_UV,manual,1999_uv/run1789.root,good,,0,0,426816.667,374225.538,1.1405332444201068
1790,1999_uv,P,UV,P_UV,manual,1999_uv/run1790.root,good,,0,0,412940.753,374225.538,1.1034542303203263
1791,1999_uv,P,UV,P_UV,manual,1999_uv/run1791.root,good,,0,0,382887.953,374225.538,1.023147578453077
1792,1999_uv,P,UV,P_UV,manual,1999_uv/run1792.root,good,,0,0,367794.917,374225.538,0.9828161887765127
1793,1999_uv,P,UV,P_UV,manual,1999_uv/run1793.root,good,,0,0,349002.189,374225.538,0.9325985363404034
1794,1999_uv,P,UV,P_UV,manual,1999_uv/run1794.root,good,,0,0,326133.313,374225.538,0.8714886609368707
1795,1999_uv,P,UV,P_UV,manual,1999_uv/run1795.root,good,,0,0,300017.145,374225.538,0.8017014194258437
1797,1999_uv,P,UV,P_UV,manual,1999_uv/run1797.root,good,,0,0,862446.024,374225.538,2.304615629946666
1798,1999_uv,P,UV,P_UV,manual,1999_uv/run1798.root,good,,0,0,660250.809,374225.538,1.7643125387129512
1799,1999_uv,P,UV,P_UV,manual,1999_uv/run1799.root,good,,0,0,570384.7119999999,374225.538,1.5241736709053777
1801,1999_uv,P,UV,P_UV,manual,1999_uv/run1801.root,good,,0,0,1218643.21,374225.538,3.256440531859159
1802,1999_uv,P,UV,P_UV,manual,1999_uv/run1802.root,good,,0,0,332840.735,374225.538,0.8894121357372462
1803,1999_uv,P,UV,P_UV,manual,1999_uv/run1803.root,good,,0,0,314565.728,374225.538,0.840577929772393
1804,1999_uv,P,UV,P_UV,manual,1999_uv/run1804.root,good,,0,0,504627.623,374225.538,1.34845854106301
1805,1999_uv,P,UV,P_UV,manual,1999_uv/run1805.root,good,,0,0,260378.56399999998,374225.538,0.6957797840082202
1808,1999_uv,P,UV,P_UV,manual,1999_uv/run1808.root,good,,0,0,328081.672,374225.538,0.8766950373119646
1809,1999_uv,P,UV,P_UV,manual,1999_uv/run1809.root,good,,0,0,569842.83,374225.538,1.5227256617638958
1810,1999_uv,P,UV,P_UV,manual,1999_uv/run1810.root,good,,0,0,518415.819,374225.538,1.3853031564083156
1812,1999_uv,P,UV,P_UV,manual,1999_uv/run1812.root,good,,0,0,447247.985,374225.538,1.195129513047824
1813,1999_uv,P,UV,P_UV,manual,1999_uv/run1813.root,good,,0,0,388613.54,374225.538,1.0384474081509638
1814,1999_uv,P,UV,P_UV,manual,1999_uv/run1814.root,good,,0,0,353192.523,374225.538,0.9437958854641288
1815,1999_uv,P,UV,P_UV,manual,1999_uv/run1815.root,good,,0,0,294450.507,374225.538,0.7868263309170525
1817,1999_uv,P,UV,P_UV,manual,1999_uv/run1817.root,good,,0,0,393549.915,374225.538,1.051638317104911
1818,1999_uv,P,UV,P_UV,manual,1999_uv/run1818.root,good,,0,0,604214.91,374225.538,1.6145742303669293
1820,1999_uv,P,UV,P_UV,manual,1999_uv/run1820.root,good,,0,0,428470.457,374225.538,1.1449524778290252
1821,1999_uv,P,UV,P_UV,manual,1999_uv/run1821.root,good,,0,0,237192.701,374225.538,0.6338228605873498
1822,1999_uv,P,UV,P_UV,manual,1999_uv/run1822.root,good,,0,0,216470.20299999998,374225.538,0.5784485050296059
1823,1999_uv,P,UV,P_UV,manual,1999_uv/run1823.root,good,,0,0,191520.43,374225.538,0.5117780871491459
1824,1999_uv,P,UV,P_UV,manual,1999_uv/run1824.root,good,,0,0,309511.50800000003,374225.538,0.8270721171359503
1826,1999_uv,P,UV,P_UV,manual,1999_uv/run1826.root,good,,0,0,842896.365,374225.538,2.25237531758188
1827,1999_uv,P,UV,P_UV,manual,1999_uv/run1827.root,good,,0,0,476543.10599999997,374225.538,1.2734115061917552
1828,1999_uv,P,UV,P_UV,manual,1999_uv/run1828.root,good,,0,0,492537.071,374225.538,1.3161503451429335
1829,1999_uv,P,UV,P_UV,manual,1999_uv/run1829.root,good,,0,0,504490.596,374225.538,1.3480923795211432
1831,1999_uv,P,UV,P_UV,manual,1999_uv/run1831.root,good,,0,0,457113.805,374225.538,1.2214928127112479
1833,1999_uv,P,UV,P_UV,manual,1999_uv/run1833.root,good,,0,0,415763.716,374225.538,1.1109977106907118
1834,1999_uv,P,UV,P_UV,manual,1999_uv/run1834.root,good,,0,0,363310.096,374225.538,0.9708319158058102
1835,1999_uv,P,UV,P_UV,manual,1999_uv/run1835.root,good,,0,0,511674.706,374225.538,1.3672896530113345
1836,1999_uv,P,UV,P_UV,manual,1999_uv/run1836.root,good,,0,0,423192.636,374225.538,1.1308491618762802
1837,1999_uv,P,UV,P_UV,manual,1999_uv/run1837.root,good,,0,0,380406.098,374225.538,1.016515601882841
1838,1999_uv,P,UV,P_UV,manual,1999_uv/run1838.root,good,,0,0,372888.53,374225.538,0.9964272668104228
1839,1999_uv,P,UV,P_UV,manual,1999_uv/run1839.root,good,,0,0,190796.153,374225.538,0.5098426847608674
1841,1999_uv,P,UV,P_UV,manual,1999_uv/run1841.root,good,,0,0,288748.187,374225.538,0.7715886749556894
1842,1999_uv,P,UV,P_UV,manual,1999_uv/run1842.root,good,,0,0,133911.449,374225.538,0.3578362121293817
1843,1999_uv,P,UV,P_UV,manual,1999_uv/run1843.root,good,,0,0,319764.429,374225.538,0.8544698224202967
1844,1999_uv,P,UV,P_UV,manual,1999_uv/run1844.root,good,,0,0,235576.033,374225.538,0.6295028240429705
1845,1999_uv,P,UV,P_UV,manual,1999_uv/run1845.root,good,,0,0,284167.772,374225.538,0.7593489570987002
1846,1999_uv,P,UV,P_UV,manual,1999_uv/run1846.root,good,,0,0,296822.99199999997,374225.538,0.793166050575629
1847,1999_uv,P,UV,P_UV,manual,1999_uv/run1847.root,good,,0,0,340110.366,374225.538,0.9088379371907002
1848,1999_uv,P,UV,P_UV,manual,1999_uv/run1848.root,good,,0,0,301340.542,374225.538,0.8052377815006309
1849,1999_uv,P,UV,P_UV,manual,1999_uv/run1849.root,good,,0,0,284754.504,374225.538,0.7609168137531009
1850,1999_uv,P,UV,P_UV,manual,1999_uv/run1850.root,good,,0,0,266731.044,374225.538,0.7127547879963232
1851,1999_uv,P,UV,P_UV,manual,1999_uv/run1851.root,good,,0,0,1653870.2179999999,374225.538,4.419447766282588
1852,1999_uv,P,UV,P_UV,manual,1999_uv/run1852.root,good,,0,0,1317971.89,374225.538,3.521865175326436
1854,1999_uv,P,UV,P_UV,manual,1999_uv/run1854.root,good,,0,0,1097104.767,374225.538,2.931667285090522
1855,1999_uv,P,UV,P_UV,manual,1999_uv/run1855.root,good,,0,0,951799.316,374225.538,2.5433841877461605
1856,1999_uv,P,UV,P_UV,manual,1999_uv/run1856.root,good,,0,0,825155.194,374225.538,2.204967620355188
1857,1999_uv,P,UV,P_UV,manual,1999_uv/run1857.root,review,negative_net_flux,0,3,755931.016,374225.538,2.0199877860820923
1859,1999_uv,P,UV,P_UV,manual,1999_uv/run1859.root,good,,0,0,202023.69100000002,374225.538,0.5398447473138512
1860,1999_uv,P,UV,P_UV,manual,1999_uv/run1860.root,good,,0,0,196372.476,374225.538,0.5247436533847671
1862,1999_uv,P,UV,P_UV,manual,1999_uv/run1862.root,good,,0,0,154527.899,374225.538,0.4129271877751967
1863,1999_uv,P,UV,P_UV,manual,1999_uv/run1863.root,good,,0,0,1386290.797,374225.538,3.7044259576961314
1864,1999_uv,P,UV,P_UV,manual,1999_uv/run1864.root,good,,0,0,988665.447,374225.538,2.641897322891951
1865,1999_uv,P,UV,P_UV,manual,1999_uv/run1865.root,good,,0,0,874821.052,374225.538,2.3376839984661872
1866,1999_uv,P,UV,P_UV,manual,1999_uv/run1866.root,good,,0,0,766112.279,374225.538,2.0471940079086743
1869,1999_uv,P,UV,P_UV,manual,1999_uv/run1869.root,good,,0,0,784810.417,374225.538,2.0971588983325877
1870,1999_uv,P,UV,P_UV,manual,1999_uv/run1870.root,good,,0,0,719099.811,374225.538,1.9215679796818141
1872,1999_uv,P,UV,P_UV,manual,1999_uv/run1872.root,good,,0,0,2660245.7860000003,374225.538,7.1086698150461345
1873,1999_uv,P,UV,P_UV,manual,1999_uv/run1873.root,good,,0,0,962566.734,374225.538,2.572156724376197
1874,1999_uv,P,UV,P_UV,manual,1999_uv/run1874.root,good,,0,0,1495478.624,374225.538,3.996196069333996
1875,1999_uv,P,UV,P_UV,manual,1999_uv/run1875.root,good,,0,0,1244552.34,374225.538,3.3256745294598256
1882,1999_uv,P,UV,P_UV,manual,1999_uv/run1882.root,good,,0,0,268381.295,374225.538,0.7171645645412901
1883,1999_uv,P,UV,P_UV,manual,1999_uv/run1883.root,good,,0,0,189778.61,374225.538,0.5071236212639234
1884,1999_uv,P,UV,P_UV,manual,1999_uv/run1884.root,good,,0,0,360598.246,374225.538,0.9635853499661479
1885,1999_uv,P,UV,P_UV,manual,1999_uv/run1885.root,good,,0,0,335837.163,374225.538,0.8974191467392586
1886,1999_uv,P,UV,P_UV,manual,1999_uv/run1886.root,good,,0,0,313576.532,374225.538,0.8379346147135475
1888,1999_uv,P,UV,P_UV,manual,1999_uv/run1888.root,good,,0,0,0.0,374225.538,0.0
1890,1999_uv,P,UV,P_UV,manual,1999_uv/run1890.root,good,,0,0,364739.069,374225.538,0.9746503965210414
1891,1999_uv,P,UV,P_UV,manual,1999_uv/run1891.root,good,,0,0,323793.597,374225.538,0.8652365061200072
1892,1999_uv,P,UV,P_UV,manual,1999_uv/run1892.root,good,,0,0,300165.039,374225.538,0.802096619605902
1893,1999_uv,P,UV,P_UV,manual,1999_uv/run1893.root,good,,0,0,291639.515,374225.538,0.7793148392774841
1894,1999_uv,P,UV,P_UV,manual,1999_uv/run1894.root,good,,0,0,278416.596,374225.538,0.7439807488499088
1895,1999_uv,P,UV,P_UV,manual,1999_uv/run1895.root,good,,0,0,275213.889,374225.538,0.7354225221262158
1896,1999_uv,P,UV,P_UV,manual,1999_uv/run1896.root,good,,0,0,255528.964,374225.538,0.6828207539379635
1897,1999_uv,P,UV,P_UV,manual,1999_uv/run1897.root,good,,0,0,216163.95200000002,374225.538,0.5776301455941791
1898,1999_uv,P,UV,P_UV,manual,1999_uv/run1898.root,good,,0,0,363622.098,374225.538,0.9716656429791811
1899,1999_uv,P,UV,P_UV,manual,1999_uv/run1899.root,good,,0,0,343502.84400000004,374225.538,0.9179032672003268
1900,1999_uv,P,UV,P_UV,manual,1999_uv/run1900.root,good,,0,0,312093.749,374225.538,0.8339723437046672
1901,1999_uv,P,UV,P_UV,manual,1999_uv/run1901.root,good,,0,0,316285.96,374225.538,0.8451747085202935
1902,1999_uv,P,UV,P_UV,manual,1999_uv/run1902.root,good,,0,0,314844.854,374225.538,0.8413238061802185
1903,1999_uv,P,UV,P_UV,manual,1999_uv/run1903.root,good,,0,0,276984.13899999997,374225.538,0.7401529582409204
1904,1999_uv,P,UV,P_UV,manual,1999_uv/run1904.root,good,,0,0,256034.518,374225.538,0.6841716879300739
1905,1999_uv,P,UV,P_UV,manual,1999_uv/run1905.root,good,,0,0,238589.163,374225.538,0.637554465884688
1906,1999_uv,P,UV,P_UV,manual,1999_uv/run1906.root,good,,0,0,364893.466,374225.538,0.9750629739224265
1907,1999_uv,P,UV,P_UV,manual,1999_uv/run1907.root,good,,0,0,328915.1,374225.538,0.878922111403311
1908,1999_uv,P,UV,P_UV,manual,1999_uv/run1908.root,good,,0,0,331386.288,374225.538,0.8855255837724255
1909,1999_uv,P,UV,P_UV,manual,1999_uv/run1909.root,good,,0,0,305831.801,374225.538,0.8172392580006124
1910,1999_uv,P,UV,P_UV,manual,1999_uv/run1910.root,good,,0,0,294842.643,374225.538,0.7878741909912091
1911,1999_uv,P,UV,P_UV,manual,1999_uv/run1911.root,good,,0,0,270020.569,374225.538,0.721545008507677
1912,1999_uv,P,UV,P_UV,manual,1999_uv/run1912.root,good,,0,0,256525.487,374225.538,0.6854836480988639
1913,1999_uv,P,UV,P_UV,manual,1999_uv/run1913.root,good,,0,0,130458.226,374225.538,0.3486085602207084
1914,1999_uv,P,UV,P_UV,manual,1999_uv/run1914.root,good,,0,0,359275.25,374225.538,0.960050059437686
1915,1999_uv,P,UV,P_UV,manual,1999_uv/run1915.root,good,,0,0,330960.10000000003,374225.538,0.8843867304427525
1916,1999_uv,P,UV,P_UV,manual,1999_uv/run1916.root,good,,0,0,323265.83999999997,374225.538,0.8638262415965849
1917,1999_uv,P,UV,P_UV,manual,1999_uv/run1917.root,good,,0,0,307610.53500000003,374225.538,0.8219923649358212
1918,1999_uv,P,UV,P_UV,manual,1999_uv/run1918.root,good,,0,0,291434.163,374225.538,0.7787661006716222
1919,1999_uv,P,UV,P_UV,manual,1999_uv/run1919.root,good,,0,0,264099.305,374225.538,0.7057222935971836
1920,1999_uv,P,UV,P_UV,manual,1999_uv/run1920.root,good,,0,0,244442.89599999998,374225.538,0.6531967254463537
1921,1999_uv,P,UV,P_UV,manual,1999_uv/run1921.root,good,,0,0,124744.663,374225.538,0.33334086087946246
1922,1999_uv,P,UV,P_UV,manual,1999_uv/run1922.root,good,,0,0,355005.219,374225.538,0.9486397451581725
1923,1999_uv,P,UV,P_UV,manual,1999_uv/run1923.root,good,,0,0,163747.30299999999,374225.538,0.4375631440738285
1925,1999_uv,P,UV,P_UV,manual,1999_uv/run1925.root,good,,0,0,3009653.228,374225.538,8.042351262515922
1926,1999_uv,P,UV,P_UV,manual,1999_uv/run1926.root,good,,0,0,899617.75,374225.538,2.4039453715742938
1927,1999_uv,P,UV,P_UV,manual,1999_uv/run1927.root,good,,0,0,1223166.794,374225.538,3.268528386750559
1928,1999_uv,P,UV,P_UV,manual,1999_uv/run1928.root,good,,0,0,1079096.738,374225.538,2.88354649382587
1930,1999_uv,P,UV,P_UV,manual,1999_uv/run1930.root,good,,0,0,1099462.977,374225.538,2.9379688593032363
1931,1999_uv,P,UV,P_UV,manual,1999_uv/run1931.root,good,,0,0,1023996.135,374225.538,2.7363074697483634
1932,1999_uv,P,UV,P_UV,manual,1999_uv/run1932.root,good,,0,0,693681.596,374225.538,1.8536457979519292
1935,1999_uv,P,UV,P_UV,manual,1999_uv/run1935.root,good,,0,0,1125305.74,374225.538,3.0070255119788216
1936,1999_uv,P,UV,P_UV,manual,1999_uv/run1936.root,good,,0,0,650631.556,374225.538,1.738608111774563
1937,1999_uv,P,UV,P_UV,manual,1999_uv/run1937.root,good,,0,0,629382.746,374225.538,1.6818273530012269
1938,1999_uv,P,UV,P_UV,manual,1999_uv/run1938.root,good,,0,0,1072971.075,374225.538,2.867177586902153
1939,1999_uv,P,UV,P_UV,manual,1999_uv/run1939.root,good,,0,0,966161.649,374225.538,2.5817630035713917
1940,1999_uv,P,UV,P_UV,manual,1999_uv/run1940.root,good,,0,0,581065.686,374225.538,1.5527152131450739
1942,1999_uv,P,UV,P_UV,manual,1999_uv/run1942.root,review,negative_net_flux,0,5,328173.767,374225.538,0.8769411322217139
1943,1999_uv,P,UV,P_UV,manual,1999_uv/run1943.root,review,negative_net_flux,0,1,193266.721,374225.538,0.5164445003750653
1944,1999_uv,P,UV,P_UV,manual,1999_uv/run1944.root,good,,0,0,283859.35000000003,374225.538,0.7585247963488799
1945,1999_uv,P,UV,P_UV,manual,1999_uv/run1945.root,good,,0,0,553760.645,374225.538,1.4797510826211973
1946,1999_uv,P,UV,P_UV,manual,1999_uv/run1946.root,good,,0,0,181146.052,374225.538,0.48405582624882215
1947,1999_uv,P,UV,P_UV,manual,1999_uv/run1947.root,good,,0,0,306181.727,374225.538,0.8181743251311727
1948,1999_uv,P,UV,P_UV,manual,1999_uv/run1948.root,good,,0,0,442671.93,374225.538,1.1829014459189582
1949,1999_uv,P,UV,P_UV,manual,1999_uv/run1949.root,good,,0,0,265829.95,374225.538,0.7103468978111269
1950,1999_uv,P,UV,P_UV,manual,1999_uv/run1950.root,good,,0,0,280723.83999999997,374225.538,0.7501461324641077
1951,1999_uv,P,UV,P_UV,manual,1999_uv/run1951.root,good,,0,0,180076.672,374225.538,0.48119824467992345
1952,1999_uv,P,UV,P_UV,manual,1999_uv/run1952.root,good,,0,0,2530524.95,374225.538,6.76203169758019
1953,1999_uv,P,UV,P_UV,manual,1999_uv/run1953.root,good,,0,0,1164905.214,374225.538,3.1128426462439878
1954,1999_uv,P,UV,P_UV,manual,1999_uv/run1954.root,good,,0,0,866975.8030000001,374225.538,2.3167200390263054
1955,1999_uv,P,UV,P_UV,manual,1999_uv/run1955.root,good,,0,0,744889.685,374225.538,1.9904833031464573
1956,1999_uv,P,UV,P_UV,manual,1999_uv/run1956.root,good,,0,0,241091.038,374225.538,0.6442399396056182
1957,1999_uv,P,UV,P_UV,manual,1999_uv/run1957.root,good,,0,0,916944.156,374225.538,2.4502447398445586
1959,1999_uv,P,UV,P_UV,manual,1999_uv/run1959.root,good,,0,0,800078.334,374225.538,2.137957602455234
1960,1999_uv,P,UV,P_UV,manual,1999_uv/run1960.root,good,,0,0,637628.632,374225.538,1.7038618887629202
1961,1999_uv,P,UV,P_UV,manual,1999_uv/run1961.root,good,,0,0,583094.572,374225.538,1.5581367725897959
1962,1999_uv,P,UV,P_UV,manual,1999_uv/run1962.root,good,,0,0,193662.544,374225.538,0.517502212796605
1964,1999_vis,P,VIS,P_VIS,manual,1999_vis/run1964.root,good,,0,0,221016.584,441816.788,0.5002448752581127
1965,1999_vis,P,VIS,P_VIS,manual,1999_vis/run1965.root,good,,0,0,286107.51,441816.788,0.6475704811832547
1970,1999_vis,P,VIS,P_VIS,manual,1999_vis/run1970.root,bad,brem_period_outlier;negative_net_flux,0,18,655058458.5,441816.788,1482.647278898782
1973,1999_vis,P,VIS,P_VIS,manual,1999_vis/run1973.root,review,negative_net_flux,0,1,372118.25,441816.788,0.8422456097345038
1974,1999_vis,P,VIS,P_VIS,manual,1999_vis/run1974.root,good,,0,0,354611.626,441816.788,0.802621438640308
1975,1999_vis,P,VIS,P_VIS,manual,1999_vis/run1975.root,good,,0,0,201718.711,441816.788,0.4565664240897972
1976,1999_vis,P,VIS,P_VIS,manual,1999_vis/run1976.root,good,,0,0,438824.81,441816.788,0.9932280119695225
1978,1999_vis,P,VIS,P_VIS,manual,1999_vis/run1978.root,good,,0,0,367189.67600000004,441816.788,0.8310903659007182
1979,1999_vis,P,VIS,P_VIS,manual,1999_vis/run1979.root,review,negative_net_flux,0,1,361941.686,441816.788,0.8192121617614947
1983,1999_vis,P,VIS,P_VIS,manual,1999_vis/run1983.root,review,negative_net_flux,0,3,141659.711,441816.788,0.3206299870162471
1988,1999_vis,P,VIS,P_VIS,manual,1999_vis/run1988.root,good,,0,0,493803.243,441816.788,1.1176651870458123
1990,1999_vis,P,VIS,P_VIS,manual,1999_vis/run1990.root,good,,0,0,2810193.864,441816.788,6.360541157163996
1992,1999_vis,P,VIS,P_VIS,manual,1999_vis/run1992.root,review,negative_net_flux,0,1,1436378.912,441816.788,3.251073637337656
1993,1999_vis,P,VIS,P_VIS,manual,1999_vis/run1993.root,good,,0,0,1112109.653,441816.788,2.517128554653292
1995,1999_vis,P,VIS,P_VIS,manual,1999_vis/run1995.root,good,,0,0,463129.502,441816.788,1.048238805266947
1996,1999_vis,P,VIS,P_VIS,manual,1999_vis/run1996.root,good,,0,0,719648.072,441816.788,1.6288382233225598
1997,1999_vis,P,VIS,P_VIS,manual,1999_vis/run1997.root,review,negative_net_flux,0,1,400174.251,441816.788,0.9057470468958277
1999,1999_vis,P,VIS,P_VIS,manual,1999_vis/run1999.root,good,,0,0,1049672.659,441816.788,2.3758098096534983
2000,1999_vis,P,VIS,P_VIS,manual,1999_vis/run2000.root,good,,0,0,799403.826,441816.788,1.80935593149077
2001,1999_vis,P,VIS,P_VIS,manual,1999_vis/run2001.root,review,negative_net_flux,0,2,358810.017,441816.788,0.8121239996883052
2002,1999_vis,P,VIS,P_VIS,manual,1999_vis/run2002.root,good,,0,0,1088843.7280000001,441816.788,2.464468887497322
2010,1999_vis,P,VIS,P_VIS,manual,1999_vis/run2010.root,good,,0,0,603749.452,441816.788,1.366515416340404
2011,1999_vis,P,VIS,P_VIS,manual,1999_vis/run2011.root,good,,0,0,557184.544,441816.788,1.2611212591586718
2012,1999_vis,P,VIS,P_VIS,manual,1999_vis/run2012.root,good,,0,0,499434.831,441816.788,1.130411619849991
2014,1999_vis,P,VIS,P_VIS,manual,1999_vis/run2014.root,good,,0,0,446360.372,441816.788,1.0102838645416072
2015,1999_vis,P,VIS,P_VIS,manual,1999_vis/run2015.root,good,,0,0,399592.768,441816.788,0.9044309289578195
2017,1999_vis,P,VIS,P_VIS,manual,1999_vis/run2017.root,good,,0,0,364417.151,441816.788,0.8248150837582026
2018,1999_vis,P,VIS,P_VIS,manual,1999_vis/run2018.root,good,,0,0,503391.15,441816.788,1.1393662795810287
2021,1999_vis,P,VIS,P_VIS,manual,1999_vis/run2021.root,review,negative_net_flux,0,4,129129.63399999999,441816.788,0.29226964096257924
2022,1999_vis,P,VIS,P_VIS,manual,1999_vis/run2022.root,good,,0,0,1295841.209,441816.788,2.9329831826127895
2023,1999_vis,P,VIS,P_VIS,manual,1999_vis/run2023.root,good,,0,0,654163.725,441816.788,1.4806221555347507
2025,1999_vis,P,VIS,P_VIS,manual,1999_vis/run2025.root,good,,0,0,452497.263,441816.788,1.0241739908715284
2026,1999_vis,P,VIS,P_VIS,manual,1999_vis/run2026.root,good,,0,0,422225.635,441816.788,0.9556577442684229
2028,1999_vis,P,VIS,P_VIS,manual,1999_vis/run2028.root,good,,0,0,364691.30199999997,441816.788,0.825435592094341
2029,1999_vis,P,VIS,P_VIS,manual,1999_vis/run2029.root,good,,0,0,519881.27499999997,441816.788,1.176689725515817
2032,1999_vis,P,VIS,P_VIS,manual,1999_vis/run2032.root,good,,0,0,405884.029,441816.788,0.9186704535093401
2034,1999_vis,P,VIS,P_VIS,manual,1999_vis/run2034.root,good,,0,0,490804.202,441816.788,1.1108772127509106
2037,1999_vis,P,VIS,P_VIS,manual,1999_vis/run2037.root,good,,0,0,1340162.567,441816.788,3.033299329947598
2039,1999_vis,P,VIS,P_VIS,manual,1999_vis/run2039.root,good,,0,0,750343.182,441816.788,1.6983129713033902
2040,1999_vis,P,VIS,P_VIS,manual,1999_vis/run2040.root,good,,0,0,648980.966,441816.788,1.4688915940423704
2041,1999_vis,P,VIS,P_VIS,manual,1999_vis/run2041.root,good,,0,0,563879.727,441816.788,1.2762750133433136
2042,1999_vis,P,VIS,P_VIS,manual,1999_vis/run2042.root,good,,0,0,731558.273,441816.788,1.6557955534274538
2043,1999_vis,P,VIS,P_VIS,manual,1999_vis/run2043.root,good,,0,0,619239.255,441816.788,1.4015747518403487
2047,1999_vis,P,VIS,P_VIS,manual,1999_vis/run2047.root,review,negative_net_flux,0,1,441241.955,441816.788,0.9986989335498044
2048,1999_vis,P,VIS,P_VIS,manual,1999_vis/run2048.root,review,negative_net_flux,0,1,405360.311,441816.788,0.9174850798109555
2049,1999_vis,P,VIS,P_VIS,manual,1999_vis/run2049.root,good,,0,0,389808.78099999996,441816.788,0.8822860325533849
2050,1999_vis,P,VIS,P_VIS,manual,1999_vis/run2050.root,good,,0,0,519183.961,441816.788,1.1751114378206924
2051,1999_vis,P,VIS,P_VIS,manual,1999_vis/run2051.root,good,,0,0,699040.998,441816.788,1.5821965506661553
2052,1999_vis,P,VIS,P_VIS,manual,1999_vis/run2052.root,good,,0,0,426136.619,441816.788,0.9645097935934476
2054,1999_vis,P,VIS,P_VIS,manual,1999_vis/run2054.root,good,,0,0,558932.3,441816.788,1.265077097975734
2055,1999_vis,P,VIS,P_VIS,manual,1999_vis/run2055.root,review,negative_net_flux,0,1,336570.64400000003,441816.788,0.7617878114672275
2057,1999_vis,P,VIS,P_VIS,manual,1999_vis/run2057.root,good,,0,0,453322.286,441816.788,1.0260413327707232
2058,1999_vis,P,VIS,P_VIS,manual,1999_vis/run2058.root,review,negative_net_flux,0,1,435122.547,441816.788,0.9848483779208499
2059,1999_vis,P,VIS,P_VIS,manual,1999_vis/run2059.root,good,,0,0,407811.996,441816.788,0.923034178592598
2061,1999_vis,P,VIS,P_VIS,manual,1999_vis/run2061.root,good,,0,0,528894.3759999999,441816.788,1.1970898127121414
2063,1999_vis,P,VIS,P_VIS,manual,1999_vis/run2063.root,good,,0,0,302269.647,441816.788,0.6841515651053078
2064,1999_vis,P,VIS,P_VIS,manual,1999_vis/run2064.root,good,,0,0,442391.621,441816.788,1.0013010664501956
2066,1999_vis,P,VIS,P_VIS,manual,1999_vis/run2066.root,good,,0,0,559032.203,441816.788,1.265303216590312
2067,1999_vis,P,VIS,P_VIS,manual,1999_vis/run2067.root,good,,0,0,346883.439,441816.788,0.7851296021825228
2070,1999_vis,P,VIS,P_VIS,manual,1999_vis/run2070.root,good,,0,0,431195.777,441816.788,0.9759605988534777
2071,1999_vis,P,VIS,P_VIS,manual,1999_vis/run2071.root,good,,0,0,130403.914,441816.788,0.29515382290090797
2072,1999_vis,P,VIS,P_VIS,manual,1999_vis/run2072.root,good,,0,0,583704.372,441816.788,1.3211457505774995
2074,1999_vis,P,VIS,P_VIS,manual,1999_vis/run2074.root,good,,0,0,335308.212,441816.788,0.7589304460744031
2075,1999_vis,P,VIS,P_VIS,manual,1999_vis/run2075.root,good,,0,0,302753.983,441816.788,0.685247802308499
2076,1999_vis,P,VIS,P_VIS,manual,1999_vis/run2076.root,good,,0,0,414109.625,441816.788,0.9372881163583128
2077,1999_vis,P,VIS,P_VIS,manual,1999_vis/run2077.root,review,negative_net_flux,0,1,131036.539,441816.788,0.2965856947020311
2080,1999_vis,P,VIS,P_VIS,manual,1999_vis/run2080.root,good,,0,0,180040.982,441816.788,0.4075014505786502
2081,1999_vis,P,VIS,P_VIS,manual,1999_vis/run2081.root,good,,0,0,157573.358,441816.788,0.3566486432380655
2083,1999_vis,P,VIS,P_VIS,manual,1999_vis/run2083.root,good,,0,0,153095.686,441816.788,0.3465139627061885
2085,1999_vis,P,VIS,P_VIS,manual,1999_vis/run2085.root,good,,0,0,119171.056,441816.788,0.2697295784966867
2087,1999_vis,P,VIS,P_VIS,manual,1999_vis/run2087.root,good,,0,0,939739.37,441816.788,2.1269888232495138
2088,1999_vis,P,VIS,P_VIS,manual,1999_vis/run2088.root,good,,0,0,818669.889,441816.788,1.8529623844895635
2089,1999_vis,P,VIS,P_VIS,manual,1999_vis/run2089.root,good,,0,0,554594.742,441816.788,1.2552595488969966
2090,1999_vis,P,VIS,P_VIS,manual,1999_vis/run2090.root,review,negative_net_flux,0,1,540012.155,441816.788,1.222253589422229
2091,1999_vis,P,VIS,P_VIS,manual,1999_vis/run2091.root,good,,0,0,391674.625,441816.788,0.8865091495798932
2092,1999_vis,P,VIS,P_VIS,manual,1999_vis/run2092.root,review,negative_net_flux,0,1,272503.549,441816.788,0.616779525815574
2096,1999_vis,P,VIS,P_VIS,manual,1999_vis/run2096.root,good,,0,0,588065.4280000001,441816.788,1.3310164845976837
2097,1999_vis,P,VIS,P_VIS,manual,1999_vis/run2097.root,good,,0,0,398332.164,441816.788,0.9015777010266074
2098,1999_vis,P,VIS,P_VIS,manual,1999_vis/run2098.root,good,,0,0,498526.504,441816.788,1.1283557292078272
2099,1999_vis,P,VIS,P_VIS,manual,1999_vis/run2099.root,good,,0,0,683376.177,441816.788,1.5467410826407981
2101,1999_vis,P,VIS,P_VIS,manual,1999_vis/run2101.root,good,,0,0,544199.5,441816.788,1.2317311491567857
2103,1999_vis,P,VIS,P_VIS,manual,1999_vis/run2103.root,good,,0,0,492700.884,441816.788,1.1151701279400004
2110,1999_vis,P,VIS,P_VIS,manual,1999_vis/run2110.root,good,,0,0,513543.81200000003,441816.788,1.162345628206414
2112,1999_vis,P,VIS,P_VIS,manual,1999_vis/run2112.root,good,,0,0,438559.02999999997,441816.788,0.9926264504009747
2114,1999_vis,P,VIS,P_VIS,manual,1999_vis/run2114.root,good,,0,0,396576.252,441816.788,0.8976034020690041
2115,1999_vis,P,VIS,P_VIS,manual,1999_vis/run2115.root,review,negative_net_flux,0,1,384017.187,441816.788,0.869177445108763
2116,1999_vis,P,VIS,P_VIS,manual,1999_vis/run2116.root,good,,0,0,199160.998,441816.788,0.4507773434811173
2121,1999_vis,P,VIS,P_VIS,manual,1999_vis/run2121.root,review,negative_net_flux,0,1,395051.45,441816.788,0.8941521932389768
2122,1999_vis,P,VIS,P_VIS,manual,1999_vis/run2122.root,good,,0,0,366688.785,441816.788,0.8299566584147091
2123,1999_vis,P,VIS,P_VIS,manual,1999_vis/run2123.root,review,negative_net_flux,0,1,336334.3,441816.788,0.7612528748002214
2125,1999_vis,P,VIS,P_VIS,manual,1999_vis/run2125.root,good,,0,0,459794.071,441816.788,1.0406894520268886
2126,1999_vis,P,VIS,P_VIS,manual,1999_vis/run2126.root,good,,0,0,616498.036,441816.788,1.3953703271230153
2128,1999_vis,P,VIS,P_VIS,manual,1999_vis/run2128.root,good,,0,0,554768.8740000001,441816.788,1.2556536760662884
2132,1999_vis,P,VIS,P_VIS,manual,1999_vis/run2132.root,review,negative_net_flux,0,1,148567.04,441816.788,0.3362639085593099
2133,1999_vis,P,VIS,P_VIS,manual,1999_vis/run2133.root,good,,0,0,651225.317,441816.788,1.473971416857976
2135,1999_vis,P,VIS,P_VIS,manual,1999_vis/run2135.root,good,,0,0,684358.621,441816.788,1.5489647283389332
2136,1999_vis,P,VIS,P_VIS,manual,1999_vis/run2136.root,good,,0,0,557964.65,441816.788,1.2628869367453734
2139,1999_vis,P,VIS,P_VIS,manual,1999_vis/run2139.root,good,,0,0,730881.482,441816.788,1.6542637171134384
2141,1999_vis,P,VIS,P_VIS,manual,1999_vis/run2141.root,good,,0,0,594690.198,441816.788,1.3460108672918965
2142,1999_vis,P,VIS,P_VIS,manual,1999_vis/run2142.root,review,negative_net_flux,0,3,138560.205,441816.788,0.31361462208629337
2143,1999_vis,P,VIS,P_VIS,manual,1999_vis/run2143.root,good,,0,0,798968.3049999999,441816.788,1.80837018126165
2146,1999_vis,P,VIS,P_VIS,manual,1999_vis/run2146.root,good,,0,0,411643.608,441816.788,0.931706578791207
2147,1999_vis,P,VIS,P_VIS,manual,1999_vis/run2147.root,good,,0,0,268998.627,441816.788,0.6088465497603499
2150,1999_vis,P,VIS,P_VIS,manual,1999_vis/run2150.root,good,,0,0,597049.412,441816.788,1.351350668911205
2151,1999_vis,P,VIS,P_VIS,manual,1999_vis/run2151.root,good,,0,0,389064.078,441816.788,0.8806004854663875
2152,1999_vis,P,VIS,P_VIS,manual,1999_vis/run2152.root,good,,0,0,366891.812,441816.788,0.830416185996083
2153,1999_vis,P,VIS,P_VIS,manual,1999_vis/run2153.root,good,,0,0,618727.612,441816.788,1.4004167084750976
2154,1999_vis,P,VIS,P_VIS,manual,1999_vis/run2154.root,good,,0,0,437798.88899999997,441816.788,0.9909059612284357
2155,1999_vis,P,VIS,P_VIS,manual,1999_vis/run2155.root,review,negative_net_flux,0,1,399598.822,441816.788,0.9044446314701831
2156,1999_vis,P,VIS,P_VIS,manual,1999_vis/run2156.root,good,,0,0,366278.618,441816.788,0.829028293963334
2159,1999_d1,D,VIS,D_VIS,manual,1999_d1/run2159.root,good,,0,0,568840.174,207832.99800000002,2.737006055217468
2160,1999_d1,D,VIS,D_VIS,manual,1999_d1/run2160.root,good,,0,0,424670.88399999996,207832.99800000002,2.0433275181836135
2161,1999_d1,D,VIS,D_VIS,manual,1999_d1/run2161.root,review,negative_net_flux,0,3,183903.097,207832.99800000002,0.8848599537596046
2162,1999_d1,D,VIS,D_VIS,manual,1999_d1/run2162.root,good,,0,0,267856.514,207832.99800000002,1.2888064772082053
2164,1999_d1,D,VIS,D_VIS,manual,1999_d1/run2164.root,good,,0,0,252339.104,207832.99800000002,1.2141435981210258
2165,1999_d1,D,VIS,D_VIS,manual,1999_d1/run2165.root,good,,0,0,389350.174,207832.99800000002,1.8733799625023932
2166,1999_d1,D,VIS,D_VIS,manual,1999_d1/run2166.root,review,negative_net_flux,0,1,167650.074,207832.99800000002,0.8066576319127148
2167,1999_d1,D,VIS,D_VIS,manual,1999_d1/run2167.root,good,,0,0,288556.462,207832.99800000002,1.3884054253983287
2168,1999_d1,D,VIS,D_VIS,manual,1999_d1/run2168.root,good,,0,0,239314.563,207832.99800000002,1.1514752965263002
2169,1999_d1,D,VIS,D_VIS,manual,1999_d1/run2169.root,review,negative_net_flux,0,1,113363.033,207832.99800000002,0.545452522414174
2170,1999_d1,D,VIS,D_VIS,manual,1999_d1/run2170.root,good,,0,0,189593.523,207832.99800000002,0.9122397541510707
2171,1999_d1,D,VIS,D_VIS,manual,1999_d1/run2171.root,review,negative_net_flux,0,1,88457.445,207832.99800000002,0.4256179040442846
2172,1999_d1,D,VIS,D_VIS,manual,1999_d1/run2172.root,good,,0,0,359428.488,207832.99800000002,1.7294101103232893
2173,1999_d1,D,VIS,D_VIS,manual,1999_d1/run2173.root,good,,0,0,170941.638,207832.99800000002,0.8224951747075312
2175,1999_d1,D,VIS,D_VIS,manual,1999_d1/run2175.root,good,,0,0,131685.613,207832.99800000002,0.633612632581088
2176,1999_d1,D,VIS,D_VIS,manual,1999_d1/run2176.root,good,,0,0,241169.622,207832.99800000002,1.1604010158194416
2177,1999_d1,D,VIS,D_VIS,manual,1999_d1/run2177.root,good,,0,0,207832.99800000002,207832.99800000002,1.0
2178,1999_d1,D,VIS,D_VIS,manual,1999_d1/run2178.root,good,,0,0,182156.901,207832.99800000002,0.8764580348304459
2180,1999_d1,D,VIS,D_VIS,manual,1999_d1/run2180.root,review,negative_net_flux,0,1,166458.35199999998,207832.99800000002,0.8009235953955683
2181,1999_d1,D,VIS,D_VIS,manual,1999_d1/run2181.root,review,negative_net_flux,0,1,89748.29,207832.99800000002,0.43182887637505946
2184,1999_d1,D,VIS,D_VIS,manual,1999_d1/run2184.root,good,,0,0,346830.45,207832.99800000002,1.6687939515745231
2185,1999_d1,D,VIS,D_VIS,manual,1999_d1/run2185.root,review,negative_net_flux,0,1,307163.752,207832.99800000002,1.4779354335253343
2186,1999_d1,D,VIS,D_VIS,manual,1999_d1/run2186.root,good,,0,0,194148.356,207832.99800000002,0.9341555858228056
2188,1999_d1,D,VIS,D_VIS,manual,1999_d1/run2188.root,good,,0,0,205243.20500000002,207832.99800000002,0.9875390673044133
2189,1999_d1,D,VIS,D_VIS,manual,1999_d1/run2189.root,good,,0,0,174177.526,207832.99800000002,0.8380648293395643
2190,1999_d1,D,VIS,D_VIS,manual,1999_d1/run2190.root,good,,0,0,95509.754,207832.99800000002,0.45955048004455956
2191,1999_d1,D,VIS,D_VIS,manual,1999_d1/run2191.root,good,,0,0,339201.223,207832.99800000002,1.6320855026110914
2192,1999_d1,D,VIS,D_VIS,manual,1999_d1/run2192.root,good,,0,0,304054.326,207832.99800000002,1.4629742578221383
2193,1999_d1,D,VIS,D_VIS,manual,1999_d1/run2193.root,good,,0,0,269666.022,207832.99800000002,1.297513025337776
2194,1999_d1,D,VIS,D_VIS,manual,1999_d1/run2194.root,review,negative_net_flux,0,1,128263.53,207832.99800000002,0.6171470903768611
2195,1999_d1,D,VIS,D_VIS,manual,1999_d1/run2195.root,good,,0,0,221868.752,207832.99800000002,1.0675338090441249
2196,1999_d1,D,VIS,D_VIS,manual,1999_d1/run2196.root,good,,0,0,197746.658,207832.99800000002,0.9514690155217795
2197,1999_d1,D,VIS,D_VIS,manual,1999_d1/run2197.root,good,,0,0,180571.628,207832.99800000002,0.8688304058434454
2198,1999_d1,D,VIS,D_VIS,manual,1999_d1/run2198.root,good,,0,0,151194.77800000002,207832.99800000002,0.7274820623046587
2200,1999_d1,D,VIS,D_VIS,manual,1999_d1/run2200.root,good,,0,0,332172.331,207832.99800000002,1.5982655988054408
2201,1999_d1,D,VIS,D_VIS,manual,1999_d1/run2201.root,good,,0,0,297285.154,207832.99800000002,1.4304040112051886
2203,1999_d1,D,VIS,D_VIS,manual,1999_d1/run2203.root,good,,0,0,258034.638,207832.99800000002,1.241547975937873
2204,1999_d1,D,VIS,D_VIS,manual,1999_d1/run2204.root,good,,0,0,234328.774,207832.99800000002,1.1274858961520633
2205,1999_d1,D,VIS,D_VIS,manual,1999_d1/run2205.root,good,,0,0,203779.621,207832.99800000002,0.980496951691954
2206,1999_d1,D,VIS,D_VIS,manual,1999_d1/run2206.root,good,,0,0,189265.791,207832.99800000002,0.9106628534512117
2207,1999_d1,D,VIS,D_VIS,manual,1999_d1/run2207.root,review,negative_net_flux,0,2,89972.661,207832.99800000002,0.4329084498891749
2208,1999_d1,D,VIS,D_VIS,manual,1999_d1/run2208.root,good,,0,0,331096.136,207832.99800000002,1.5930874268579813
2209,1999_d1,D,VIS,D_VIS,manual,1999_d1/run2209.root,good,,0,0,297193.45399999997,207832.99800000002,1.4299627915678719
2210,1999_d1,D,VIS,D_VIS,manual,1999_d1/run2210.root,good,,0,0,274346.837,207832.99800000002,1.3200350263917184
2212,1999_d1,D,VIS,D_VIS,manual,1999_d1/run2212.root,good,,0,0,229375.495,207832.99800000002,1.1036529194464104
2213,1999_d1,D,VIS,D_VIS,manual,1999_d1/run2213.root,good,,0,0,194984.294,207832.99800000002,0.9381777478858289
2214,1999_d1,D,VIS,D_VIS,manual,1999_d1/run2214.root,good,,0,0,179499.989,207832.99800000002,0.8636741553427429
2217,1999_d1,D,VIS,D_VIS,manual,1999_d1/run2217.root,good,,0,0,330044.67,207832.99800000002,1.588028239865933
2218,1999_d1,D,VIS,D_VIS,manual,1999_d1/run2218.root,good,,0,0,294809.081,207832.99800000002,1.4184902485985404
2219,1999_d1,D,VIS,D_VIS,manual,1999_d1/run2219.root,good,,0,0,269398.035,207832.99800000002,1.2962235910199398
2220,1999_d1,D,VIS,D_VIS,manual,1999_d1/run2220.root,good,,0,0,241796.83299999998,207832.99800000002,1.1634188763422446
2221,1999_d1,D,VIS,D_VIS,manual,1999_d1/run2221.root,good,,0,0,209968.808,207832.99800000002,1.0102765683050965
2222,1999_d1,D,VIS,D_VIS,manual,1999_d1/run2222.root,good,,0,0,200992.02,207832.99800000002,0.9670842548304094
2223,1999_d1,D,VIS,D_VIS,manual,1999_d1/run2223.root,good,,0,0,169137.124,207832.99800000002,0.8138126554860167
2224,1999_d1,D,VIS,D_VIS,manual,1999_d1/run2224.root,review,negative_net_flux,0,3,80525.042,207832.99800000002,0.3874507069373074
2225,1999_d1,D,VIS,D_VIS,manual,1999_d1/run2225.root,good,,0,0,168578.873,207832.99800000002,0.8111265998289645
2227,1999_d1,D,VIS,D_VIS,manual,1999_d1/run2227.root,good,,0,0,279119.097,207832.99800000002,1.3429970201363306
2228,1999_d1,D,VIS,D_VIS,manual,1999_d1/run2228.root,good,,0,0,256952.48500000002,207832.99800000002,1.2363411367428765
2229,1999_d1,D,VIS,D_VIS,manual,1999_d1/run2229.root,good,,0,0,226585.145,207832.99800000002,1.0902269956188573
2230,1999_d1,D,VIS,D_VIS,manual,1999_d1/run2230.root,good,,0,0,198265.207,207832.99800000002,0.953964042803251
2232,1999_d1,D,VIS,D_VIS,manual,1999_d1/run2232.root,good,,0,0,179535.559,207832.99800000002,0.8638453023710893
2233,1999_d1,D,VIS,D_VIS,manual,1999_d1/run2233.root,review,negative_net_flux,0,2,83774.858,207832.99800000002,0.4030873769140355
2234,1999_d1,D,VIS,D_VIS,manual,1999_d1/run2234.root,good,,0,0,74143.439,207832.99800000002,0.35674527006534346
2236,1999_d1,D,VIS,D_VIS,manual,1999_d1/run2236.root,good,,0,0,279139.83999999997,207832.99800000002,1.343096826231607
2237,1999_d1,D,VIS,D_VIS,manual,1999_d1/run2237.root,good,,0,0,250930.1,207832.99800000002,1.2073640972065465
2238,1999_d1,D,VIS,D_VIS,manual,1999_d1/run2238.root,review,negative_net_flux,0,2,225470.017,207832.99800000002,1.0848614953819795
2239,1999_d1,D,VIS,D_VIS,manual,1999_d1/run2239.root,good,,0,0,195067.151,207832.99800000002,0.9385764189380552
2240,1999_d1,D,VIS,D_VIS,manual,1999_d1/run2240.root,review,negative_net_flux,0,1,180479.385,207832.99800000002,0.8683865735315043
2241,1999_d1,D,VIS,D_VIS,manual,1999_d1/run2241.root,good,,0,0,176419.26499999998,207832.99800000002,0.8488510809048714
2242,1999_d2,D,VIS,D_VIS,manual,1999_d2/run2242.root,good,,0,0,433679.84500000003,388541.06299999997,1.116175061784911
2243,1999_d2,D,VIS,D_VIS,manual,1999_d2/run2243.root,review,negative_net_flux,0,1,387554.475,388541.06299999997,0.997460788333716
2244,1999_d2,D,VIS,D_VIS,manual,1999_d2/run2244.root,review,negative_net_flux,0,1,366376.714,388541.06299999997,0.9429549380730449
2245,1999_d2,D,VIS,D_VIS,manual,1999_d2/run2245.root,good,,0,0,449493.881,388541.06299999997,1.1568761292033631
2247,1999_d2,D,VIS,D_VIS,manual,1999_d2/run2247.root,good,,0,0,438370.859,388541.06299999997,1.128248467781641
2248,1999_d2,D,VIS,D_VIS,manual,1999_d2/run2248.root,good,,0,0,414759.017,388541.06299999997,1.0674779489137292
2249,1999_d2,D,VIS,D_VIS,manual,1999_d2/run2249.root,review,negative_net_flux,0,1,362067.35500000004,388541.06299999997,0.9318638092056697
2250,1999_d2,D,VIS,D_VIS,manual,1999_d2/run2250.root,review,negative_net_flux,0,1,331782.194,388541.06299999997,0.8539179654223575
2251,1999_d2,D,VIS,D_VIS,manual,1999_d2/run2251.root,good,,0,0,405087.873,388541.06299999997,1.0425870302413829
2252,1999_d2,D,VIS,D_VIS,manual,1999_d2/run2252.root,good,,0,0,412001.03599999996,388541.06299999997,1.0603796489844883
2253,1999_d2,D,VIS,D_VIS,manual,1999_d2/run2253.root,good,,0,0,392628.1,388541.06299999997,1.010518931946197
2254,1999_d2,D,VIS,D_VIS,manual,1999_d2/run2254.root,review,negative_net_flux,0,1,390057.38,388541.06299999997,1.0039025913716617
2255,1999_d2,D,VIS,D_VIS,manual,1999_d2/run2255.root,good,,0,0,310912.626,388541.06299999997,0.80020532089809
2256,1999_d2,D,VIS,D_VIS,manual,1999_d2/run2256.root,good,,0,0,342690.686,388541.06299999997,0.8819934844312711
2257,1999_d2,D,VIS,D_VIS,manual,1999_d2/run2257.root,good,,0,0,318139.336,388541.06299999997,0.8188049251309122
2259,1999_d2,D,VIS,D_VIS,manual,1999_d2/run2259.root,good,,0,0,428811.009,388541.06299999997,1.1036439898760457
2260,1999_d2,D,VIS,D_VIS,manual,1999_d2/run2260.root,good,,0,0,531712.552,388541.06299999997,1.3684848337381526
2263,1999_d2,D,VIS,D_VIS,manual,1999_d2/run2263.root,review,negative_net_flux,0,3,352584.125,388541.06299999997,0.9074565305340714
2264,1999_d2,D,VIS,D_VIS,manual,1999_d2/run2264.root,review,negative_net_flux,0,1,335905.067,388541.06299999997,0.8645291295761962
2265,1999_d2,D,VIS,D_VIS,manual,1999_d2/run2265.root,good,,0,0,552824.591,388541.06299999997,1.4228215332802547
2266,1999_d2,D,VIS,D_VIS,manual,1999_d2/run2266.root,good,,0,0,536058.197,388541.06299999997,1.379669352991913
2267,1999_d2,D,VIS,D_VIS,manual,1999_d2/run2267.root,good,,0,0,457715.145,388541.06299999997,1.1780354474399533
2268,1999_d2,D,VIS,D_VIS,manual,1999_d2/run2268.root,review,negative_net_flux,0,1,417471.255,388541.06299999997,1.0744585186868654
2269,1999_d2,D,VIS,D_VIS,manual,1999_d2/run2269.root,review,negative_net_flux,0,3,146361.066,388541.06299999997,0.3766939454736603
2270,1999_d2,D,VIS,D_VIS,manual,1999_d2/run2270.root,review,negative_net_flux,0,1,446726.949,388541.06299999997,1.1497547918120563
2272,1999_d2,D,VIS,D_VIS,manual,1999_d2/run2272.root,review,negative_net_flux,0,2,516870.538,388541.06299999997,1.3302854890269347
2273,1999_d2,D,VIS,D_VIS,manual,1999_d2/run2273.root,review,negative_net_flux,0,1,534335.765,388541.06299999997,1.3752362771499393
2274,1999_d2,D,VIS,D_VIS,manual,1999_d2/run2274.root,good,,0,0,368556.337,388541.06299999997,0.9485647003544643
2275,1999_d2,D,VIS,D_VIS,manual,1999_d2/run2275.root,review,negative_net_flux,0,2,142209.252,388541.06299999997,0.366008294984255
2276,1999_d2,D,VIS,D_VIS,manual,1999_d2/run2276.root,good,,0,0,556377.7999999999,388541.06299999997,1.4319665357995892
2277,1999_d2,D,VIS,D_VIS,manual,1999_d2/run2277.root,good,,0,0,519512.473,388541.06299999997,1.3370851178218968
2278,1999_d2,D,VIS,D_VIS,manual,1999_d2/run2278.root,good,,0,0,471325.503,388541.06299999997,1.2130648414888392
2279,1999_d2,D,VIS,D_VIS,manual,1999_d2/run2279.root,review,negative_net_flux,0,4,113601.594,388541.06299999997,0.29237989190347174
2280,1999_d2,D,VIS,D_VIS,manual,1999_d2/run2280.root,good,,0,0,590048.936,388541.06299999997,1.5186269668490613
2281,1999_d2,D,VIS,D_VIS,manual,1999_d2/run2281.root,review,negative_net_flux,0,1,268926.997,388541.06299999997,0.6921456252874874
2282,1999_d2,D,VIS,D_VIS,manual,1999_d2/run2282.root,good,,0,0,596405.993,388541.06299999997,1.5349883185963282
2283,1999_d2,D,VIS,D_VIS,manual,1999_d2/run2283.root,good,,0,0,548524.71,388541.06299999997,1.4117547982309402
2284,1999_d2,D,VIS,D_VIS,manual,1999_d2/run2284.root,review,negative_net_flux,0,2,245044.239,388541.06299999997,0.6306778416365223
2285,1999_d2,D,VIS,D_VIS,manual,1999_d2/run2285.root,review,negative_net_flux,0,1,447556.834,388541.06299999997,1.151890692181485
2287,1999_d2,D,VIS,D_VIS,manual,1999_d2/run2287.root,good,,0,0,444788.855,388541.06299999997,1.1447666600943027
2288,1999_d2,D,VIS,D_VIS,manual,1999_d2/run2288.root,review,negative_net_flux,0,2,143360.53,388541.06299999997,0.36897137433321947
2290,1999_d2,D,VIS,D_VIS,manual,1999_d2/run2290.root,review,negative_net_flux,0,1,148733.138,388541.06299999997,0.38279901962382806
2291,1999_d2,D,VIS,D_VIS,manual,1999_d2/run2291.root,good,,0,0,434036.75800000003,388541.06299999997,1.117093659673238
2292,1999_d2,D,VIS,D_VIS,manual,1999_d2/run2292.root,good,,0,0,410344.037,388541.06299999997,1.056114980052958
2294,1999_d2,D,VIS,D_VIS,manual,1999_d2/run2294.root,review,negative_net_flux,0,1,240400.582,388541.06299999997,0.6187263197969889
2295,1999_d2,D,VIS,D_VIS,manual,1999_d2/run2295.root,good,,0,0,615724.5310000001,388541.06299999997,1.5847090298406892
2296,1999_d2,D,VIS,D_VIS,manual,1999_d2/run2296.root,good,,0,0,564687.759,388541.06299999997,1.4533541310664506
2297,1999_d2,D,VIS,D_VIS,manual,1999_d2/run2297.root,review,negative_net_flux,0,1,224610.431,388541.06299999997,0.5780867259324918
2298,1999_d2,D,VIS,D_VIS,manual,1999_d2/run2298.root,good,,0,0,609548.061,388541.06299999997,1.5688124603705016
2299,1999_d2,D,VIS,D_VIS,manual,1999_d2/run2299.root,review,negative_net_flux,0,1,537763.492,388541.06299999997,1.3840583228136174
2300,1999_d2,D,VIS,D_VIS,manual,1999_d2/run2300.root,good,,0,0,482472.248,388541.06299999997,1.2417535595201685
2301,1999_d2,D,VIS,D_VIS,manual,1999_d2/run2301.root,review,negative_net_flux,0,2,439646.54699999996,388541.06299999997,1.131531744947123
2302,1999_d2,D,VIS,D_VIS,manual,1999_d2/run2302.root,review,negative_net_flux,0,2,105638.259,388541.06299999997,0.27188441341140823
2303,1999_d2,D,VIS,D_VIS,manual,1999_d2/run2303.root,review,negative_net_flux,0,1,1157286.085,388541.06299999997,2.9785425408176227
2305,1999_d2,D,VIS,D_VIS,manual,1999_d2/run2305.root,review,negative_net_flux,0,7,107499.504,388541.06299999997,0.27667475651087103
2306,1999_d2,D,VIS,D_VIS,manual,1999_d2/run2306.root,review,negative_net_flux,0,1,286203.238,388541.06299999997,0.7366100143706047
2307,1999_d2,D,VIS,D_VIS,manual,1999_d2/run2307.root,good,,0,0,373677.854,388541.06299999997,0.9617461050699808
2308,1999_d2,D,VIS,D_VIS,manual,1999_d2/run2308.root,review,negative_net_flux,0,1,470438.9,388541.06299999997,1.210782964270626
2309,1999_d2,D,VIS,D_VIS,manual,1999_d2/run2309.root,good,,0,0,317972.597,388541.06299999997,0.8183757838743547
2310,1999_d2,D,VIS,D_VIS,manual,1999_d2/run2310.root,good,,0,0,449678.565,388541.06299999997,1.157351456054466
2311,1999_d2,D,VIS,D_VIS,manual,1999_d2/run2311.root,review,negative_net_flux,0,1,420504.037,388541.06299999997,1.0822640823423084
2313,1999_d2,D,VIS,D_VIS,manual,1999_d2/run2313.root,review,negative_net_flux,0,1,481679.346,388541.06299999997,1.2397128434273113
2315,1999_d2,D,VIS,D_VIS,manual,1999_d2/run2315.root,good,,0,0,414382.544,388541.06299999997,1.0665090088560345
2316,1999_d2,D,VIS,D_VIS,manual,1999_d2/run2316.root,good,,0,0,145938.582,388541.06299999997,0.37560658550007625
2317,1999_d2,D,VIS,D_VIS,manual,1999_d2/run2317.root,good,,0,0,528568.695,388541.06299999997,1.3603933929629466
2318,1999_d2,D,VIS,D_VIS,manual,1999_d2/run2318.root,review,negative_net_flux,0,1,469239.416,388541.06299999997,1.2076958156672364
2319,1999_d2,D,VIS,D_VIS,manual,1999_d2/run2319.root,review,negative_net_flux,0,1,324194.424,388541.06299999997,0.8343890900406581
2320,1999_d2,D,VIS,D_VIS,manual,1999_d2/run2320.root,review,negative_net_flux,0,3,398947.071,388541.06299999997,1.0267822605921064
2321,1999_d2,D,VIS,D_VIS,manual,1999_d2/run2321.root,good,,0,0,371990.588,388541.06299999997,0.9574035370361872
2322,1999_d2,D,VIS,D_VIS,manual,1999_d2/run2322.root,good,,0,0,332320.64900000003,388541.06299999997,0.8553038035004297
2338,1999_d2,D,VIS,D_VIS,manual,1999_d2/run2338.root,review,negative_net_flux,0,1,221196.511,388541.06299999997,0.5693002157663836
2339,1999_d2,D,VIS,D_VIS,manual,1999_d2/run2339.root,review,negative_net_flux,0,1,196409.304,388541.06299999997,0.5055046241019833
2340,1999_d2,D,VIS,D_VIS,manual,1999_d2/run2340.root,good,,0,0,436306.597,388541.06299999997,1.12293561362908
2341,1999_d2,D,VIS,D_VIS,manual,1999_d2/run2341.root,good,,0,0,401252.412,388541.06299999997,1.03271558712959
2342,1999_d2,D,VIS,D_VIS,manual,1999_d2/run2342.root,review,negative_net_flux,0,1,354805.024,388541.06299999997,0.9131725261172717
2343,1999_d2,D,VIS,D_VIS,manual,1999_d2/run2343.root,good,,0,0,434863.498,388541.06299999997,1.1192214656601176
2344,1999_d2,D,VIS,D_VIS,manual,1999_d2/run2344.root,review,negative_net_flux,0,2,98351.313,388541.06299999997,0.2531297779457612
2345,1999_d2,D,VIS,D_VIS,manual,1999_d2/run2345.root,good,,0,0,292599.794,388541.06299999997,0.7530730259004825
2346,1999_d2,D,VIS,D_VIS,manual,1999_d2/run2346.root,good,,0,0,272462.063,388541.06299999997,0.7012439326136297
2347,1999_d2,D,VIS,D_VIS,manual,1999_d2/run2347.root,good,,0,0,251926.838,388541.06299999997,0.6483917968793945
2348,1999_d2,D,VIS,D_VIS,manual,1999_d2/run2348.root,good,,0,0,228745.462,388541.06299999997,0.5887291815022394
2349,1999_d2,D,VIS,D_VIS,manual,1999_d2/run2349.root,good,,0,0,192028.525,388541.06299999997,0.4942296793994204
2350,1999_d2,D,VIS,D_VIS,manual,1999_d2/run2350.root,review,negative_net_flux,0,3,93007.818,388541.06299999997,0.23937706167237208
2351,1999_d2,D,VIS,D_VIS,manual,1999_d2/run2351.root,good,,0,0,433586.665,388541.06299999997,1.1159352415731667
2352,1999_d2,D,VIS,D_VIS,manual,1999_d2/run2352.root,good,,0,0,256629.6,388541.06299999997,0.6604954390625117
2353,1999_d2,D,VIS,D_VIS,manual,1999_d2/run2353.root,good,,0,0,336465.584,388541.06299999997,0.8659717492974481
2355,1999_d2,D,VIS,D_VIS,manual,1999_d2/run2355.root,review,negative_net_flux,0,2,90094.513,388541.06299999997,0.23187899962069136
2356,1999_d2,D,VIS,D_VIS,manual,1999_d2/run2356.root,good,,0,0,141806.514,388541.06299999997,0.3649717558939195
2357,1999_d2,D,VIS,D_VIS,manual,1999_d2/run2357.root,review,negative_net_flux,0,1,292063.222,388541.06299999997,0.7516920341570179
2358,1999_d2,D,VIS,D_VIS,manual,1999_d2/run2358.root,good,,0,0,269887.532,388541.06299999997,0.6946177835520052
2359,1999_d2,D,VIS,D_VIS,manual,1999_d2/run2359.root,review,negative_net_flux,0,2,119542.41399999999,388541.06299999997,0.3076699617718398
2360,1999_d2,D,VIS,D_VIS,manual,1999_d2/run2360.root,review,negative_net_flux,0,2,106141.002,388541.06299999997,0.27317833842442546
2361,1999_d2,D,VIS,D_VIS,manual,1999_d2/run2361.root,good,,0,0,420180.871,388541.06299999997,1.0814323401385249
2363,1999_d2,D,VIS,D_VIS,manual,1999_d2/run2363.root,good,,0,0,388541.06299999997,388541.06299999997,1.0
2364,1999_d2,D,VIS,D_VIS,manual,1999_d2/run2364.root,good,,0,0,339560.211,388541.06299999997,0.8739364853181555
2366,1999_d2,D,VIS,D_VIS,manual,1999_d2/run2366.root,good,,0,0,403789.81799999997,388541.06299999997,1.039246186444906
2367,1999_d2,D,VIS,D_VIS,manual,1999_d2/run2367.root,good,,0,0,272776.409,388541.06299999997,0.7020529745140477
2388,2000_uv1,P,UV,P_UV,manual,2000_uv1/run2388.root,good,,0,0,2206006.592,800611.479,2.755402151809517
2389,2000_uv1,P,UV,P_UV,manual,2000_uv1/run2389.root,good,,0,0,996593.201,800611.479,1.2447900475331555
2390,2000_uv1,P,UV,P_UV,manual,2000_uv1/run2390.root,good,,0,0,2012319.208,800611.479,2.513477836357627
2391,2000_uv1,P,UV,P_UV,manual,2000_uv1/run2391.root,good,,0,0,1887777.765,800611.479,2.3579199330965372
2392,2000_uv1,P,UV,P_UV,manual,2000_uv1/run2392.root,good,,0,0,3313659.276,800611.479,4.138910523914684
2393,2000_uv1,P,UV,P_UV,manual,2000_uv1/run2393.root,good,,0,0,2055136.188,800611.479,2.5669581837209705
2395,2000_uv1,P,UV,P_UV,manual,2000_uv1/run2395.root,good,,0,0,2039365.598,800611.479,2.547260002501163
2396,2000_uv1,P,UV,P_UV,manual,2000_uv1/run2396.root,good,,0,0,977221.794,800611.479,1.2205942827856955
2397,2000_uv1,P,UV,P_UV,manual,2000_uv1/run2397.root,good,,0,0,1861559.16,800611.479,2.3251717079115224
2399,2000_uv1,P,UV,P_UV,manual,2000_uv1/run2399.root,good,,0,0,3340324.925,800611.479,4.172217127304016
2400,2000_uv1,P,UV,P_UV,manual,2000_uv1/run2400.root,good,,0,0,1047725.35,800611.479,1.3086564176030255
2401,2000_uv1,P,UV,P_UV,manual,2000_uv1/run2401.root,good,,0,0,2717614.2,800611.479,3.3944232268495864
2402,2000_uv1,P,UV,P_UV,manual,2000_uv1/run2402.root,good,,0,0,19966.854,800611.479,0.02493950502051195
2403,2000_uv1,P,UV,P_UV,manual,2000_uv1/run2403.root,good,,0,0,2154413.661,800611.479,2.690960244151083
2404,2000_uv1,P,UV,P_UV,manual,2000_uv1/run2404.root,good,,0,0,2135814.408,800611.479,2.6677289347234048
2406,2000_uv1,P,UV,P_UV,manual,2000_uv1/run2406.root,good,,0,0,2439675.542,800611.479,3.0472652541121006
2407,2000_uv1,P,UV,P_UV,manual,2000_uv1/run2407.root,good,,0,0,2511375.146,800611.479,3.136821307054979
2408,2000_uv1,P,UV,P_UV,manual,2000_uv1/run2408.root,good,,0,0,2373936.1289999997,800611.479,2.9651537496878677
2409,2000_uv1,P,UV,P_UV,manual,2000_uv1/run2409.root,good,,0,0,1502121.416,800611.479,1.876217685357469
2410,2000_uv1,P,UV,P_UV,manual,2000_uv1/run2410.root,good,,0,0,1379252.49,800611.479,1.7227488315840147
2413,2000_uv1,P,UV,P_UV,manual,2000_uv1/run2413.root,good,,0,0,1593056.593,800611.479,1.9897998402293704
2415,2000_uv1,P,UV,P_UV,manual,2000_uv1/run2415.root,good,,0,0,1373290.938,800611.479,1.7153025831147244
2418,2000_uv1,P,UV,P_UV,manual,2000_uv1/run2418.root,good,,0,0,1277426.801,800611.479,1.5955639339515388
2419,2000_uv1,P,UV,P_UV,manual,2000_uv1/run2419.root,good,,0,0,1701430.714,800611.479,2.1251640260331564
2421,2000_uv1,P,UV,P_UV,manual,2000_uv1/run2421.root,good,,0,0,1561232.953,800611.479,1.9500506724560713
2423,2000_uv1,P,UV,P_UV,manual,2000_uv1/run2423.root,good,,0,0,1413041.529,800611.479,1.7649528717286853
2424,2000_uv1,P,UV,P_UV,manual,2000_uv1/run2424.root,good,,0,0,783669.782,800611.479,0.9788390530933169
2425,2000_uv1,P,UV,P_UV,manual,2000_uv1/run2425.root,good,,0,0,1264139.612,800611.479,1.5789676330633775
2426,2000_uv1,P,UV,P_UV,manual,2000_uv1/run2426.root,good,,0,0,603315.692,800611.479,0.753568625762859
2427,2000_uv1,P,UV,P_UV,manual,2000_uv1/run2427.root,good,,0,0,1740182.192,800611.479,2.1735663772565017
2430,2000_uv1,P,UV,P_UV,manual,2000_uv1/run2430.root,good,,0,0,2188660.574,800611.479,2.733736189660603
2431,2000_uv1,P,UV,P_UV,manual,2000_uv1/run2431.root,good,,0,0,1335793.5529999998,800611.479,1.668466650851005
2432,2000_uv1,P,UV,P_UV,manual,2000_uv1/run2432.root,good,,0,0,1261529.722,800611.479,1.5757077622415654
2434,2000_uv1,P,UV,P_UV,manual,2000_uv1/run2434.root,good,,0,0,754564.598,800611.479,0.9424853599931958
2435,2000_uv1,P,UV,P_UV,manual,2000_uv1/run2435.root,good,,0,0,566363.686,800611.479,0.7074138965724222
2436,2000_uv1,P,UV,P_UV,manual,2000_uv1/run2436.root,good,,0,0,930691.071,800611.479,1.162475302205853
2437,2000_uv1,P,UV,P_UV,manual,2000_uv1/run2437.root,good,,0,0,1345038.427,800611.479,1.6800139172123958
2438,2000_uv1,P,UV,P_UV,manual,2000_uv1/run2438.root,good,,0,0,1034371.115,800611.479,1.2919763732240965
2439,2000_uv1,P,UV,P_UV,manual,2000_uv1/run2439.root,good,,0,0,1399853.1539999999,800611.479,1.7484799940021842
2441,2000_uv1,P,UV,P_UV,manual,2000_uv1/run2441.root,good,,0,0,1681759.818,800611.479,2.100594185959704
2442,2000_uv1,P,UV,P_UV,manual,2000_uv1/run2442.root,good,,0,0,1595592.6,800611.479,1.9929674278377414
2443,2000_uv1,P,UV,P_UV,manual,2000_uv1/run2443.root,good,,0,0,1505827.537,800611.479,1.880846798350739
2444,2000_uv1,P,UV,P_UV,manual,2000_uv1/run2444.root,good,,0,0,1552116.948,800611.479,1.9386643693126464
2446,2000_uv1,P,UV,P_UV,manual,2000_uv1/run2446.root,good,,0,0,1467523.872,800611.479,1.833003785847542
2447,2000_uv1,P,UV,P_UV,manual,2000_uv1/run2447.root,good,,0,0,2008504.286,800611.479,2.5087128259873475
2448,2000_uv1,P,UV,P_UV,manual,2000_uv1/run2448.root,good,,0,0,1259913.715,800611.479,1.573689296303482
2449,2000_uv1,P,UV,P_UV,manual,2000_uv1/run2449.root,good,,0,0,1207761.378,800611.479,1.50854866521343
2450,2000_uv1,P,UV,P_UV,manual,2000_uv1/run2450.root,good,,0,0,1106921.697,800611.479,1.3825953362329944
2451,2000_uv1,P,UV,P_UV,manual,2000_uv1/run2451.root,good,,0,0,1534476.247,800611.479,1.916630334749422
2452,2000_uv1,P,UV,P_UV,manual,2000_uv1/run2452.root,good,,0,0,1460552.773,800611.479,1.824296567449041
2453,2000_uv1,P,UV,P_UV,manual,2000_uv1/run2453.root,good,,0,0,1381906.068,800611.479,1.726063270696622
2454,2000_uv1,P,UV,P_UV,manual,2000_uv1/run2454.root,good,,0,0,1893089.949,800611.479,2.3645550915214892
2455,2000_uv1,P,UV,P_UV,manual,2000_uv1/run2455.root,good,,0,0,1174949.2410000002,800611.479,1.4675648199143545
2456,2000_uv1,P,UV,P_UV,manual,2000_uv1/run2456.root,good,,0,0,1657155.217,800611.479,2.069861924875049
2457,2000_uv1,P,UV,P_UV,manual,2000_uv1/run2457.root,good,,0,0,1354949.128,800611.479,1.6923928316546157
2459,2000_uv1,P,UV,P_UV,manual,2000_uv1/run2459.root,good,,0,0,2081146.209,800611.479,2.5994458780424257
2460,2000_uv1,P,UV,P_UV,manual,2000_uv1/run2460.root,good,,0,0,1792209.23,800611.479,2.2385505042202873
2461,2000_uv1,P,UV,P_UV,manual,2000_uv1/run2461.root,good,,0,0,1163498.79,800611.479,1.45326268798102
2462,2000_uv1,P,UV,P_UV,manual,2000_uv1/run2462.root,good,,0,0,1149415.398,800611.479,1.4356718934828063
2463,2000_uv1,P,UV,P_UV,manual,2000_uv1/run2463.root,good,,0,0,1069483.372,800611.479,1.3358331725843264
2464,2000_uv1,P,UV,P_UV,manual,2000_uv1/run2464.root,good,,0,0,541236.912,800611.479,0.6760294177595723
2465,2000_uv1,P,UV,P_UV,manual,2000_uv1/run2465.root,good,,0,0,1506296.4,800611.479,1.8814324294743217
2467,2000_uv1,P,UV,P_UV,manual,2000_uv1/run2467.root,good,,0,0,1377258.7689999999,800611.479,1.7202585837518323
2468,2000_uv1,P,UV,P_UV,manual,2000_uv1/run2468.root,good,,0,0,1864897.963,800611.479,2.329342024085568
2469,2000_uv1,P,UV,P_UV,manual,2000_uv1/run2469.root,good,,0,0,1664447.239,800611.479,2.0789699906363697
2470,2000_uv1,P,UV,P_UV,manual,2000_uv1/run2470.root,good,,0,0,1521665.214,800611.479,1.9006287742721708
2473,2000_uv1,P,UV,P_UV,manual,2000_uv1/run2473.root,good,,0,0,1390261.163,800611.479,1.7364991627855486
2474,2000_uv1,P,UV,P_UV,manual,2000_uv1/run2474.root,good,,0,0,1320165.969,800611.479,1.648947090602482
2475,2000_uv1,P,UV,P_UV,manual,2000_uv1/run2475.root,good,,0,0,1250660.535,800611.479,1.562131655371881
2476,2000_uv1,P,UV,P_UV,manual,2000_uv1/run2476.root,good,,0,0,1153629.99,800611.479,1.4409361097856555
2477,2000_uv1,P,UV,P_UV,manual,2000_uv1/run2477.root,good,,0,0,1495722.7489999998,800611.479,1.8682254604545832
2479,2000_uv1,P,UV,P_UV,manual,2000_uv1/run2479.root,good,,0,0,962347.721,800611.479,1.202015891905542
2480,2000_uv1,P,UV,P_UV,manual,2000_uv1/run2480.root,good,,0,0,912758.053,800611.479,1.1400761504694836
2481,2000_uv1,P,UV,P_UV,manual,2000_uv1/run2481.root,good,,0,0,440459.123,800611.479,0.5501533946904601
2482,2000_uv1,P,UV,P_UV,manual,2000_uv1/run2482.root,good,,0,0,815289.1140000001,800611.479,1.0183330309207321
2483,2000_uv1,P,UV,P_UV,manual,2000_uv1/run2483.root,good,,0,0,772655.563,800611.479,0.9650817946865834
2484,2000_uv1,P,UV,P_UV,manual,2000_uv1/run2484.root,good,,0,0,733719.522,800611.479,0.9164489159166802
2485,2000_uv1,P,UV,P_UV,manual,2000_uv1/run2485.root,good,,0,0,695008.983,800611.479,0.8680976993586174
2487,2000_uv1,P,UV,P_UV,manual,2000_uv1/run2487.root,good,,0,0,979763.061,800611.479,1.223768440372312
2488,2000_uv1,P,UV,P_UV,manual,2000_uv1/run2488.root,good,,0,0,932846.158,800611.479,1.1651671034809132
2489,2000_uv1,P,UV,P_UV,manual,2000_uv1/run2489.root,good,,0,0,879326.37,800611.479,1.0983184641548214
2490,2000_uv1,P,UV,P_UV,manual,2000_uv1/run2490.root,good,,0,0,824152.179,800611.479,1.0294034005475456
2491,2000_uv1,P,UV,P_UV,manual,2000_uv1/run2491.root,good,,0,0,782220.287,800611.479,0.9770285681851933
2492,2000_uv1,P,UV,P_UV,manual,2000_uv1/run2492.root,good,,0,0,726576.049,800611.479,0.9075263945847071
2493,2000_uv1,P,UV,P_UV,manual,2000_uv1/run2493.root,good,,0,0,686235.947,800611.479,0.8571397800305584
2494,2000_uv1,P,UV,P_UV,manual,2000_uv1/run2494.root,good,,0,0,642298.895,800611.479,0.802260412006908
2495,2000_uv1,P,UV,P_UV,manual,2000_uv1/run2495.root,good,,0,0,944013.7559999999,800611.479,1.1791159392057629
2496,2000_uv1,P,UV,P_UV,manual,2000_uv1/run2496.root,good,,0,0,922297.03,800611.479,1.1519907647989143
2497,2000_uv1,P,UV,P_UV,manual,2000_uv1/run2497.root,good,,0,0,881308.836,800611.479,1.100794653982222
2498,2000_uv1,P,UV,P_UV,manual,2000_uv1/run2498.root,good,,0,0,807841.356,800611.479,1.0090304438415378
2499,2000_uv1,P,UV,P_UV,manual,2000_uv1/run2499.root,good,,0,0,753893.884,800611.479,0.941647607828016
2500,2000_uv1,P,UV,P_UV,manual,2000_uv1/run2500.root,good,,0,0,720888.154,800611.479,0.9004219561033797
2501,2000_uv1,P,UV,P_UV,manual,2000_uv1/run2501.root,good,,0,0,687519.4,800611.479,0.8587428709600102
2502,2000_uv1,P,UV,P_UV,manual,2000_uv1/run2502.root,good,,0,0,328497.566,800611.479,0.41030833883409756
2503,2000_uv1,P,UV,P_UV,manual,2000_uv1/run2503.root,good,,0,0,928168.8080000001,800611.479,1.159324881476
2504,2000_uv1,P,UV,P_UV,manual,2000_uv1/run2504.root,good,,0,0,880484.639,800611.479,1.0997651945982152
2505,2000_uv1,P,UV,P_UV,manual,2000_uv1/run2505.root,good,,0,0,909281.013,800611.479,1.1357331700211608
2506,2000_uv1,P,UV,P_UV,manual,2000_uv1/run2506.root,good,,0,0,846577.62,800611.479,1.0574137920897833
2507,2000_uv1,P,UV,P_UV,manual,2000_uv1/run2507.root,good,,0,0,819807.093,800611.479,1.0239761913281284
2508,2000_uv1,P,UV,P_UV,manual,2000_uv1/run2508.root,good,,0,0,388581.074,800611.479,0.48535536173595134
2509,2000_uv1,P,UV,P_UV,manual,2000_uv1/run2509.root,good,,0,0,944139.585,800611.479,1.1792731053260352
2510,2000_uv1,P,UV,P_UV,manual,2000_uv1/run2510.root,good,,0,0,893605.681,800611.479,1.1161539703579493
2511,2000_uv1,P,UV,P_UV,manual,2000_uv1/run2511.root,good,,0,0,853467.342,800611.479,1.0660193669294116
2512,2000_uv1,P,UV,P_UV,manual,2000_uv1/run2512.root,good,,0,0,695715.38,800611.479,0.8689800212070153
2513,2000_uv1,P,UV,P_UV,manual,2000_uv1/run2513.root,good,,0,0,662638.143,800611.479,0.827665054000556
2514,2000_uv1,P,UV,P_UV,manual,2000_uv1/run2514.root,good,,0,0,637556.704,800611.479,0.7963372006561
2516,2000_uv1,P,UV,P_UV,manual,2000_uv1/run2516.root,good,,0,0,599663.333,800611.479,0.7490066639426737
2517,2000_uv1,P,UV,P_UV,manual,2000_uv1/run2517.root,good,,0,0,912010.402,800611.479,1.1391423005065355
2518,2000_uv1,P,UV,P_UV,manual,2000_uv1/run2518.root,good,,0,0,868323.292,800611.479,1.084575121361706
2520,2000_uv1,P,UV,P_UV,manual,2000_uv1/run2520.root,good,,0,0,827436.925,800611.479,1.0335061970801445
2521,2000_uv1,P,UV,P_UV,manual,2000_uv1/run2521.root,good,,0,0,756394.3929999999,800611.479,0.944770856826548
2523,2000_uv1,P,UV,P_UV,manual,2000_uv1/run2523.root,good,,0,0,684268.145,800611.479,0.8546819062033458
2524,2000_uv1,P,UV,P_UV,manual,2000_uv1/run2524.root,good,,0,0,653940.845,800611.479,0.8168017348649581
2525,2000_uv1,P,UV,P_UV,manual,2000_uv1/run2525.root,good,,0,0,318383.529,800611.479,0.3976754485180195
2526,2000_uv1,P,UV,P_UV,manual,2000_uv1/run2526.root,good,,0,0,899901.952,800611.479,1.1240182980189322
2527,2000_uv1,P,UV,P_UV,manual,2000_uv1/run2527.root,good,,0,0,853815.628,800611.479,1.066454391918605
2528,2000_uv1,P,UV,P_UV,manual,2000_uv1/run2528.root,good,,0,0,818177.0109999999,800611.479,1.021940145077535
2529,2000_uv1,P,UV,P_UV,manual,2000_uv1/run2529.root,good,,0,0,755015.63,800611.479,0.943048719390145
2530,2000_uv1,P,UV,P_UV,manual,2000_uv1/run2530.root,good,,0,0,724019.36,800611.479,0.9043329742215699
2531,2000_uv1,P,UV,P_UV,manual,2000_uv1/run2531.root,good,,0,0,697475.5549999999,800611.479,0.8711785595070138
2532,2000_uv1,P,UV,P_UV,manual,2000_uv1/run2532.root,good,,0,0,619523.037,800611.479,0.773812333759956
2533,2000_uv1,P,UV,P_UV,manual,2000_uv1/run2533.root,good,,0,0,616796.512,800611.479,0.7704067805403024
2534,2000_uv1,P,UV,P_UV,manual,2000_uv1/run2534.root,good,,0,0,872749.699,800611.479,1.0901039041934595
2535,2000_uv1,P,UV,P_UV,manual,2000_uv1/run2535.root,good,,0,0,813649.179,800611.479,1.0162846778268588
2536,2000_uv1,P,UV,P_UV,manual,2000_uv1/run2536.root,good,,0,0,748417.598,800611.479,0.9348074785722625
2539,2000_uv1,P,UV,P_UV,manual,2000_uv1/run2539.root,good,,0,0,966438.372,800611.479,1.2071253002856333
2540,2000_uv1,P,UV,P_UV,manual,2000_uv1/run2540.root,good,,0,0,622117.332,800611.479,0.7770527257204115
2541,2000_uv1,P,UV,P_UV,manual,2000_uv1/run2541.root,good,,0,0,299531.041,800611.479,0.37412783710536834
2542,2000_uv1,P,UV,P_UV,manual,2000_uv1/run2542.root,good,,0,0,885169.727,800611.479,1.105617081715612
2543,2000_uv1,P,UV,P_UV,manual,2000_uv1/run2543.root,good,,0,0,850186.579,800611.479,1.0619215453442181
2544,2000_uv1,P,UV,P_UV,manual,2000_uv1/run2544.root,good,,0,0,768074.963,800611.479,0.9593604178138444
2545,2000_uv1,P,UV,P_UV,manual,2000_uv1/run2545.root,good,,0,0,733453.806,800611.479,0.9161170245973952
2546,2000_uv1,P,UV,P_UV,manual,2000_uv1/run2546.root,good,,0,0,1046500.45,800611.479,1.3071264620226608
2547,2000_uv1,P,UV,P_UV,manual,2000_uv1/run2547.root,good,,0,0,946527.194,800611.479,1.1822553371108984
2548,2000_uv1,P,UV,P_UV,manual,2000_uv1/run2548.root,good,,0,0,590683.901,800611.479,0.7377909466621574
2549,2000_uv1,P,UV,P_UV,manual,2000_uv1/run2549.root,good,,0,0,857934.576,800611.479,1.0715991445333748
2550,2000_uv1,P,UV,P_UV,manual,2000_uv1/run2550.root,good,,0,0,815097.454,800611.479,1.018093638899724
2551,2000_uv1,P,UV,P_UV,manual,2000_uv1/run2551.root,good,,0,0,784522.546,800611.479,0.9799041939542312
2552,2000_uv1,P,UV,P_UV,manual,2000_uv1/run2552.root,good,,0,0,733456.188,800611.479,0.916119999823285
2553,2000_uv1,P,UV,P_UV,manual,2000_uv1/run2553.root,good,,0,0,689888.617,800611.479,0.8617021303038298
2554,2000_uv1,P,UV,P_UV,manual,2000_uv1/run2554.root,good,,0,0,643439.166,800611.479,0.8036846621331043
2555,2000_uv1,P,UV,P_UV,manual,2000_uv1/run2555.root,good,,0,0,619992.799,800611.479,0.7743990877752578
2556,2000_uv1,P,UV,P_UV,manual,2000_uv1/run2556.root,good,,0,0,589305.627,800611.479,0.7360694200089029
2558,2000_uv1,P,UV,P_UV,manual,2000_uv1/run2558.root,good,,0,0,807484.763,800611.479,1.008585043033089
2559,2000_uv1,P,UV,P_UV,manual,2000_uv1/run2559.root,good,,0,0,777357.713,800611.479,0.9709549930147828
2560,2000_uv1,P,UV,P_UV,manual,2000_uv1/run2560.root,good,,0,0,726088.483,800611.479,0.9069174025669946
2561,2000_uv1,P,UV,P_UV,manual,2000_uv1/run2561.root,good,,0,0,655139.286,800611.479,0.8182986419558942
2563,2000_uv1,P,UV,P_UV,manual,2000_uv1/run2563.root,good,,0,0,613328.483,800611.479,0.7660750552391218
2564,2000_uv1,P,UV,P_UV,manual,2000_uv1/run2564.root,good,,0,0,595395.042,800611.479,0.7436753751565932
2565,2000_uv1,P,UV,P_UV,manual,2000_uv1/run2565.root,good,,0,0,667698.13,800611.479,0.8339852069495496
2566,2000_uv1,P,UV,P_UV,manual,2000_uv1/run2566.root,good,,0,0,580543.034,800611.479,0.725124544460847
2567,2000_uv1,P,UV,P_UV,manual,2000_uv1/run2567.root,good,,0,0,594506.093,800611.479,0.742565037591723
2568,2000_uv1,P,UV,P_UV,manual,2000_uv1/run2568.root,good,,0,0,807740.166,800611.479,1.008904052948259
2569,2000_uv1,P,UV,P_UV,manual,2000_uv1/run2569.root,good,,0,0,745002.687,800611.479,0.9305421000589975
2570,2000_uv1,P,UV,P_UV,manual,2000_uv1/run2570.root,good,,0,0,728862.65,800611.479,0.910382462802535
2571,2000_uv1,P,UV,P_UV,manual,2000_uv1/run2571.root,good,,0,0,680340.774,800611.479,0.8497764419388245
2573,2000_uv1,P,UV,P_UV,manual,2000_uv1/run2573.root,good,,0,0,793738.195,800611.479,0.991414956966911
2574,2000_uv1,P,UV,P_UV,manual,2000_uv1/run2574.root,good,,0,0,451350.898,800611.479,0.5637577149952405
2575,2000_uv1,P,UV,P_UV,manual,2000_uv1/run2575.root,good,,0,0,621493.352,800611.479,0.7762733464379917
2576,2000_uv1,P,UV,P_UV,manual,2000_uv1/run2576.root,good,,0,0,392002.127,800611.479,0.48962841188541084
2577,2000_uv1,P,UV,P_UV,manual,2000_uv1/run2577.root,good,,0,0,336909.79099999997,800611.479,0.4208155888806585
2578,2000_uv1,P,UV,P_UV,manual,2000_uv1/run2578.root,good,,0,0,344190.16500000004,800611.479,0.42990910576239694
2580,2000_uv1,P,UV,P_UV,manual,2000_uv1/run2580.root,good,,0,0,503206.176,800611.479,0.6285273059393643
2581,2000_uv1,P,UV,P_UV,manual,2000_uv1/run2581.root,good,,0,0,763365.48,800611.479,0.9534780602365057
2582,2000_uv1,P,UV,P_UV,manual,2000_uv1/run2582.root,good,,0,0,468096.636,800611.479,0.5846739002351976
2583,2000_uv1,P,UV,P_UV,manual,2000_uv1/run2583.root,good,,0,0,401663.529,800611.479,0.5016959405849338
2584,2000_uv1,P,UV,P_UV,manual,2000_uv1/run2584.root,good,,0,0,635479.608,800611.479,0.7937428136725478
2585,2000_uv1,P,UV,P_UV,manual,2000_uv1/run2585.root,good,,0,0,360377.933,800611.479,0.4501283611997774
2586,2000_uv1,P,UV,P_UV,manual,2000_uv1/run2586.root,good,,0,0,586834.573,800611.479,0.7329829616394995
2587,2000_uv1,P,UV,P_UV,manual,2000_uv1/run2587.root,good,,0,0,553226.69,800611.479,0.691005193544071
2588,2000_uv1,P,UV,P_UV,manual,2000_uv1/run2588.root,good,,0,0,401995.39,800611.479,0.5021104500051766
2589,2000_uv1,P,UV,P_UV,manual,2000_uv1/run2589.root,good,,0,0,651652.973,800611.479,0.8139440791105619
2590,2000_uv1,P,UV,P_UV,manual,2000_uv1/run2590.root,good,,0,0,403425.878,800611.479,0.503897194309401
2591,2000_uv1,P,UV,P_UV,manual,2000_uv1/run2591.root,good,,0,0,391939.194,800611.479,0.48954980571793677
2592,2000_uv1,P,UV,P_UV,manual,2000_uv1/run2592.root,good,,0,0,627783.037,800611.479,0.7841294478866696
2593,2000_uv1,P,UV,P_UV,manual,2000_uv1/run2593.root,good,,0,0,301200.513,800611.479,0.3762130832500841
2595,2000_uv1,P,UV,P_UV,manual,2000_uv1/run2595.root,good,,0,0,544185.701,800611.479,0.6797125887824048
2596,2000_uv1,P,UV,P_UV,manual,2000_uv1/run2596.root,good,,0,0,748042.019,800611.479,0.9343383633898659
2598,2000_uv1,P,UV,P_UV,manual,2000_uv1/run2598.root,good,,0,0,707590.084,800611.479,0.8838120643533766
2599,2000_uv1,P,UV,P_UV,manual,2000_uv1/run2599.root,good,,0,0,670572.8640000001,800611.479,0.8375758799231506
2600,2000_uv1,P,UV,P_UV,manual,2000_uv1/run2600.root,good,,0,0,332589.669,800611.479,0.41541956082795556
2601,2000_uv1,P,UV,P_UV,manual,2000_uv1/run2601.root,good,,0,0,479658.624,800611.479,0.5991153469334656
2602,2000_uv1,P,UV,P_UV,manual,2000_uv1/run2602.root,good,,0,0,290289.704,800611.479,0.3625849886171817
2603,2000_uv1,P,UV,P_UV,manual,2000_uv1/run2603.root,good,,0,0,335800.433,800611.479,0.4194299504916292
2604,2000_uv1,P,UV,P_UV,manual,2000_uv1/run2604.root,good,,0,0,530222.073,800611.479,0.6622713849447567
2605,2000_uv1,P,UV,P_UV,manual,2000_uv1/run2605.root,good,,0,0,747510.022,800611.479,0.9336738750407049
2606,2000_uv1,P,UV,P_UV,manual,2000_uv1/run2606.root,good,,0,0,702285.906,800611.479,0.8771869057850468
2607,2000_uv1,P,UV,P_UV,manual,2000_uv1/run2607.root,bad,brem_period_outlier;negative_net_flux,0,4,764173194.0,800611.479,954.4869316069348
2609,2000_uv1,P,UV,P_UV,manual,2000_uv1/run2609.root,good,,0,0,601766.573,800611.479,0.7516337059663867
2610,2000_uv1,P,UV,P_UV,manual,2000_uv1/run2610.root,good,,0,0,566434.718,800611.479,0.7075026187577308
2611,2000_uv1,P,UV,P_UV,manual,2000_uv1/run2611.root,good,,0,0,535056.565,800611.479,0.6683098844252269
2613,2000_uv1,P,UV,P_UV,manual,2000_uv1/run2613.root,good,,0,0,756515.792,800611.479,0.9449224896761691
2614,2000_uv1,P,UV,P_UV,manual,2000_uv1/run2614.root,good,,0,0,716941.874,800611.479,0.8954928736413982
2615,2000_uv1,P,UV,P_UV,manual,2000_uv1/run2615.root,good,,0,0,692421.147,800611.479,0.8648653749817143
2616,2000_uv1,P,UV,P_UV,manual,2000_uv1/run2616.root,good,,0,0,643347.156,800611.479,0.8035697374756225
2617,2000_uv1,P,UV,P_UV,manual,2000_uv1/run2617.root,good,,0,0,632900.347,800611.479,0.7905211998590391
2618,2000_uv1,P,UV,P_UV,manual,2000_uv1/run2618.root,good,,0,0,582672.846,800611.479,0.7277847761161066
2619,2000_uv1,P,UV,P_UV,manual,2000_uv1/run2619.root,good,,0,0,559814.001,800611.479,0.6992330433473588
2620,2000_uv1,P,UV,P_UV,manual,2000_uv1/run2620.root,good,,0,0,521677.454,800611.479,0.6515987687955695
2621,2000_uv1,P,UV,P_UV,manual,2000_uv1/run2621.root,good,,0,0,749913.926,800611.479,0.9366764600186303
2622,2000_uv1,P,UV,P_UV,manual,2000_uv1/run2622.root,good,,0,0,718153.725,800611.479,0.8970065304297241
2623,2000_uv1,P,UV,P_UV,manual,2000_uv1/run2623.root,good,,0,0,654490.295,800611.479,0.8174880228016316
2624,2000_uv1,P,UV,P_UV,manual,2000_uv1/run2624.root,good,,0,0,622876.438,800611.479,0.7780008834972
2625,2000_uv1,P,UV,P_UV,manual,2000_uv1/run2625.root,good,,0,0,579813.715,800611.479,0.7242135919962246
2643,2000_fuv,P,UV,P_UV,manual,2000_fuv/run2643.root,good,,0,0,922442.41,822130.397,1.1220147234137603
2644,2000_fuv,P,UV,P_UV,manual,2000_fuv/run2644.root,good,,0,0,1072291.462,822130.397,1.3042839261421932
2646,2000_fuv,P,UV,P_UV,manual,2000_fuv/run2646.root,good,,0,0,1357927.591,822130.397,1.6517180193739995
2647,2000_fuv,P,UV,P_UV,manual,2000_fuv/run2647.root,good,,0,0,316155.952,822130.397,0.3845569427352046
2648,2000_fuv,P,UV,P_UV,manual,2000_fuv/run2648.root,good,,0,0,844432.987,822130.397,1.027127801236134
2649,2000_fuv,P,UV,P_UV,manual,2000_fuv/run2649.root,good,,0,0,552674.611,822130.397,0.6722469002687904
2650,2000_fuv,P,UV,P_UV,manual,2000_fuv/run2650.root,good,,0,0,744216.101,822130.397,0.9052287857445563
2651,2000_fuv,P,UV,P_UV,manual,2000_fuv/run2651.root,good,,0,0,458158.864,822130.397,0.5572824769304814
2652,2000_fuv,P,UV,P_UV,manual,2000_fuv/run2652.root,bad,nonzero_flux_without_lookup;run_flux_conservation_failure,3,0,,822130.397,
2654,2000_fuv,P,UV,P_UV,manual,2000_fuv/run2654.root,good,,0,0,848167.927,822130.397,1.0316708031901174
2655,2000_fuv,P,UV,P_UV,manual,2000_fuv/run2655.root,good,,0,0,832413.144,822130.397,1.0125074404711494
2656,2000_fuv,P,UV,P_UV,manual,2000_fuv/run2656.root,good,,0,0,996802.827,822130.397,1.2124631696351207
2657,2000_fuv,P,UV,P_UV,manual,2000_fuv/run2657.root,good,,0,0,473240.206,822130.397,0.5756266983034323
2659,2000_fuv,P,UV,P_UV,manual,2000_fuv/run2659.root,good,,0,0,332939.441,822130.397,0.40497157411392976
2661,2000_fuv,P,UV,P_UV,manual,2000_fuv/run2661.root,good,,0,0,1133735.769,822130.397,1.379021835388967
2662,2000_fuv,P,UV,P_UV,manual,2000_fuv/run2662.root,good,,0,0,748245.073,822130.397,0.9101294341267374
2663,2000_fuv,P,UV,P_UV,manual,2000_fuv/run2663.root,good,,0,0,650542.303,822130.397,0.791288468804785
2665,2000_fuv,P,UV,P_UV,manual,2000_fuv/run2665.root,good,,0,0,909021.0650000001,822130.397,1.1056896428073564
2666,2000_fuv,P,UV,P_UV,manual,2000_fuv/run2666.root,good,,0,0,834226.412,822130.397,1.0147130127339155
2667,2000_fuv,P,UV,P_UV,manual,2000_fuv/run2667.root,good,,0,0,848043.128,822130.397,1.031519003669682
2668,2000_fuv,P,UV,P_UV,manual,2000_fuv/run2668.root,good,,0,0,813738.944,822130.397,0.9897930388772622
2672,2000_fuv,P,UV,P_UV,manual,2000_fuv/run2672.root,good,,0,0,780490.978,822130.397,0.9493518070224084
2674,2000_fuv,P,UV,P_UV,manual,2000_fuv/run2674.root,good,,0,0,278136.222,822130.397,0.3383115659206066
2675,2000_fuv,P,UV,P_UV,manual,2000_fuv/run2675.root,good,,0,0,984848.294,822130.397,1.1979222488230172
2676,2000_fuv,P,UV,P_UV,manual,2000_fuv/run2676.root,good,,0,0,1260701.787,822130.397,1.5334572126275487
2677,2000_fuv,P,UV,P_UV,manual,2000_fuv/run2677.root,good,,0,0,916262.0349999999,822130.397,1.1144972115658192
2678,2000_fuv,P,UV,P_UV,manual,2000_fuv/run2678.root,good,,0,0,828926.503,822130.397,1.0082664575167144
2679,2000_fuv,P,UV,P_UV,manual,2000_fuv/run2679.root,bad,nonzero_flux_without_lookup;run_flux_conservation_failure,2,0,,822130.397,
2680,2000_fuv,P,UV,P_UV,manual,2000_fuv/run2680.root,good,,0,0,758461.109,822130.397,0.922555730535773
2681,2000_fuv,P,UV,P_UV,manual,2000_fuv/run2681.root,good,,0,0,233803.554,822130.397,0.284387433980257
2682,2000_fuv,P,UV,P_UV,manual,2000_fuv/run2682.root,good,,0,0,497483.057,822130.397,0.6051145399991821
2683,2000_fuv,P,UV,P_UV,manual,2000_fuv/run2683.root,good,,0,0,712367.128,822130.397,0.8664892219038095
2684,2000_fuv,P,UV,P_UV,manual,2000_fuv/run2684.root,good,,0,0,229341.441,822130.397,0.27895993365149835
2685,2000_fuv,P,UV,P_UV,manual,2000_fuv/run2685.root,good,,0,0,1025405.784,822130.397,1.2472544352352903
2686,2000_fuv,P,UV,P_UV,manual,2000_fuv/run2686.root,good,,0,0,920744.898,822130.397,1.119949951199773
2687,2000_fuv,P,UV,P_UV,manual,2000_fuv/run2687.root,good,,0,0,832478.822,822130.397,1.012587328041588
2688,2000_fuv,P,UV,P_UV,manual,2000_fuv/run2688.root,good,,0,0,719966.09,822130.397,0.8757322349680741
2689,2000_fuv,P,UV,P_UV,manual,2000_fuv/run2689.root,good,,0,0,515660.244,822130.397,0.6272243988078694
2691,2000_fuv,P,UV,P_UV,manual,2000_fuv/run2691.root,good,,0,0,1295437.936,822130.397,1.575708598936526
2692,2000_fuv,P,UV,P_UV,manual,2000_fuv/run2692.root,good,,0,0,868857.312,822130.397,1.0568363792051836
2693,2000_fuv,P,UV,P_UV,manual,2000_fuv/run2693.root,good,,0,0,891635.9,822130.397,1.0845431615880272
2694,2000_fuv,P,UV,P_UV,manual,2000_fuv/run2694.root,good,,0,0,850919.262,822130.397,1.0350173951784927
2696,2000_fuv,P,UV,P_UV,manual,2000_fuv/run2696.root,good,,0,0,758669.125,822130.397,0.922808751225385
2697,2000_fuv,P,UV,P_UV,manual,2000_fuv/run2697.root,good,,0,0,724986.959,822130.397,0.8818393793071247
2698,2000_fuv,P,UV,P_UV,manual,2000_fuv/run2698.root,good,,0,0,677289.939,822130.397,0.8238230108891108
2700,2000_fuv,P,UV,P_UV,manual,2000_fuv/run2700.root,good,,0,0,1280324.739,822130.397,1.5573256306687808
2701,2000_fuv,P,UV,P_UV,manual,2000_fuv/run2701.root,good,,0,0,881817.75,822130.397,1.072600834633779
2702,2000_fuv,P,UV,P_UV,manual,2000_fuv/run2702.root,good,,0,0,822130.397,822130.397,1.0
2703,2000_fuv,P,UV,P_UV,manual,2000_fuv/run2703.root,good,,0,0,765346.868,822130.397,0.9309312376635066
2704,2000_fuv,P,UV,P_UV,manual,2000_fuv/run2704.root,good,,0,0,500068.856,822130.397,0.608259781933352
2705,2000_fuv,P,UV,P_UV,manual,2000_fuv/run2705.root,good,,0,0,1212086.384,822130.397,1.4743237671578273
2706,2000_fuv,P,UV,P_UV,manual,2000_fuv/run2706.root,good,,0,0,867614.118,822130.397,1.0553242176252973
2707,2000_fuv,P,UV,P_UV,manual,2000_fuv/run2707.root,good,,0,0,802541.108,822130.397,0.9761725280180827
2708,2000_fuv,P,UV,P_UV,manual,2000_fuv/run2708.root,good,,0,0,470289.624,822130.397,0.572037751816638
2709,2000_fuv,P,UV,P_UV,manual,2000_fuv/run2709.root,good,,0,0,170028.74,822130.397,0.20681480774880046
2710,2000_fuv,P,UV,P_UV,manual,2000_fuv/run2710.root,good,,0,0,937031.401,822130.397,1.1397600726348036
2711,2000_fuv,P,UV,P_UV,manual,2000_fuv/run2711.root,good,,0,0,891335.0310000001,822130.397,1.0841771989608118
2712,2000_fuv,P,UV,P_UV,manual,2000_fuv/run2712.root,good,,0,0,787347.953,822130.397,0.9576923026725163
2713,2000_fuv,P,UV,P_UV,manual,2000_fuv/run2713.root,good,,0,0,733956.83,822130.397,0.8927499003543108
2714,2000_fuv,P,UV,P_UV,manual,2000_fuv/run2714.root,good,,0,0,696806.115,822130.397,0.8475615517230414
2715,2000_fuv,P,UV,P_UV,manual,2000_fuv/run2715.root,good,,0,0,648604.9249999999,822130.397,0.7889319350881512
2716,2000_fuv,P,UV,P_UV,manual,2000_fuv/run2716.root,good,,0,0,1258958.419,822130.397,1.5313366633736083
2718,2000_fuv,P,UV,P_UV,manual,2000_fuv/run2718.root,good,,0,0,844041.112,822130.397,1.0266511432735652
2719,2000_fuv,P,UV,P_UV,manual,2000_fuv/run2719.root,good,,0,0,528242.3859999999,822130.397,0.6425287131184859
2720,2000_fuv,P,UV,P_UV,manual,2000_fuv/run2720.root,good,,0,0,544434.698,822130.397,0.6622242651368601
2722,2000_fuv,P,UV,P_UV,manual,2000_fuv/run2722.root,good,,0,0,1255710.882,822130.397,1.5273865150615518
2723,2000_fuv,P,UV,P_UV,manual,2000_fuv/run2723.root,good,,0,0,1407116.872,822130.397,1.711549502529828
2724,2000_fuv,P,UV,P_UV,manual,2000_fuv/run2724.root,good,,0,0,1258313.326,822130.397,1.5305520031757198
2725,2000_fuv,P,UV,P_UV,manual,2000_fuv/run2725.root,good,,0,0,707630.0109999999,822130.397,0.8607272198938046
2726,2000_fuv,P,UV,P_UV,manual,2000_fuv/run2726.root,good,,0,0,1239091.9780000001,822130.397,1.5071720769862256
2727,2000_fuv,P,UV,P_UV,manual,2000_fuv/run2727.root,good,,0,0,878680.6039999999,822130.397,1.068784960641712
2728,2000_fuv,P,UV,P_UV,manual,2000_fuv/run2728.root,good,,0,0,805153.424,822130.397,0.9793500239597637
2729,2000_fuv,P,UV,P_UV,manual,2000_fuv/run2729.root,good,,0,0,583098.569,822130.397,0.7092531441821874
2730,2000_fuv,P,UV,P_UV,manual,2000_fuv/run2730.root,good,,0,0,454957.008,822130.397,0.5533878927967676
2731,2000_fuv,P,UV,P_UV,manual,2000_fuv/run2731.root,good,,0,0,1547108.727,822130.397,1.8818288834052197
2732,2000_fuv,P,UV,P_UV,manual,2000_fuv/run2732.root,good,,0,0,1362951.653,822130.397,1.65782904752517
2733,2000_fuv,P,UV,P_UV,manual,2000_fuv/run2733.root,good,,0,0,1002162.236,822130.397,1.2189820977997485
2734,2000_fuv,P,UV,P_UV,manual,2000_fuv/run2734.root,good,,0,0,684503.463,822130.397,0.8325971956490011
2735,2000_fuv,P,UV,P_UV,manual,2000_fuv/run2735.root,good,,0,0,1234683.187,822130.397,1.5018094349818816
2736,2000_fuv,P,UV,P_UV,manual,2000_fuv/run2736.root,good,,0,0,841821.578,822130.397,1.0239514085257695
2737,2000_fuv,P,UV,P_UV,manual,2000_fuv/run2737.root,good,,0,0,891437.635,822130.397,1.0843020015473288
2738,2000_fuv,P,UV,P_UV,manual,2000_fuv/run2738.root,good,,0,0,759992.522,822130.397,0.9244184678893462
2739,2000_fuv,P,UV,P_UV,manual,2000_fuv/run2739.root,good,,0,0,449564.733,822130.397,0.5468289880054149
2740,2000_fuv,P,UV,P_UV,manual,2000_fuv/run2740.root,good,,0,0,1116726.041,822130.397,1.3583320177370841
2741,2000_fuv,P,UV,P_UV,manual,2000_fuv/run2741.root,good,,0,0,1006082.666,822130.397,1.2237507208968943
2742,2000_fuv,P,UV,P_UV,manual,2000_fuv/run2742.root,good,,0,0,682293.738,822130.397,0.8299093920985384
2746,2000_fuv,P,UV,P_UV,manual,2000_fuv/run2746.root,good,,0,0,887873.324,822130.397,1.0799665445285804
2747,2000_fuv,P,UV,P_UV,manual,2000_fuv/run2747.root,good,,0,0,822425.507,822130.397,1.000358957655716
2748,2000_fuv,P,UV,P_UV,manual,2000_fuv/run2748.root,good,,0,0,731396.827,822130.397,0.8896360354378188
2749,2000_fuv,P,UV,P_UV,manual,2000_fuv/run2749.root,good,,0,0,695124.509,822130.397,0.845516126804882
2752,2000_fuv,P,UV,P_UV,manual,2000_fuv/run2752.root,good,,0,0,904713.1460000001,822130.397,1.100449696667766
2753,2000_fuv,P,UV,P_UV,manual,2000_fuv/run2753.root,good,,0,0,834362.482,822130.397,1.014878521758392
2754,2000_fuv,P,UV,P_UV,manual,2000_fuv/run2754.root,good,,0,0,802233.705,822130.397,0.9757986177465227
2755,2000_fuv,P,UV,P_UV,manual,2000_fuv/run2755.root,good,,0,0,474552.451,822130.397,0.5772228502092472
2756,2000_fuv,P,UV,P_UV,manual,2000_fuv/run2756.root,good,,0,0,442537.79600000003,822130.397,0.5382817587268945
2757,2000_fuv,P,UV,P_UV,manual,2000_fuv/run2757.root,good,,0,0,1197818.518,822130.397,1.456969018991278
2759,2000_fuv,P,UV,P_UV,manual,2000_fuv/run2759.root,good,,0,0,819239.983,822130.397,0.9964842389838069
2760,2000_fuv,P,UV,P_UV,manual,2000_fuv/run2760.root,good,,0,0,747965.843,822130.397,0.909789792141696
2761,2000_fuv,P,UV,P_UV,manual,2000_fuv/run2761.root,good,,0,0,454007.317,822130.397,0.5522327341948409
2762,2000_fuv,P,UV,P_UV,manual,2000_fuv/run2762.root,good,,0,0,1238778.106,822130.397,1.5067902981332046
2763,2000_fuv,P,UV,P_UV,manual,2000_fuv/run2763.root,good,,0,0,1126987.268,822130.397,1.370813282311954
2764,2000_fuv,P,UV,P_UV,manual,2000_fuv/run2764.root,good,,0,0,997245.787,822130.397,1.2130019649425516
2765,2000_fuv,P,UV,P_UV,manual,2000_fuv/run2765.root,good,,0,0,385801.33900000004,822130.397,0.4692702525144561
2766,2000_fuv,P,UV,P_UV,manual,2000_fuv/run2766.root,good,,0,0,668182.209,822130.397,0.8127448047636171
2767,2000_fuv,P,UV,P_UV,manual,2000_fuv/run2767.root,good,,0,0,208867.19,822130.397,0.25405603631999024
2768,2000_fuv,P,UV,P_UV,manual,2000_fuv/run2768.root,bad,nonzero_flux_without_lookup;run_flux_conservation_failure,2,0,,822130.397,
2769,2000_fuv,P,UV,P_UV,manual,2000_fuv/run2769.root,good,,0,0,914987.608,822130.397,1.1129470596621183
2770,2000_fuv,P,UV,P_UV,manual,2000_fuv/run2770.root,good,,0,0,858183.47,822130.397,1.0438532295260698
2771,2000_fuv,P,UV,P_UV,manual,2000_fuv/run2771.root,good,,0,0,791297.573,822130.397,0.9624964310862234
2772,2000_fuv,P,UV,P_UV,manual,2000_fuv/run2772.root,good,,0,0,734775.802,822130.397,0.8937460586316213
2773,2000_fuv,P,UV,P_UV,manual,2000_fuv/run2773.root,good,,0,0,240671.159,822130.397,0.2927408594527372
2774,2000_fuv,P,UV,P_UV,manual,2000_fuv/run2774.root,good,,0,0,899621.5970000001,822130.397,1.0942565805652849
2775,2000_fuv,P,UV,P_UV,manual,2000_fuv/run2775.root,good,,0,0,841313.563,822130.397,1.0233334834352317
2776,2000_fuv,P,UV,P_UV,manual,2000_fuv/run2776.root,good,,0,0,773045.059,822130.397,0.9402949481260939
2777,2000_fuv,P,UV,P_UV,manual,2000_fuv/run2777.root,good,,0,0,246608.26499999998,822130.397,0.29996247055197983
2781,2000_fuv,P,UV,P_UV,manual,2000_fuv/run2781.root,good,,0,0,524510.9,822130.397,0.6379899124445098
2784,2000_fuv,P,UV,P_UV,manual,2000_fuv/run2784.root,good,,0,0,866690.6140000001,822130.397,1.0542009116347026
2785,2000_fuv,P,UV,P_UV,manual,2000_fuv/run2785.root,good,,0,0,805888.503,822130.397,0.9802441388139065
2786,2000_fuv,P,UV,P_UV,manual,2000_fuv/run2786.root,good,,0,0,762911.461,822130.397,0.9279689253479823
2787,2000_fuv,P,UV,P_UV,manual,2000_fuv/run2787.root,good,,0,0,698042.441,822130.397,0.849065359396996
2788,2000_fuv,P,UV,P_UV,manual,2000_fuv/run2788.root,good,,0,0,658955.689,822130.397,0.801522108177202
2789,2000_fuv,P,UV,P_UV,manual,2000_fuv/run2789.root,good,,0,0,629230.395,822130.397,0.7653656856577704
2790,2000_fuv,P,UV,P_UV,manual,2000_fuv/run2790.root,good,,0,0,835809.119,822130.397,1.0166381416499308
2791,2000_fuv,P,UV,P_UV,manual,2000_fuv/run2791.root,good,,0,0,1274064.777,822130.397,1.549711313009632
2792,2000_fuv,P,UV,P_UV,manual,2000_fuv/run2792.root,good,,0,0,905610.439,822130.397,1.1015411208545791
2793,2000_fuv,P,UV,P_UV,manual,2000_fuv/run2793.root,good,,0,0,209882.75699999998,822130.397,0.25529132333006294
2794,2000_fuv,P,UV,P_UV,manual,2000_fuv/run2794.root,good,,0,0,1483326.816,822130.397,1.8042476247232107
2795,2000_fuv,P,UV,P_UV,manual,2000_fuv/run2795.root,good,,0,0,1275481.5489999999,822130.397,1.5514346065469709
2796,2000_fuv,P,UV,P_UV,manual,2000_fuv/run2796.root,good,,0,0,750629.323,822130.397,0.9130295215200515
2797,2000_fuv,P,UV,P_UV,manual,2000_fuv/run2797.root,good,,0,0,641286.46,822130.397,0.780030105126985
2798,2000_fuv,P,UV,P_UV,manual,2000_fuv/run2798.root,good,,0,0,887192.14,822130.397,1.0791379849685816
2799,2000_fuv,P,UV,P_UV,manual,2000_fuv/run2799.root,good,,0,0,976856.132,822130.397,1.1882009661297075
2804,2000_fuv,P,UV,P_UV,manual,2000_fuv/run2804.root,good,,0,0,74467.387,822130.397,0.09057855940096082
2805,2000_fuv,P,UV,P_UV,manual,2000_fuv/run2805.root,good,,0,0,442290.098,822130.397,0.537980470754933
2807,2000_fuv,P,UV,P_UV,manual,2000_fuv/run2807.root,bad,nonzero_flux_without_lookup;run_flux_conservation_failure,2,0,,822130.397,
2808,2000_fuv,P,UV,P_UV,manual,2000_fuv/run2808.root,good,,0,0,1077114.407,822130.397,1.310150325216597
2809,2000_fuv,P,UV,P_UV,manual,2000_fuv/run2809.root,good,,0,0,954357.753,822130.397,1.1608350165405696
2810,2000_fuv,P,UV,P_UV,manual,2000_fuv/run2810.root,good,,0,0,900251.8049999999,822130.397,1.0950231353627957
2811,2000_fuv,P,UV,P_UV,manual,2000_fuv/run2811.root,good,,0,0,426146.858,822130.397,0.5183446075647292
2812,2000_fuv,P,UV,P_UV,manual,2000_fuv/run2812.root,good,,0,0,737929.8640000001,822130.397,0.8975825084350945
2814,2000_fuv,P,UV,P_UV,manual,2000_fuv/run2814.root,good,,0,0,2338400.424,822130.397,2.844318167206753
2815,2000_fuv,P,UV,P_UV,manual,2000_fuv/run2815.root,good,,0,0,3858186.842,822130.397,4.6929135038416545
2816,2000_fuv,P,UV,P_UV,manual,2000_fuv/run2816.root,good,,0,0,499784.792,822130.397,0.6079142601024641
2820,2000_fuv,P,UV,P_UV,manual,2000_fuv/run2820.root,good,,0,0,1162731.016,822130.397,1.4142902637378096
2821,2000_fuv,P,UV,P_UV,manual,2000_fuv/run2821.root,good,,0,0,2699607.401,822130.397,3.283673016897343
2822,2000_fuv,P,UV,P_UV,manual,2000_fuv/run2822.root,good,,0,0,1109565.38,822130.397,1.349622132996014
2823,2000_fuv,P,UV,P_UV,manual,2000_fuv/run2823.root,good,,0,0,747726.855,822130.397,0.9094990985961562
2826,2000_vis,P,VIS,P_VIS,manual,2000_vis/run2826.root,good,,0,0,806517.7239999999,429665.335,1.8770835306041151
2828,2000_vis,P,VIS,P_VIS,manual,2000_vis/run2828.root,review,negative_net_flux,0,3,219519.299,429665.335,0.5109076323320335
2829,2000_vis,P,VIS,P_VIS,manual,2000_vis/run2829.root,review,negative_net_flux,0,1,621888.444,429665.335,1.447378676708932
2831,2000_vis,P,VIS,P_VIS,manual,2000_vis/run2831.root,good,,0,0,606712.481,429665.335,1.4120582499400376
2836,2000_vis,P,VIS,P_VIS,manual,2000_vis/run2836.root,review,negative_net_flux,0,2,576896.533,429665.335,1.3426648277315647
2839,2000_vis,P,VIS,P_VIS,manual,2000_vis/run2839.root,review,negative_net_flux,0,1,504105.949,429665.335,1.1732525478230633
2842,2000_vis,P,VIS,P_VIS,manual,2000_vis/run2842.root,review,negative_net_flux,0,2,435033.04,429665.335,1.012492757880968
2845,2000_vis,P,VIS,P_VIS,manual,2000_vis/run2845.root,review,negative_net_flux,0,3,281083.879,429665.335,0.6541925915433694
2846,2000_vis,P,VIS,P_VIS,manual,2000_vis/run2846.root,review,negative_net_flux,0,2,339456.81,429665.335,0.7900493299046337
2847,2000_vis,P,VIS,P_VIS,manual,2000_vis/run2847.root,review,negative_net_flux,0,1,251516.628,429665.335,0.585377984937975
2853,2000_vis,P,VIS,P_VIS,manual,2000_vis/run2853.root,good,,0,0,444740.57800000004,429665.335,1.03508601176774
2856,2000_vis,P,VIS,P_VIS,manual,2000_vis/run2856.root,review,negative_net_flux,0,1,332908.635,429665.335,0.7748091546645252
2860,2000_vis,P,VIS,P_VIS,manual,2000_vis/run2860.root,review,negative_net_flux,0,1,354691.631,429665.335,0.8255067423579796
2861,2000_vis,P,VIS,P_VIS,manual,2000_vis/run2861.root,review,negative_net_flux,0,2,346427.702,429665.335,0.8062733336400061
2862,2000_vis,P,VIS,P_VIS,manual,2000_vis/run2862.root,review,negative_net_flux,0,1,467135.977,429665.335,1.0872089017839897
2863,2000_vis,P,VIS,P_VIS,manual,2000_vis/run2863.root,review,negative_net_flux,0,4,218653.285,429665.335,0.5088920775980217
2864,2000_vis,P,VIS,P_VIS,manual,2000_vis/run2864.root,good,,0,0,596987.524,429665.335,1.3894244551983697
2865,2000_vis,P,VIS,P_VIS,manual,2000_vis/run2865.root,good,,0,0,402435.926,429665.335,0.9366264699943736
2866,2000_vis,P,VIS,P_VIS,manual,2000_vis/run2866.root,review,negative_net_flux,0,1,360561.704,429665.335,0.83916870789681
2869,2000_vis,P,VIS,P_VIS,manual,2000_vis/run2869.root,review,negative_net_flux,0,1,621919.121,429665.335,1.4474500741373515
2872,2000_vis,P,VIS,P_VIS,manual,2000_vis/run2872.root,good,,0,0,453536.76900000003,429665.335,1.055558203223446
2876,2000_vis,P,VIS,P_VIS,manual,2000_vis/run2876.root,good,,0,0,480634.902,429665.335,1.1186262024140252
2880,2000_vis,P,VIS,P_VIS,manual,2000_vis/run2880.root,good,,0,0,571537.099,429665.335,1.330191319716309
2881,2000_vis,P,VIS,P_VIS,manual,2000_vis/run2881.root,good,,0,0,524651.923,429665.335,1.2210710994406844
2883,2000_vis,P,VIS,P_VIS,manual,2000_vis/run2883.root,good,,0,0,425177.99799999996,429665.335,0.989556204249058
2884,2000_vis,P,VIS,P_VIS,manual,2000_vis/run2884.root,good,,0,0,871864.095,429665.335,2.0291702028975642
2885,2000_vis,P,VIS,P_VIS,manual,2000_vis/run2885.root,good,,0,0,516630.405,429665.335,1.2024018763347526
2890,2000_vis,P,VIS,P_VIS,manual,2000_vis/run2890.root,good,,0,0,217064.117,429665.335,0.5051934594630493
2892,2000_vis,P,VIS,P_VIS,manual,2000_vis/run2892.root,good,,0,0,515438.279,429665.335,1.1996273308853271
2897,2000_vis,P,VIS,P_VIS,manual,2000_vis/run2897.root,good,,0,0,533878.442,429665.335,1.2425448331781292
2898,2000_vis,P,VIS,P_VIS,manual,2000_vis/run2898.root,good,,0,0,479551.70900000003,429665.335,1.1161051868426854
2899,2000_vis,P,VIS,P_VIS,manual,2000_vis/run2899.root,good,,0,0,428527.343,429665.335,0.9973514456315169
2901,2000_vis,P,VIS,P_VIS,manual,2000_vis/run2901.root,good,,0,0,598082.98,429665.335,1.3919740115874135
2902,2000_vis,P,VIS,P_VIS,manual,2000_vis/run2902.root,good,,0,0,544018.082,429665.335,1.2661437581414383
2905,2000_vis,P,VIS,P_VIS,manual,2000_vis/run2905.root,good,,0,0,597392.542,429665.335,1.390367091168758
2908,2000_vis,P,VIS,P_VIS,manual,2000_vis/run2908.root,good,,0,0,429665.335,429665.335,1.0
2909,2000_vis,P,VIS,P_VIS,manual,2000_vis/run2909.root,good,,0,0,383114.788,429665.335,0.891658592844126
2910,2000_vis,P,VIS,P_VIS,manual,2000_vis/run2910.root,good,,0,0,187749.691,429665.335,0.4369672759381438
2911,2000_vis,P,VIS,P_VIS,manual,2000_vis/run2911.root,good,,0,0,577464.787,429665.335,1.3439873779903608
2913,2000_vis,P,VIS,P_VIS,manual,2000_vis/run2913.root,good,,0,0,479186.069,429665.335,1.1152541989453257
2914,2000_vis,P,VIS,P_VIS,manual,2000_vis/run2914.root,good,,0,0,583607.393,429665.335,1.3582836348666574
2916,2000_vis,P,VIS,P_VIS,manual,2000_vis/run2916.root,good,,0,0,578840.636,429665.335,1.3471895190241494
2917,2000_vis,P,VIS,P_VIS,manual,2000_vis/run2917.root,good,,0,0,523321.197,429665.335,1.2179739773514657
2918,2000_vis,P,VIS,P_VIS,manual,2000_vis/run2918.root,good,,0,0,585056.661,429665.335,1.3616566507512176
2919,2000_vis,P,VIS,P_VIS,manual,2000_vis/run2919.root,good,,0,0,274387.193,429665.335,0.6386067728735901
2920,2000_vis,P,VIS,P_VIS,manual,2000_vis/run2920.root,good,,0,0,581459.341,429665.335,1.35328427414327
2922,2000_vis,P,VIS,P_VIS,manual,2000_vis/run2922.root,good,,0,0,526736.586,429665.335,1.225922929062918
2923,2000_vis,P,VIS,P_VIS,manual,2000_vis/run2923.root,good,,0,0,476808.256,429665.335,1.1097200941286083
2924,2000_vis,P,VIS,P_VIS,manual,2000_vis/run2924.root,good,,0,0,588395.526,429665.335,1.3694275010573054
2925,2000_vis,P,VIS,P_VIS,manual,2000_vis/run2925.root,good,,0,0,529371.301,429665.335,1.2320549457405028
2927,2000_vis,P,VIS,P_VIS,manual,2000_vis/run2927.root,good,,0,0,224597.574,429665.335,0.5227267729196724
2928,2000_vis,P,VIS,P_VIS,manual,2000_vis/run2928.root,good,,0,0,573961.067,429665.335,1.335832845346949
2929,2000_vis,P,VIS,P_VIS,manual,2000_vis/run2929.root,good,,0,0,510152.50299999997,429665.335,1.1873252539677188
2930,2000_vis,P,VIS,P_VIS,manual,2000_vis/run2930.root,good,,0,0,458865.60599999997,429665.335,1.0679605000017047
2931,2000_vis,P,VIS,P_VIS,manual,2000_vis/run2931.root,good,,0,0,414025.455,429665.335,0.9635998561531616
2932,2000_vis,P,VIS,P_VIS,manual,2000_vis/run2932.root,good,,0,0,193100.077,429665.335,0.44941972570349425
2933,2000_vis,P,VIS,P_VIS,manual,2000_vis/run2933.root,good,,0,0,443716.53500000003,429665.335,1.0327026614795443
2934,2000_vis,P,VIS,P_VIS,manual,2000_vis/run2934.root,good,,0,0,754669.376,429665.335,1.7564120596324113
2935,2000_vis,P,VIS,P_VIS,manual,2000_vis/run2935.root,good,,0,0,673090.292,429665.335,1.566545488246102
2936,2000_vis,P,VIS,P_VIS,manual,2000_vis/run2936.root,good,,0,0,521401.53599999996,429665.335,1.2135061721932954
2938,2000_vis,P,VIS,P_VIS,manual,2000_vis/run2938.root,good,,0,0,496448.313,429665.335,1.1554302210579777
2940,2000_vis,P,VIS,P_VIS,manual,2000_vis/run2940.root,good,,0,0,684864.033,429665.335,1.5939476080843245
2943,2000_vis,P,VIS,P_VIS,manual,2000_vis/run2943.root,good,,0,0,473386.658,429665.335,1.1017566916353632
2944,2000_vis,P,VIS,P_VIS,manual,2000_vis/run2944.root,good,,0,0,250199.3,429665.335,0.5823120452572698
2945,2000_vis,P,VIS,P_VIS,manual,2000_vis/run2945.root,good,,0,0,296313.01,429665.335,0.6896367611317771
2947,2000_vis,P,VIS,P_VIS,manual,2000_vis/run2947.root,good,,0,0,215891.906,429665.335,0.5024652640409075
2949,2000_vis,P,VIS,P_VIS,manual,2000_vis/run2949.root,good,,0,0,571816.708,429665.335,1.330842079685111
2950,2000_vis,P,VIS,P_VIS,manual,2000_vis/run2950.root,good,,0,0,241874.109,429665.335,0.5629360558025934
2951,2000_vis,P,VIS,P_VIS,manual,2000_vis/run2951.root,good,,0,0,325866.677,429665.335,0.7584197524336005
2955,2000_vis,P,VIS,P_VIS,manual,2000_vis/run2955.root,good,,0,0,229778.47699999998,429665.335,0.5347847691738966
2956,2000_vis,P,VIS,P_VIS,manual,2000_vis/run2956.root,review,negative_net_flux,0,2,208734.745,429665.335,0.48580773917914505
2958,2000_vis,P,VIS,P_VIS,manual,2000_vis/run2958.root,good,,0,0,284743.175,429665.335,0.6627092106464674
2959,2000_vis,P,VIS,P_VIS,manual,2000_vis/run2959.root,good,,0,0,258729.87,429665.335,0.602166032314429
2960,2000_vis,P,VIS,P_VIS,manual,2000_vis/run2960.root,good,,0,0,479511.785,429665.335,1.1160122680131968
2962,2000_vis,P,VIS,P_VIS,manual,2000_vis/run2962.root,review,negative_net_flux,0,1,194122.92,429665.335,0.4518002831203499
2963,2000_vis,P,VIS,P_VIS,manual,2000_vis/run2963.root,good,,0,0,379819.509,429665.335,0.8839891842799
2964,2000_vis,P,VIS,P_VIS,manual,2000_vis/run2964.root,review,negative_net_flux,0,1,93676.798,429665.335,0.21802270364678125
2965,2000_vis,P,VIS,P_VIS,manual,2000_vis/run2965.root,good,,0,0,418249.639,429665.335,0.9734311915109466
2966,2000_vis,P,VIS,P_VIS,manual,2000_vis/run2966.root,good,,0,0,504509.408,429665.335,1.1741915553881022
2967,2000_vis,P,VIS,P_VIS,manual,2000_vis/run2967.root,good,,0,0,425688.067,429665.335,0.9907433351587462
2968,2000_vis,P,VIS,P_VIS,manual,2000_vis/run2968.root,good,,0,0,348129.616,429665.335,0.8102343560017472
2970,2000_vis,P,VIS,P_VIS,manual,2000_vis/run2970.root,good,,0,0,534946.541,429665.335,1.245030719082795
2971,2000_vis,P,VIS,P_VIS,manual,2000_vis/run2971.root,good,,0,0,468067.61699999997,429665.335,1.0893771939968113
2972,2000_vis,P,VIS,P_VIS,manual,2000_vis/run2972.root,good,,0,0,411864.432,429665.335,0.9585703068179795
2973,2000_vis,P,VIS,P_VIS,manual,2000_vis/run2973.root,good,,0,0,320909.63,429665.335,0.7468827570183199
2974,2000_vis,P,VIS,P_VIS,manual,2000_vis/run2974.root,good,,0,0,182233.297,429665.335,0.42412846035158963
2975,2000_vis,P,VIS,P_VIS,manual,2000_vis/run2975.root,good,,0,0,522281.645,429665.335,1.2155545315285907
2976,2000_vis,P,VIS,P_VIS,manual,2000_vis/run2976.root,good,,0,0,479607.723,429665.335,1.1162355534220605
2977,2000_vis,P,VIS,P_VIS,manual,2000_vis/run2977.root,good,,0,0,441534.96400000004,429665.335,1.0276252888774469
2978,2000_vis,P,VIS,P_VIS,manual,2000_vis/run2978.root,good,,0,0,393233.636,429665.335,0.9152091266566803
2979,2000_vis,P,VIS,P_VIS,manual,2000_vis/run2979.root,good,,0,0,535034.7,429665.335,1.2452358997031956
2980,2000_vis,P,VIS,P_VIS,manual,2000_vis/run2980.root,good,,0,0,434695.503,429665.335,1.011707176703003
2981,2000_vis,P,VIS,P_VIS,manual,2000_vis/run2981.root,good,,0,0,462864.524,429665.335,1.0772675528967213
2982,2000_vis,P,VIS,P_VIS,manual,2000_vis/run2982.root,good,,0,0,211110.326,429665.335,0.4913366492551697
2984,2000_vis,P,VIS,P_VIS,manual,2000_vis/run2984.root,good,,0,0,321073.295,429665.335,0.7472636697582317
2985,2000_vis,P,VIS,P_VIS,manual,2000_vis/run2985.root,review,negative_net_flux,0,1,278108.944,429665.335,0.6472687492929817
2987,2000_vis,P,VIS,P_VIS,manual,2000_vis/run2987.root,good,,0,0,479795.822,429665.335,1.1166733336772443
2988,2000_vis,P,VIS,P_VIS,manual,2000_vis/run2988.root,good,,0,0,507762.552,429665.335,1.1817628992573952
2989,2000_vis,P,VIS,P_VIS,manual,2000_vis/run2989.root,good,,0,0,484859.033,429665.335,1.1284574144199926
2990,2000_vis,P,VIS,P_VIS,manual,2000_vis/run2990.root,good,,0,0,420474.702,429665.335,0.9786097870799839
2991,2000_vis,P,VIS,P_VIS,manual,2000_vis/run2991.root,good,,0,0,194422.94700000001,429665.335,0.45249856379500575
2992,2000_vis,P,VIS,P_VIS,manual,2000_vis/run2992.root,good,,0,0,799636.469,429665.335,1.8610681473756778
2993,2000_vis,P,VIS,P_VIS,manual,2000_vis/run2993.root,good,,0,0,388965.778,429665.335,0.9052761447464687
2994,2000_vis,P,VIS,P_VIS,manual,2000_vis/run2994.root,good,,0,0,215810.609,429665.335,0.5022760539897871
2996,2000_vis,P,VIS,P_VIS,manual,2000_vis/run2996.root,good,,0,0,182344.851,429665.335,0.4243880903261604
2997,2000_vis,P,VIS,P_VIS,manual,2000_vis/run2997.root,good,,0,0,405896.362,429665.335,0.9446802637685444
2998,2000_vis,P,VIS,P_VIS,manual,2000_vis/run2998.root,good,,0,0,673076.589,429665.335,1.5665135959827898
3001,2000_vis,P,VIS,P_VIS,manual,2000_vis/run3001.root,good,,0,0,523999.277,429665.335,1.219552135850103
3002,2000_vis,P,VIS,P_VIS,manual,2000_vis/run3002.root,good,,0,0,266517.137,429665.335,0.6202900613334329
3003,2000_vis,P,VIS,P_VIS,manual,2000_vis/run3003.root,good,,0,0,241199.576,429665.335,0.5613661525661594
3004,2000_vis,P,VIS,P_VIS,manual,2000_vis/run3004.root,good,,0,0,230112.118,429665.335,0.535561282829577
3005,2000_vis,P,VIS,P_VIS,manual,2000_vis/run3005.root,review,negative_net_flux,0,2,188000.403,429665.335,0.43755078123768115
3006,2000_vis,P,VIS,P_VIS,manual,2000_vis/run3006.root,good,,0,0,478135.641,429665.335,1.1128094403985371
3007,2000_vis,P,VIS,P_VIS,manual,2000_vis/run3007.root,good,,0,0,376130.606,429665.335,0.8754036580586609
3009,2000_vis,P,VIS,P_VIS,manual,2000_vis/run3009.root,good,,0,0,182333.105,429665.335,0.4243607527705255
3010,2000_vis,P,VIS,P_VIS,manual,2000_vis/run3010.root,good,,0,0,405557.072,429665.335,0.9438906026710299
3011,2000_vis,P,VIS,P_VIS,manual,2000_vis/run3011.root,good,,0,0,183052.266,429665.335,0.4260345228921016
3012,2000_vis,P,VIS,P_VIS,manual,2000_vis/run3012.root,good,,0,0,444284.735,429665.335,1.03402508605913
3013,2000_vis,P,VIS,P_VIS,manual,2000_vis/run3013.root,good,,0,0,442043.244,429665.335,1.0288082560814453
3014,2000_vis,P,VIS,P_VIS,manual,2000_vis/run3014.root,good,,0,0,397378.398,429665.335,0.9248556158248139
3015,2000_vis,P,VIS,P_VIS,manual,2000_vis/run3015.root,good,,0,0,354304.823,429665.335,0.8246064882101787
3016,2000_vis,P,VIS,P_VIS,manual,2000_vis/run3016.root,good,,0,0,297949.297,429665.335,0.6934450436873154
3017,2000_vis,P,VIS,P_VIS,manual,2000_vis/run3017.root,good,,0,0,248528.786,429665.335,0.5784241030289305
3018,2000_vis,P,VIS,P_VIS,manual,2000_vis/run3018.root,good,,0,0,237144.401,429665.335,0.5519281675353214
3019,2000_vis,P,VIS,P_VIS,manual,2000_vis/run3019.root,good,,0,0,363717.926,429665.335,0.8465144762027403
3021,2000_vis,P,VIS,P_VIS,manual,2000_vis/run3021.root,good,,0,0,169384.267,429665.335,0.39422372065458805
3022,2000_vis,P,VIS,P_VIS,manual,2000_vis/run3022.root,good,,0,0,501709.884,429665.335,1.1676759634332614
3023,2000_vis,P,VIS,P_VIS,manual,2000_vis/run3023.root,good,,0,0,253055.148,429665.335,0.5889587252832486
3024,2000_vis,P,VIS,P_VIS,manual,2000_vis/run3024.root,good,,0,0,228535.1,429665.335,0.5318909425169243
3026,2000_uv2,P,UV,P_UV,manual,2000_uv2/run3026.root,good,,0,0,362984.295,392901.5455,0.923855604940602
3028,2000_uv2,P,UV,P_UV,manual,2000_uv2/run3028.root,good,,0,0,439601.337,392901.5455,1.1188587625446234
3029,2000_uv2,P,UV,P_UV,manual,2000_uv2/run3029.root,good,,0,0,195921.77599999998,392901.5455,0.49865361499322475
3030,2000_uv2,P,UV,P_UV,manual,2000_uv2/run3030.root,good,,0,0,200048.053,392901.5455,0.5091556785439013
3031,2000_uv2,P,UV,P_UV,manual,2000_uv2/run3031.root,good,,0,0,188066.187,392901.5455,0.47865983006167634
3032,2000_uv2,P,UV,P_UV,manual,2000_uv2/run3032.root,good,,0,0,182013.568,392901.5455,0.46325490465651525
3033,2000_uv2,P,UV,P_UV,manual,2000_uv2/run3033.root,good,,0,0,173063.55,392901.5455,0.4404756152836258
3034,2000_uv2,P,UV,P_UV,manual,2000_uv2/run3034.root,good,,0,0,142755.302,392901.5455,0.36333606633776905
3036,2000_uv2,P,UV,P_UV,manual,2000_uv2/run3036.root,good,,0,0,421570.684,392901.5455,1.0729677417367145
3037,2000_uv2,P,UV,P_UV,manual,2000_uv2/run3037.root,good,,0,0,405901.185,392901.5455,1.033086251883934
3038,2000_uv2,P,UV,P_UV,manual,2000_uv2/run3038.root,good,,0,0,368415.065,392901.5455,0.9376778208677217
3039,2000_uv2,P,UV,P_UV,manual,2000_uv2/run3039.root,good,,0,0,339855.538,392901.5455,0.8649890586902769
3040,2000_uv2,P,UV,P_UV,manual,2000_uv2/run3040.root,good,,0,0,351550.13,392901.5455,0.8947537469027339
3042,2000_uv2,P,UV,P_UV,manual,2000_uv2/run3042.root,good,,0,0,490306.564,392901.5455,1.247912026856611
3043,2000_uv2,P,UV,P_UV,manual,2000_uv2/run3043.root,good,,0,0,464173.41500000004,392901.5455,1.1813988015987584
3044,2000_uv2,P,UV,P_UV,manual,2000_uv2/run3044.root,good,,0,0,401296.573,392901.5455,1.021366745934574
3045,2000_uv2,P,UV,P_UV,manual,2000_uv2/run3045.root,good,,0,0,392189.65,392901.5455,0.9981881071526607
3046,2000_uv2,P,UV,P_UV,manual,2000_uv2/run3046.root,good,,0,0,348845.013,392901.5455,0.8878687727126794
3048,2000_uv2,P,UV,P_UV,manual,2000_uv2/run3048.root,good,,0,0,493004.859,392901.5455,1.2547796379182223
3049,2000_uv2,P,UV,P_UV,manual,2000_uv2/run3049.root,good,,0,0,464735.83999999997,392901.5455,1.1828302670802295
3050,2000_uv2,P,UV,P_UV,manual,2000_uv2/run3050.root,good,,0,0,431843.344,392901.5455,1.0991133757197196
3051,2000_uv2,P,UV,P_UV,manual,2000_uv2/run3051.root,good,,0,0,364809.934,392901.5455,0.9285021608549514
3052,2000_uv2,P,UV,P_UV,manual,2000_uv2/run3052.root,good,,0,0,335005.95999999996,392901.5455,0.8526460733914317
3055,2000_uv2,P,UV,P_UV,manual,2000_uv2/run3055.root,good,,0,0,469765.485,392901.5455,1.1956315529433315
3056,2000_uv2,P,UV,P_UV,manual,2000_uv2/run3056.root,good,,0,0,457566.51,392901.5455,1.1645831258253476
3057,2000_uv2,P,UV,P_UV,manual,2000_uv2/run3057.root,good,,0,0,434960.826,392901.5455,1.1070478876495027
3058,2000_uv2,P,UV,P_UV,manual,2000_uv2/run3058.root,good,,0,0,399194.597,392901.5455,1.0160168662406037
3059,2000_uv2,P,UV,P_UV,manual,2000_uv2/run3059.root,good,,0,0,25983.454,392901.5455,0.06613222650202072
3060,2000_uv2,P,UV,P_UV,manual,2000_uv2/run3060.root,good,,0,0,249988.941,392901.5455,0.6362635725493729
3061,2000_uv2,P,UV,P_UV,manual,2000_uv2/run3061.root,good,,0,0,239744.905,392901.5455,0.6101907914230895
3062,2000_uv2,P,UV,P_UV,manual,2000_uv2/run3062.root,good,,0,0,429083.746,392901.5455,1.092089738292974
3066,2000_uv2,P,UV,P_UV,manual,2000_uv2/run3066.root,good,,0,0,163959.08000000002,392901.5455,0.4173032197960647
3067,2000_uv2,P,UV,P_UV,manual,2000_uv2/run3067.root,good,,0,0,448790.39,392901.5455,1.1422464358822433
3068,2000_uv2,P,UV,P_UV,manual,2000_uv2/run3068.root,good,,0,0,424297.477,392901.5455,1.079907884964021
3070,2000_uv2,P,UV,P_UV,manual,2000_uv2/run3070.root,good,,0,0,199518.56399999998,392901.5455,0.5078080406787302
3071,2000_uv2,P,UV,P_UV,manual,2000_uv2/run3071.root,good,,0,0,176108.899,392901.5455,0.44822653669098383
3073,2000_uv2,P,UV,P_UV,manual,2000_uv2/run3073.root,good,,0,0,445782.909,392901.5455,1.1345918948542288
3074,2000_uv2,P,UV,P_UV,manual,2000_uv2/run3074.root,good,,0,0,231911.636,392901.5455,0.5902538146162625
3075,2000_uv2,P,UV,P_UV,manual,2000_uv2/run3075.root,good,,0,0,370978.245,392901.5455,0.9442015417065851
3076,2000_uv2,P,UV,P_UV,manual,2000_uv2/run3076.root,good,,0,0,351532.79000000004,392901.5455,0.894709613709066
3077,2000_uv2,P,UV,P_UV,manual,2000_uv2/run3077.root,good,,0,0,183369.725,392901.5455,0.46670655053455373
3078,2000_uv2,P,UV,P_UV,manual,2000_uv2/run3078.root,good,,0,0,172427.044,392901.5455,0.4388556012946505
3079,2000_uv2,P,UV,P_UV,manual,2000_uv2/run3079.root,good,,0,0,244133.603,392901.5455,0.62136076021111
3080,2000_uv2,P,UV,P_UV,manual,2000_uv2/run3080.root,good,,0,0,223010.738,392901.5455,0.5675995438404301
3081,2000_uv2,P,UV,P_UV,manual,2000_uv2/run3081.root,good,,0,0,424737.751,392901.5455,1.0810284557661531
3082,2000_uv2,P,UV,P_UV,manual,2000_uv2/run3082.root,good,,0,0,194905.048,392901.5455,0.4960658725634868
3086,2000_uv2,P,UV,P_UV,manual,2000_uv2/run3086.root,good,,0,0,483459.908,392901.5455,1.230486144778985
3087,2000_uv2,P,UV,P_UV,manual,2000_uv2/run3087.root,good,,0,0,447437.934,392901.5455,1.138804209666821
3089,2000_uv2,P,UV,P_UV,manual,2000_uv2/run3089.root,good,,0,0,709385.961,392901.5455,1.8055056517969335
3094,2000_uv2,P,UV,P_UV,manual,2000_uv2/run3094.root,good,,0,0,452012.739,392901.5455,1.1504478518270425
3095,2000_uv2,P,UV,P_UV,manual,2000_uv2/run3095.root,good,,0,0,422175.596,392901.5455,1.0745073437233401
3096,2000_uv2,P,UV,P_UV,manual,2000_uv2/run3096.root,good,,0,0,385509.049,392901.5455,0.9811848627609941
3097,2000_uv2,P,UV,P_UV,manual,2000_uv2/run3097.root,good,,0,0,187682.487,392901.5455,0.47768324953051117
3100,2000_uv2,P,UV,P_UV,manual,2000_uv2/run3100.root,good,,0,0,410312.816,392901.5455,1.0443145889839722
3101,2000_uv2,P,UV,P_UV,manual,2000_uv2/run3101.root,good,,0,0,370505.442,392901.5455,0.9429981791710716
3102,2000_uv2,P,UV,P_UV,manual,2000_uv2/run3102.root,good,,0,0,182942.52,392901.5455,0.46561924251835246
3104,2000_uv2,P,UV,P_UV,manual,2000_uv2/run3104.root,good,,0,0,287323.49,392901.5455,0.7312862300766898
3106,2000_uv2,P,UV,P_UV,manual,2000_uv2/run3106.root,good,,0,0,401121.744,392901.5455,1.0209217769544254
3112,2000_uv2,P,UV,P_UV,manual,2000_uv2/run3112.root,good,,0,0,436116.163,392901.5455,1.1099884131150612
3113,2000_uv2,P,UV,P_UV,manual,2000_uv2/run3113.root,good,,0,0,414421.352,392901.5455,1.0547714987290626
3114,2000_uv2,P,UV,P_UV,manual,2000_uv2/run3114.root,good,,0,0,386098.645,392901.5455,0.9826854829717131
3116,2000_uv2,P,UV,P_UV,manual,2000_uv2/run3116.root,good,,0,0,509997.6,392901.5455,1.2980289994812453
3117,2000_uv2,P,UV,P_UV,manual,2000_uv2/run3117.root,good,,0,0,466963.622,392901.5455,1.1885003440384787
3118,2000_uv2,P,UV,P_UV,manual,2000_uv2/run3118.root,good,,0,0,441908.326,392901.5455,1.1247304345357938
3119,2000_uv2,P,UV,P_UV,manual,2000_uv2/run3119.root,good,,0,0,410448.30299999996,392901.5455,1.044659426008799
3120,2000_uv2,P,UV,P_UV,manual,2000_uv2/run3120.root,good,,0,0,371253.322,392901.5455,0.9449016585759396
3121,2000_uv2,P,UV,P_UV,manual,2000_uv2/run3121.root,good,,0,0,347484.465,392901.5455,0.8844059510068789
3122,2000_uv2,P,UV,P_UV,manual,2000_uv2/run3122.root,good,,0,0,168611.918,392901.5455,0.42914546896329275
3125,2000_uv2,P,UV,P_UV,manual,2000_uv2/run3125.root,good,,0,0,504767.679,392901.5455,1.2847179777764453
3126,2000_uv2,P,UV,P_UV,manual,2000_uv2/run3126.root,good,,0,0,445161.311,392901.5455,1.1330098242130737
3127,2000_uv2,P,UV,P_UV,manual,2000_uv2/run3127.root,good,,0,0,406487.76900000003,392901.5455,1.034579206052016
3128,2000_uv2,P,UV,P_UV,manual,2000_uv2/run3128.root,good,,0,0,383833.18700000003,392901.5455,0.976919514306161
3129,2000_uv2,P,UV,P_UV,manual,2000_uv2/run3129.root,good,,0,0,175564.806,392901.5455,0.4468417292087236
3130,2000_uv2,P,UV,P_UV,manual,2000_uv2/run3130.root,good,,0,0,506528.368,392901.5455,1.2891992251020554
3132,2000_uv2,P,UV,P_UV,manual,2000_uv2/run3132.root,good,,0,0,424067.349,392901.5455,1.0793221708006744
3133,2000_uv2,P,UV,P_UV,manual,2000_uv2/run3133.root,good,,0,0,402576.442,392901.5455,1.0246242261218084
3135,2000_uv2,P,UV,P_UV,manual,2000_uv2/run3135.root,good,,0,0,374488.836,392901.5455,0.9531365816426904
3136,2000_uv2,P,UV,P_UV,manual,2000_uv2/run3136.root,good,,0,0,441662.163,392901.5455,1.1241039086215556
3138,2000_uv2,P,UV,P_UV,manual,2000_uv2/run3138.root,good,,0,0,415904.848,392901.5455,1.058547243612204
3139,2000_uv2,P,UV,P_UV,manual,2000_uv2/run3139.root,good,,0,0,393613.441,392901.5455,1.0018118928473392
3140,2000_uv2,P,UV,P_UV,manual,2000_uv2/run3140.root,good,,0,0,361288.788,392901.5455,0.9195402566824467
3142,2000_uv2,P,UV,P_UV,manual,2000_uv2/run3142.root,good,,0,0,486715.949,392901.5455,1.2387733124862448
3143,2000_uv2,P,UV,P_UV,manual,2000_uv2/run3143.root,good,,0,0,400770.978,392901.5455,1.0200290189492267
3144,2000_uv2,P,UV,P_UV,manual,2000_uv2/run3144.root,good,,0,0,385348.56299999997,392901.5455,0.9807763991093793
3145,2000_uv2,P,UV,P_UV,manual,2000_uv2/run3145.root,good,,0,0,357078.458,392901.5455,0.9088242642201568
3147,2000_uv2,P,UV,P_UV,manual,2000_uv2/run3147.root,good,,0,0,485547.259,392901.5455,1.2357988014073618
3148,2000_uv2,P,UV,P_UV,manual,2000_uv2/run3148.root,good,,0,0,454987.626,392901.5455,1.1580194356858289
3149,2000_uv2,P,UV,P_UV,manual,2000_uv2/run3149.root,good,,0,0,417966.903,392901.5455,1.0637955176992298
3150,2000_uv2,P,UV,P_UV,manual,2000_uv2/run3150.root,good,,0,0,387977.701,392901.5455,0.9874679940651951
3153,2000_uv2,P,UV,P_UV,manual,2000_uv2/run3153.root,good,,0,0,668770.495,392901.5455,1.702132512991095
3154,2000_uv2,P,UV,P_UV,manual,2000_uv2/run3154.root,good,,0,0,403851.608,392901.5455,1.0278697363892146
3155,2000_uv2,P,UV,P_UV,manual,2000_uv2/run3155.root,good,,0,0,183169.2,392901.5455,0.4661961809463028
3157,2000_uv2,P,UV,P_UV,manual,2000_uv2/run3157.root,good,,0,0,458990.356,392901.5455,1.1682070515042045
3158,2000_uv2,P,UV,P_UV,manual,2000_uv2/run3158.root,good,,0,0,424196.886,392901.5455,1.0796518640825759
3159,2000_uv2,P,UV,P_UV,manual,2000_uv2/run3159.root,good,,0,0,244139.027,392901.5455,0.6213745651962573
3160,2000_uv2,P,UV,P_UV,manual,2000_uv2/run3160.root,good,,0,0,450324.151,392901.5455,1.1461501135785173
3161,2000_uv2,P,UV,P_UV,manual,2000_uv2/run3161.root,good,,0,0,407411.94,392901.5455,1.0369313754710083
3162,2000_uv2,P,UV,P_UV,manual,2000_uv2/run3162.root,good,,0,0,382938.704,392901.5455,0.9746429058014485
3164,2000_uv2,P,UV,P_UV,manual,2000_uv2/run3164.root,good,,0,0,343244.544,392901.5455,0.8736146445114963
3165,2000_uv2,P,UV,P_UV,manual,2000_uv2/run3165.root,good,,0,0,320301.454,392901.5455,0.8152206517599458
3166,2000_uv2,P,UV,P_UV,manual,2000_uv2/run3166.root,good,,0,0,314388.559,392901.5455,0.8001713472516743
3167,2000_uv2,P,UV,P_UV,manual,2000_uv2/run3167.root,good,,0,0,144157.872,392901.5455,0.3669058410461254
3174,2001_uv,P,UV,P_UV,manual,2001_uv/run3174.root,bad,nonzero_flux_without_lookup;run_flux_conservation_failure,1,0,,,
3175,2001_uv,P,UV,P_UV,manual,2001_uv/run3175.root,bad,nonzero_flux_without_lookup;run_flux_conservation_failure,1,0,,,
3177,2001_uv,P,UV,P_UV,manual,2001_uv/run3177.root,bad,nonzero_flux_without_lookup;run_flux_conservation_failure,1,0,,,
3180,2001_uv,P,UV,P_UV,manual,2001_uv/run3180.root,bad,nonzero_flux_without_lookup;run_flux_conservation_failure,1,0,,,
3181,2001_uv,P,UV,P_UV,manual,2001_uv/run3181.root,bad,nonzero_flux_without_lookup;run_flux_conservation_failure,1,0,,,
3182,2001_uv,P,UV,P_UV,manual,2001_uv/run3182.root,bad,nonzero_flux_without_lookup;run_flux_conservation_failure,1,0,,,
3183,2001_uv,P,UV,P_UV,manual,2001_uv/run3183.root,bad,nonzero_flux_without_lookup;run_flux_conservation_failure,1,0,,,
3184,2001_uv,P,UV,P_UV,manual,2001_uv/run3184.root,bad,nonzero_flux_without_lookup;run_flux_conservation_failure,1,0,,,
3185,2001_uv,P,UV,P_UV,manual,2001_uv/run3185.root,bad,nonzero_flux_without_lookup;run_flux_conservation_failure,1,0,,,
3186,2001_uv,P,UV,P_UV,manual,2001_uv/run3186.root,bad,nonzero_flux_without_lookup;run_flux_conservation_failure,1,0,,,
3188,2001_uv,P,UV,P_UV,manual,2001_uv/run3188.root,bad,nonzero_flux_without_lookup;run_flux_conservation_failure,1,0,,,
3189,2001_uv,P,UV,P_UV,manual,2001_uv/run3189.root,bad,nonzero_flux_without_lookup;run_flux_conservation_failure,1,0,,,
3190,2001_uv,P,UV,P_UV,manual,2001_uv/run3190.root,bad,nonzero_flux_without_lookup;run_flux_conservation_failure,1,0,,,
3191,2001_uv,P,UV,P_UV,manual,2001_uv/run3191.root,bad,nonzero_flux_without_lookup;run_flux_conservation_failure,1,0,,,
3192,2001_uv,P,UV,P_UV,manual,2001_uv/run3192.root,bad,nonzero_flux_without_lookup;run_flux_conservation_failure,1,0,,,
3193,2001_uv,P,UV,P_UV,manual,2001_uv/run3193.root,bad,nonzero_flux_without_lookup;run_flux_conservation_failure,1,0,,,
3194,2001_uv,P,UV,P_UV,manual,2001_uv/run3194.root,bad,nonzero_flux_without_lookup;run_flux_conservation_failure,1,0,,,
3195,2001_uv,P,UV,P_UV,manual,2001_uv/run3195.root,bad,nonzero_flux_without_lookup;run_flux_conservation_failure,1,0,,,
3196,2001_uv,P,UV,P_UV,manual,2001_uv/run3196.root,bad,nonzero_flux_without_lookup;run_flux_conservation_failure,1,0,,,
3197,2001_uv,P,UV,P_UV,manual,2001_uv/run3197.root,bad,nonzero_flux_without_lookup;run_flux_conservation_failure,1,0,,,
3198,2001_uv,P,UV,P_UV,manual,2001_uv/run3198.root,bad,nonzero_flux_without_lookup;run_flux_conservation_failure,1,0,,,
3199,2001_uv,P,UV,P_UV,manual,2001_uv/run3199.root,bad,nonzero_flux_without_lookup;run_flux_conservation_failure,1,0,,,
3200,2001_uv,P,UV,P_UV,manual,2001_uv/run3200.root,bad,nonzero_flux_without_lookup;run_flux_conservation_failure,1,0,,,
3201,2001_uv,P,UV,P_UV,manual,2001_uv/run3201.root,bad,nonzero_flux_without_lookup;run_flux_conservation_failure,1,0,,,
3202,2001_uv,P,UV,P_UV,manual,2001_uv/run3202.root,bad,nonzero_flux_without_lookup;run_flux_conservation_failure,1,0,,,
3205,2001_uv,P,UV,P_UV,manual,2001_uv/run3205.root,bad,nonzero_flux_without_lookup;run_flux_conservation_failure,1,0,,,
3206,2001_uv,P,UV,P_UV,manual,2001_uv/run3206.root,bad,nonzero_flux_without_lookup;run_flux_conservation_failure,1,0,,,
3208,2001_uv,P,UV,P_UV,manual,2001_uv/run3208.root,bad,nonzero_flux_without_lookup;run_flux_conservation_failure,1,0,,,
3209,2001_uv,P,UV,P_UV,manual,2001_uv/run3209.root,bad,nonzero_flux_without_lookup;run_flux_conservation_failure,1,0,,,
3210,2001_uv,P,UV,P_UV,manual,2001_uv/run3210.root,bad,nonzero_flux_without_lookup;run_flux_conservation_failure,1,0,,,
3211,2001_uv,P,UV,P_UV,manual,2001_uv/run3211.root,bad,nonzero_flux_without_lookup;run_flux_conservation_failure,1,0,,,
3212,2001_uv,P,UV,P_UV,manual,2001_uv/run3212.root,bad,nonzero_flux_without_lookup;run_flux_conservation_failure,1,0,,,
3213,2001_uv,P,UV,P_UV,manual,2001_uv/run3213.root,bad,nonzero_flux_without_lookup;run_flux_conservation_failure,1,0,,,
3214,2001_uv,P,UV,P_UV,manual,2001_uv/run3214.root,bad,nonzero_flux_without_lookup;run_flux_conservation_failure,1,0,,,
3215,2001_uv,P,UV,P_UV,manual,2001_uv/run3215.root,bad,nonzero_flux_without_lookup;run_flux_conservation_failure,1,0,,,
3216,2001_uv,P,UV,P_UV,manual,2001_uv/run3216.root,bad,nonzero_flux_without_lookup;run_flux_conservation_failure,1,0,,,
3217,2001_uv,P,UV,P_UV,manual,2001_uv/run3217.root,bad,nonzero_flux_without_lookup;run_flux_conservation_failure,1,0,,,
3218,2001_uv,P,UV,P_UV,manual,2001_uv/run3218.root,bad,nonzero_flux_without_lookup;run_flux_conservation_failure,1,0,,,
3219,2001_uv,P,UV,P_UV,manual,2001_uv/run3219.root,bad,nonzero_flux_without_lookup;run_flux_conservation_failure,1,0,,,
3220,2001_uv,P,UV,P_UV,manual,2001_uv/run3220.root,bad,nonzero_flux_without_lookup;run_flux_conservation_failure,1,0,,,
3221,2001_uv,P,UV,P_UV,manual,2001_uv/run3221.root,bad,nonzero_flux_without_lookup;run_flux_conservation_failure,1,0,,,
3222,2001_uv,P,UV,P_UV,manual,2001_uv/run3222.root,bad,nonzero_flux_without_lookup;run_flux_conservation_failure,1,0,,,
3223,2001_uv,P,UV,P_UV,manual,2001_uv/run3223.root,bad,nonzero_flux_without_lookup;run_flux_conservation_failure,1,0,,,
3224,2001_uv,P,UV,P_UV,manual,2001_uv/run3224.root,bad,nonzero_flux_without_lookup;run_flux_conservation_failure,1,0,,,
3225,2001_uv,P,UV,P_UV,manual,2001_uv/run3225.root,bad,nonzero_flux_without_lookup;run_flux_conservation_failure,1,0,,,
3227,2001_uv,P,UV,P_UV,manual,2001_uv/run3227.root,bad,nonzero_flux_without_lookup;run_flux_conservation_failure,1,0,,,
3229,2001_uv,P,UV,P_UV,manual,2001_uv/run3229.root,bad,nonzero_flux_without_lookup;run_flux_conservation_failure,1,0,,,
3230,2001_uv,P,UV,P_UV,manual,2001_uv/run3230.root,bad,nonzero_flux_without_lookup;run_flux_conservation_failure,1,0,,,
3231,2001_uv,P,UV,P_UV,manual,2001_uv/run3231.root,bad,nonzero_flux_without_lookup;run_flux_conservation_failure,1,0,,,
3233,2001_uv,P,UV,P_UV,manual,2001_uv/run3233.root,bad,nonzero_flux_without_lookup;run_flux_conservation_failure,1,0,,,
3235,2001_uv,P,UV,P_UV,manual,2001_uv/run3235.root,bad,nonzero_flux_without_lookup;run_flux_conservation_failure,1,0,,,
3236,2001_uv,P,UV,P_UV,manual,2001_uv/run3236.root,bad,nonzero_flux_without_lookup;run_flux_conservation_failure,1,0,,,
3237,2001_uv,P,UV,P_UV,manual,2001_uv/run3237.root,bad,nonzero_flux_without_lookup;run_flux_conservation_failure,1,0,,,
3238,2001_uv,P,UV,P_UV,manual,2001_uv/run3238.root,bad,nonzero_flux_without_lookup;run_flux_conservation_failure,1,0,,,
3239,2001_uv,P,UV,P_UV,manual,2001_uv/run3239.root,bad,nonzero_flux_without_lookup;run_flux_conservation_failure,1,0,,,
3240,2001_uv,P,UV,P_UV,manual,2001_uv/run3240.root,bad,nonzero_flux_without_lookup;run_flux_conservation_failure,1,0,,,
3241,2001_uv,P,UV,P_UV,manual,2001_uv/run3241.root,bad,nonzero_flux_without_lookup;run_flux_conservation_failure,1,0,,,
3242,2001_uv,P,UV,P_UV,manual,2001_uv/run3242.root,bad,nonzero_flux_without_lookup;run_flux_conservation_failure,1,0,,,
3243,2001_uv,P,UV,P_UV,manual,2001_uv/run3243.root,bad,nonzero_flux_without_lookup;run_flux_conservation_failure,1,0,,,
3244,2001_uv,P,UV,P_UV,manual,2001_uv/run3244.root,bad,nonzero_flux_without_lookup;run_flux_conservation_failure,1,0,,,
3245,2001_uv,P,UV,P_UV,manual,2001_uv/run3245.root,bad,nonzero_flux_without_lookup;run_flux_conservation_failure,1,0,,,
3246,2001_uv,P,UV,P_UV,manual,2001_uv/run3246.root,bad,nonzero_flux_without_lookup;run_flux_conservation_failure,1,0,,,
3247,2001_uv,P,UV,P_UV,manual,2001_uv/run3247.root,bad,nonzero_flux_without_lookup;run_flux_conservation_failure,1,0,,,
3248,2001_uv,P,UV,P_UV,manual,2001_uv/run3248.root,bad,nonzero_flux_without_lookup;run_flux_conservation_failure,1,0,,,
3249,2001_uv,P,UV,P_UV,manual,2001_uv/run3249.root,bad,nonzero_flux_without_lookup;run_flux_conservation_failure,1,0,,,
3250,2001_uv,P,UV,P_UV,manual,2001_uv/run3250.root,bad,nonzero_flux_without_lookup;run_flux_conservation_failure,1,0,,,
3251,2001_uv,P,UV,P_UV,manual,2001_uv/run3251.root,bad,nonzero_flux_without_lookup;run_flux_conservation_failure,1,0,,,
3252,2001_uv,P,UV,P_UV,manual,2001_uv/run3252.root,bad,nonzero_flux_without_lookup;run_flux_conservation_failure,1,0,,,
3253,2001_uv,P,UV,P_UV,manual,2001_uv/run3253.root,bad,nonzero_flux_without_lookup;run_flux_conservation_failure,1,0,,,
3254,2001_uv,P,UV,P_UV,manual,2001_uv/run3254.root,bad,nonzero_flux_without_lookup;run_flux_conservation_failure,1,0,,,
3255,2001_uv,P,UV,P_UV,manual,2001_uv/run3255.root,bad,nonzero_flux_without_lookup;run_flux_conservation_failure,1,0,,,
3256,2001_uv,P,UV,P_UV,manual,2001_uv/run3256.root,bad,nonzero_flux_without_lookup;run_flux_conservation_failure,1,0,,,
3257,2001_uv,P,UV,P_UV,manual,2001_uv/run3257.root,bad,nonzero_flux_without_lookup;run_flux_conservation_failure,1,0,,,
3258,2001_uv,P,UV,P_UV,manual,2001_uv/run3258.root,bad,nonzero_flux_without_lookup;run_flux_conservation_failure,1,0,,,
3259,2001_uv,P,UV,P_UV,manual,2001_uv/run3259.root,bad,nonzero_flux_without_lookup;run_flux_conservation_failure,1,0,,,
3261,2001_uv,P,UV,P_UV,manual,2001_uv/run3261.root,bad,nonzero_flux_without_lookup;run_flux_conservation_failure,1,0,,,
3262,2001_uv,P,UV,P_UV,manual,2001_uv/run3262.root,bad,nonzero_flux_without_lookup;run_flux_conservation_failure,1,0,,,
3263,2001_uv,P,UV,P_UV,manual,2001_uv/run3263.root,bad,nonzero_flux_without_lookup;run_flux_conservation_failure,1,0,,,
3264,2001_uv,P,UV,P_UV,manual,2001_uv/run3264.root,bad,nonzero_flux_without_lookup;run_flux_conservation_failure,1,0,,,
3265,2001_uv,P,UV,P_UV,manual,2001_uv/run3265.root,bad,nonzero_flux_without_lookup;run_flux_conservation_failure,1,0,,,
3266,2001_uv,P,UV,P_UV,manual,2001_uv/run3266.root,bad,nonzero_flux_without_lookup;run_flux_conservation_failure,1,0,,,
3267,2001_uv,P,UV,P_UV,manual,2001_uv/run3267.root,bad,nonzero_flux_without_lookup;run_flux_conservation_failure,1,0,,,
3268,2001_uv,P,UV,P_UV,manual,2001_uv/run3268.root,bad,nonzero_flux_without_lookup;run_flux_conservation_failure,1,0,,,
3269,2001_uv,P,UV,P_UV,manual,2001_uv/run3269.root,bad,nonzero_flux_without_lookup;run_flux_conservation_failure,1,0,,,
3270,2001_uv,P,UV,P_UV,manual,2001_uv/run3270.root,bad,nonzero_flux_without_lookup;run_flux_conservation_failure,1,0,,,
3271,2001_uv,P,UV,P_UV,manual,2001_uv/run3271.root,bad,nonzero_flux_without_lookup;run_flux_conservation_failure,1,0,,,
3273,2001_uv,P,UV,P_UV,manual,2001_uv/run3273.root,bad,nonzero_flux_without_lookup;run_flux_conservation_failure,1,0,,,
3274,2001_uv,P,UV,P_UV,manual,2001_uv/run3274.root,bad,nonzero_flux_without_lookup;run_flux_conservation_failure,1,0,,,
3275,2001_uv,P,UV,P_UV,manual,2001_uv/run3275.root,bad,nonzero_flux_without_lookup;run_flux_conservation_failure,1,0,,,
3283,2001_uv,P,UV,P_UV,manual,2001_uv/run3283.root,bad,nonzero_flux_without_lookup;run_flux_conservation_failure,1,0,,,
3285,2001_uv,P,UV,P_UV,manual,2001_uv/run3285.root,bad,nonzero_flux_without_lookup;run_flux_conservation_failure,1,0,,,
3286,2001_uv,P,UV,P_UV,manual,2001_uv/run3286.root,bad,nonzero_flux_without_lookup;run_flux_conservation_failure,1,0,,,
3287,2001_uv,P,UV,P_UV,manual,2001_uv/run3287.root,bad,nonzero_flux_without_lookup;run_flux_conservation_failure,1,0,,,
3288,2001_uv,P,UV,P_UV,manual,2001_uv/run3288.root,bad,nonzero_flux_without_lookup;run_flux_conservation_failure,1,0,,,
3289,2001_uv,P,UV,P_UV,manual,2001_uv/run3289.root,bad,nonzero_flux_without_lookup;run_flux_conservation_failure,1,0,,,
3290,2001_uv,P,UV,P_UV,manual,2001_uv/run3290.root,bad,nonzero_flux_without_lookup;run_flux_conservation_failure,1,0,,,
3292,2001_uv,P,UV,P_UV,manual,2001_uv/run3292.root,bad,nonzero_flux_without_lookup;run_flux_conservation_failure,1,0,,,
3293,2001_uv,P,UV,P_UV,manual,2001_uv/run3293.root,bad,nonzero_flux_without_lookup;run_flux_conservation_failure,1,0,,,
3294,2001_uv,P,UV,P_UV,manual,2001_uv/run3294.root,bad,nonzero_flux_without_lookup;run_flux_conservation_failure,1,0,,,
3295,2001_uv,P,UV,P_UV,manual,2001_uv/run3295.root,bad,nonzero_flux_without_lookup;run_flux_conservation_failure,1,0,,,
3296,2001_uv,P,UV,P_UV,manual,2001_uv/run3296.root,bad,nonzero_flux_without_lookup;run_flux_conservation_failure,1,0,,,
3297,2001_uv,P,UV,P_UV,manual,2001_uv/run3297.root,bad,nonzero_flux_without_lookup;run_flux_conservation_failure,1,0,,,
3298,2001_uv,P,UV,P_UV,manual,2001_uv/run3298.root,bad,nonzero_flux_without_lookup;run_flux_conservation_failure,1,0,,,
3299,2001_uv,P,UV,P_UV,manual,2001_uv/run3299.root,bad,nonzero_flux_without_lookup;run_flux_conservation_failure,1,0,,,
3300,2001_uv,P,UV,P_UV,manual,2001_uv/run3300.root,bad,nonzero_flux_without_lookup;run_flux_conservation_failure,1,0,,,
3302,2001_uv,P,UV,P_UV,manual,2001_uv/run3302.root,bad,nonzero_flux_without_lookup;run_flux_conservation_failure,1,0,,,
3303,2001_uv,P,UV,P_UV,manual,2001_uv/run3303.root,bad,nonzero_flux_without_lookup;run_flux_conservation_failure,1,0,,,
3304,2001_uv,P,UV,P_UV,manual,2001_uv/run3304.root,bad,nonzero_flux_without_lookup;run_flux_conservation_failure,1,0,,,
3305,2001_uv,P,UV,P_UV,manual,2001_uv/run3305.root,bad,nonzero_flux_without_lookup;run_flux_conservation_failure,1,0,,,
3306,2001_uv,P,UV,P_UV,manual,2001_uv/run3306.root,bad,nonzero_flux_without_lookup;run_flux_conservation_failure,1,0,,,
3307,2001_uv,P,UV,P_UV,manual,2001_uv/run3307.root,bad,nonzero_flux_without_lookup;run_flux_conservation_failure,1,0,,,
3308,2001_uv,P,UV,P_UV,manual,2001_uv/run3308.root,bad,nonzero_flux_without_lookup;run_flux_conservation_failure,1,0,,,
3309,2001_uv,P,UV,P_UV,manual,2001_uv/run3309.root,bad,nonzero_flux_without_lookup;run_flux_conservation_failure,1,0,,,
3310,2001_uv,P,UV,P_UV,manual,2001_uv/run3310.root,bad,nonzero_flux_without_lookup;run_flux_conservation_failure,1,0,,,
3311,2001_uv,P,UV,P_UV,manual,2001_uv/run3311.root,bad,nonzero_flux_without_lookup;run_flux_conservation_failure,1,0,,,
3312,2001_uv,P,UV,P_UV,manual,2001_uv/run3312.root,bad,nonzero_flux_without_lookup;run_flux_conservation_failure,1,0,,,
3313,2001_uv,P,UV,P_UV,manual,2001_uv/run3313.root,bad,nonzero_flux_without_lookup;run_flux_conservation_failure,1,0,,,
3314,2001_uv,P,UV,P_UV,manual,2001_uv/run3314.root,bad,nonzero_flux_without_lookup;run_flux_conservation_failure,1,0,,,
3315,2001_uv,P,UV,P_UV,manual,2001_uv/run3315.root,bad,nonzero_flux_without_lookup;run_flux_conservation_failure,1,0,,,
3316,2001_uv,P,UV,P_UV,manual,2001_uv/run3316.root,bad,nonzero_flux_without_lookup;run_flux_conservation_failure,1,0,,,
3317,2001_uv,P,UV,P_UV,manual,2001_uv/run3317.root,bad,nonzero_flux_without_lookup;run_flux_conservation_failure,1,0,,,
3318,2001_uv,P,UV,P_UV,manual,2001_uv/run3318.root,bad,nonzero_flux_without_lookup;run_flux_conservation_failure,1,0,,,
3319,2001_uv,P,UV,P_UV,manual,2001_uv/run3319.root,bad,nonzero_flux_without_lookup;run_flux_conservation_failure,1,0,,,
3320,2001_uv,P,UV,P_UV,manual,2001_uv/run3320.root,bad,nonzero_flux_without_lookup;run_flux_conservation_failure,1,0,,,
3321,2001_uv,P,UV,P_UV,manual,2001_uv/run3321.root,bad,nonzero_flux_without_lookup;run_flux_conservation_failure,1,0,,,
3322,2001_uv,P,UV,P_UV,manual,2001_uv/run3322.root,bad,nonzero_flux_without_lookup;run_flux_conservation_failure,1,0,,,
3323,2001_uv,P,UV,P_UV,manual,2001_uv/run3323.root,bad,nonzero_flux_without_lookup;run_flux_conservation_failure,1,0,,,
3324,2001_uv,P,UV,P_UV,manual,2001_uv/run3324.root,bad,nonzero_flux_without_lookup;run_flux_conservation_failure,1,0,,,
3325,2001_uv,P,UV,P_UV,manual,2001_uv/run3325.root,bad,nonzero_flux_without_lookup;run_flux_conservation_failure,1,0,,,
3327,2001_uv,P,UV,P_UV,manual,2001_uv/run3327.root,bad,nonzero_flux_without_lookup;run_flux_conservation_failure,1,0,,,
3328,2001_uv,P,UV,P_UV,manual,2001_uv/run3328.root,bad,nonzero_flux_without_lookup;run_flux_conservation_failure,1,0,,,
3329,2001_uv,P,UV,P_UV,manual,2001_uv/run3329.root,bad,nonzero_flux_without_lookup;run_flux_conservation_failure,1,0,,,
3331,2001_uv,P,UV,P_UV,manual,2001_uv/run3331.root,bad,nonzero_flux_without_lookup;run_flux_conservation_failure,1,0,,,
3332,2001_uv,P,UV,P_UV,manual,2001_uv/run3332.root,bad,nonzero_flux_without_lookup;run_flux_conservation_failure,1,0,,,
3334,2001_uv,P,UV,P_UV,manual,2001_uv/run3334.root,bad,nonzero_flux_without_lookup;run_flux_conservation_failure,1,0,,,
3337,2001_uv,P,UV,P_UV,manual,2001_uv/run3337.root,bad,nonzero_flux_without_lookup;run_flux_conservation_failure,1,0,,,
3338,2001_uv,P,UV,P_UV,manual,2001_uv/run3338.root,bad,nonzero_flux_without_lookup;run_flux_conservation_failure,1,0,,,
3344,2001_d,D,VIS,D_VIS,manual,2001_d/run3344.root,review,negative_net_flux,0,2,244626.038,549717.534,0.44500315683945424
3346,2001_d,D,VIS,D_VIS,manual,2001_d/run3346.root,good,,0,0,313649.298,549717.534,0.5705644783016872
3349,2001_d,D,VIS,D_VIS,manual,2001_d/run3349.root,review,negative_net_flux,0,2,141434.359,549717.534,0.2572855152915679
3350,2001_d,D,VIS,D_VIS,manual,2001_d/run3350.root,good,,0,0,141699.076,549717.534,0.25776706624024115
3351,2001_d,D,VIS,D_VIS,manual,2001_d/run3351.root,good,,0,0,349784.488,549717.534,0.6362985831192353
3352,2001_d,D,VIS,D_VIS,manual,2001_d/run3352.root,good,,0,0,120797.279,549717.534,0.21974427142795122
3353,2001_d,D,VIS,D_VIS,manual,2001_d/run3353.root,review,negative_net_flux,0,3,235818.603,549717.534,0.4289814102964378
3356,2001_d,D,VIS,D_VIS,manual,2001_d/run3356.root,good,,0,0,465494.223,549717.534,0.8467880215005112
3359,2001_d,D,VIS,D_VIS,manual,2001_d/run3359.root,good,,0,0,515140.387,549717.534,0.9371001562413325
3360,2001_d,D,VIS,D_VIS,manual,2001_d/run3360.root,good,,0,0,339902.262,549717.534,0.618321666996345
3361,2001_d,D,VIS,D_VIS,manual,2001_d/run3361.root,good,,0,0,417137.874,549717.534,0.7588222099533758
3363,2001_d,D,VIS,D_VIS,manual,2001_d/run3363.root,good,,0,0,491313.99700000003,549717.534,0.8937571873048533
3365,2001_d,D,VIS,D_VIS,manual,2001_d/run3365.root,review,negative_net_flux,0,2,165447.377,549717.534,0.30096798222193877
3366,2001_d,D,VIS,D_VIS,manual,2001_d/run3366.root,good,,0,0,588541.792,549717.534,1.0706258316293764
3367,2001_d,D,VIS,D_VIS,manual,2001_d/run3367.root,review,negative_net_flux,0,1,187165.006,549717.534,0.34047487013575956
3369,2001_d,D,VIS,D_VIS,manual,2001_d/run3369.root,good,,0,0,391836.598,549717.534,0.71279625219304
3370,2001_d,D,VIS,D_VIS,manual,2001_d/run3370.root,review,negative_net_flux,0,2,206582.85,549717.534,0.37579818219878725
3372,2001_d,D,VIS,D_VIS,manual,2001_d/run3372.root,good,,0,0,320019.874,549717.534,0.5821532954777463
3373,2001_d,D,VIS,D_VIS,manual,2001_d/run3373.root,good,,0,0,594586.095,549717.534,1.081621120347964
3374,2001_d,D,VIS,D_VIS,manual,2001_d/run3374.root,good,,0,0,529833.829,549717.534,0.9638292327055372
3375,2001_d,D,VIS,D_VIS,manual,2001_d/run3375.root,good,,0,0,398954.071,549717.534,0.725743761704352
3377,2001_d,D,VIS,D_VIS,manual,2001_d/run3377.root,good,,0,0,202028.544,549717.534,0.3675133709669883
3378,2001_d,D,VIS,D_VIS,manual,2001_d/run3378.root,good,,0,0,573509.787,549717.534,1.0432808697712015
3379,2001_d,D,VIS,D_VIS,manual,2001_d/run3379.root,good,,0,0,539426.781,549717.534,0.9812799258464256
3380,2001_d,D,VIS,D_VIS,manual,2001_d/run3380.root,good,,0,0,325990.117,549717.534,0.5930138604601978
3381,2001_d,D,VIS,D_VIS,manual,2001_d/run3381.root,good,,0,0,603390.392,549717.534,1.097637158504753
3382,2001_d,D,VIS,D_VIS,manual,2001_d/run3382.root,good,,0,0,515800.651,549717.534,0.9383012530941027
3383,2001_d,D,VIS,D_VIS,manual,2001_d/run3383.root,good,,0,0,428238.238,549717.534,0.7790150604874103
3384,2001_d,D,VIS,D_VIS,manual,2001_d/run3384.root,good,,0,0,263745.248,549717.534,0.4797832189940662
3385,2001_d,D,VIS,D_VIS,manual,2001_d/run3385.root,good,,0,0,577400.969,549717.534,1.0503593814782703
3386,2001_d,D,VIS,D_VIS,manual,2001_d/run3386.root,good,,0,0,507291.258,549717.534,0.9228216795427886
3387,2001_d,D,VIS,D_VIS,manual,2001_d/run3387.root,good,,0,0,406416.821,549717.534,0.7393193701549277
3388,2001_d,D,VIS,D_VIS,manual,2001_d/run3388.root,good,,0,0,280405.39,549717.534,0.5100899510329245
3389,2001_d,D,VIS,D_VIS,manual,2001_d/run3389.root,good,,0,0,579996.467,549717.534,1.055080893599439
3390,2001_d,D,VIS,D_VIS,manual,2001_d/run3390.root,good,,0,0,521642.44,549717.534,0.9489281453409125
3391,2001_d,D,VIS,D_VIS,manual,2001_d/run3391.root,good,,0,0,459815.857,549717.534,0.8364584146591912
3392,2001_d,D,VIS,D_VIS,manual,2001_d/run3392.root,good,,0,0,280851.73,549717.534,0.5109018952995594
3394,2001_d,D,VIS,D_VIS,manual,2001_d/run3394.root,good,,0,0,613240.14,549717.534,1.1155549933759255
3395,2001_d,D,VIS,D_VIS,manual,2001_d/run3395.root,review,negative_net_flux,0,2,163664.153,549717.534,0.29772409078732426
3396,2001_d,D,VIS,D_VIS,manual,2001_d/run3396.root,review,negative_net_flux,0,1,204025.85,549717.534,0.3711467024080771
3397,2001_d,D,VIS,D_VIS,manual,2001_d/run3397.root,good,,0,0,375108.438,549717.534,0.6823657875173398
3398,2001_d,D,VIS,D_VIS,manual,2001_d/run3398.root,good,,0,0,585058.085,549717.534,1.064288564242886
3399,2001_d,D,VIS,D_VIS,manual,2001_d/run3399.root,good,,0,0,513867.217,549717.534,0.93478411223463
3400,2001_d,D,VIS,D_VIS,manual,2001_d/run3400.root,good,,0,0,307761.993,549717.534,0.5598547871678403
3401,2001_d,D,VIS,D_VIS,manual,2001_d/run3401.root,review,negative_net_flux,0,1,130242.84,549717.534,0.23692684323218258
3402,2001_d,D,VIS,D_VIS,manual,2001_d/run3402.root,review,negative_net_flux,0,1,549717.534,549717.534,1.0
3405,2001_d,D,VIS,D_VIS,manual,2001_d/run3405.root,review,negative_net_flux,0,4,178537.929,549717.534,0.3247812157288765
3407,2001_d,D,VIS,D_VIS,manual,2001_d/run3407.root,review,negative_net_flux,0,1,495943.568,549717.534,0.9021789143076525
3409,2001_d,D,VIS,D_VIS,manual,2001_d/run3409.root,good,,0,0,630418.423,549717.534,1.1468042840343529
3412,2001_d,D,VIS,D_VIS,manual,2001_d/run3412.root,good,,0,0,553481.854,549717.534,1.0068477350042104
3413,2001_d,D,VIS,D_VIS,manual,2001_d/run3413.root,good,,0,0,436288.366,549717.534,0.793659177696886
3414,2001_d,D,VIS,D_VIS,manual,2001_d/run3414.root,review,negative_net_flux,0,2,156538.567,549717.534,0.2847618227873372
3415,2001_d,D,VIS,D_VIS,manual,2001_d/run3415.root,good,,0,0,593964.723,549717.534,1.080490772557384
3416,2001_d,D,VIS,D_VIS,manual,2001_d/run3416.root,good,,0,0,543220.345,549717.534,0.988180859080984
3417,2001_d,D,VIS,D_VIS,manual,2001_d/run3417.root,good,,0,0,515865.107,549717.534,0.9384185060395036
3418,2001_d,D,VIS,D_VIS,manual,2001_d/run3418.root,review,negative_net_flux,0,2,161596.051,549717.534,0.2939619732049515
3419,2001_d,D,VIS,D_VIS,manual,2001_d/run3419.root,good,,0,0,629023.178,549717.534,1.1442661714334184
3420,2001_d,D,VIS,D_VIS,manual,2001_d/run3420.root,good,,0,0,565938.506,549717.534,1.0295078308344445
3423,2001_d,D,VIS,D_VIS,manual,2001_d/run3423.root,good,,0,0,635622.37,549717.534,1.1562708676489115
3424,2001_d,D,VIS,D_VIS,manual,2001_d/run3424.root,good,,0,0,581442.659,549717.534,1.0577116847067862
3425,2001_d,D,VIS,D_VIS,manual,2001_d/run3425.root,review,negative_net_flux,0,1,510285.411,549717.534,0.9282683913807996
3426,2001_d,D,VIS,D_VIS,manual,2001_d/run3426.root,good,,0,0,467228.624,549717.534,0.8499430982312455
3427,2001_d,D,VIS,D_VIS,manual,2001_d/run3427.root,good,,0,0,293055.385,549717.534,0.5331017602214595
3428,2001_d,D,VIS,D_VIS,manual,2001_d/run3428.root,good,,0,0,583315.169,549717.534,1.061117997738817
3429,2001_d,D,VIS,D_VIS,manual,2001_d/run3429.root,review,negative_net_flux,0,1,553490.876,549717.534,1.006864147069393
3430,2001_d,D,VIS,D_VIS,manual,2001_d/run3430.root,good,,0,0,684129.5059999999,549717.534,1.2445109782508774
3432,2001_d,D,VIS,D_VIS,manual,2001_d/run3432.root,good,,0,0,602206.074,549717.534,1.0954827465990926
3433,2001_d,D,VIS,D_VIS,manual,2001_d/run3433.root,good,,0,0,551712.736,549717.534,1.0036295040208778
3434,2001_d,D,VIS,D_VIS,manual,2001_d/run3434.root,good,,0,0,683031.073,549717.534,1.2425128011288793
3435,2001_d,D,VIS,D_VIS,manual,2001_d/run3435.root,good,,0,0,1014962.52,549717.534,1.8463346304686
3436,2001_d,D,VIS,D_VIS,manual,2001_d/run3436.root,good,,0,0,885866.082,549717.534,1.6114932255371721
3439,2001_d,D,VIS,D_VIS,manual,2001_d/run3439.root,good,,0,0,831187.532,549717.534,1.5120265965538586
3440,2001_d,D,VIS,D_VIS,manual,2001_d/run3440.root,good,,0,0,745592.7660000001,549717.534,1.3563197822247381
3441,2001_d,D,VIS,D_VIS,manual,2001_d/run3441.root,good,,0,0,493672.591,549717.534,0.8980477435526006
3442,2001_d,D,VIS,D_VIS,manual,2001_d/run3442.root,good,,0,0,920212.953,549717.534,1.6739741705237294
3443,2001_d,D,VIS,D_VIS,manual,2001_d/run3443.root,bad,nonzero_flux_without_lookup;run_flux_conservation_failure,1,0,,549717.534,
3445,2001_d,D,VIS,D_VIS,manual,2001_d/run3445.root,good,,0,0,759751.385,549717.534,1.3820759535750955
3446,2001_d,D,VIS,D_VIS,manual,2001_d/run3446.root,good,,0,0,700587.229,549717.534,1.2744494866339848
3447,2001_d,D,VIS,D_VIS,manual,2001_d/run3447.root,good,,0,0,336789.048,549717.534,0.6126583693799369
3448,2001_d,D,VIS,D_VIS,manual,2001_d/run3448.root,good,,0,0,601185.254,549717.534,1.0936257565326268
3451,2001_d,D,VIS,D_VIS,manual,2001_d/run3451.root,good,,0,0,842640.474,549717.534,1.5328608273935829
3452,2001_d,D,VIS,D_VIS,manual,2001_d/run3452.root,good,,0,0,810980.183,549717.534,1.4752670832580719
3453,2001_d,D,VIS,D_VIS,manual,2001_d/run3453.root,good,,0,0,920412.519,549717.534,1.6743372042413331
3454,2001_d,D,VIS,D_VIS,manual,2001_d/run3454.root,review,negative_net_flux,0,3,156281.37,549717.534,0.28429395159150955
3455,2001_d,D,VIS,D_VIS,manual,2001_d/run3455.root,good,,0,0,819806.238,549717.534,1.4913227017423099
3456,2001_d,D,VIS,D_VIS,manual,2001_d/run3456.root,good,,0,0,366136.153,549717.534,0.6660441596902019
3458,2001_d,D,VIS,D_VIS,manual,2001_d/run3458.root,good,,0,0,651000.071,549717.534,1.1842446906559834
3460,2001_d,D,VIS,D_VIS,manual,2001_d/run3460.root,good,,0,0,803455.361,549717.534,1.4615785586348062
3461,2001_d,D,VIS,D_VIS,manual,2001_d/run3461.root,bad,brem_period_outlier;negative_net_flux,0,14,304524852.25,549717.534,553.9660524090177
3464,2001_d,D,VIS,D_VIS,manual,2001_d/run3464.root,good,,0,0,363868.96,549717.534,0.6619198724703587
3465,2001_d,D,VIS,D_VIS,manual,2001_d/run3465.root,good,,0,0,833102.1359999999,549717.534,1.5155094834577352
3467,2001_d,D,VIS,D_VIS,manual,2001_d/run3467.root,good,,0,0,502716.718,549717.534,0.9145000603164315
3468,2001_d,D,VIS,D_VIS,manual,2001_d/run3468.root,good,,0,0,820363.268,549717.534,1.492336003966721
3469,2001_d,D,VIS,D_VIS,manual,2001_d/run3469.root,bad,nonzero_flux_without_lookup;run_flux_conservation_failure,4,0,,549717.534,
3470,2001_d,D,VIS,D_VIS,manual,2001_d/run3470.root,good,,0,0,663732.11,549717.534,1.2074057474033564
3471,2001_d,D,VIS,D_VIS,manual,2001_d/run3471.root,good,,0,0,825682.259,549717.534,1.502011865970424
3475,2001_d,D,VIS,D_VIS,manual,2001_d/run3475.root,good,,0,0,1023398.668,549717.534,1.8616809628633748
3478,2001_d,D,VIS,D_VIS,manual,2001_d/run3478.root,good,,0,0,1057256.7010000001,549717.534,1.9232726547885595
3479,2001_d,D,VIS,D_VIS,manual,2001_d/run3479.root,good,,0,0,1214281.129,549717.534,2.2089183151287295
3480,2001_d,D,VIS,D_VIS,manual,2001_d/run3480.root,good,,0,0,172019.88,549717.534,0.31292412804864256
3481,2001_d,D,VIS,D_VIS,manual,2001_d/run3481.root,good,,0,0,1889053.9649999999,549717.534,3.436408424621944
3484,2001_d,D,VIS,D_VIS,manual,2001_d/run3484.root,good,,0,0,707355.912,549717.534,1.2867625066512796
3485,2001_d,D,VIS,D_VIS,manual,2001_d/run3485.root,good,,0,0,582641.407,549717.534,1.0598923464573353
3486,2001_d,D,VIS,D_VIS,manual,2001_d/run3486.root,good,,0,0,919279.934,549717.534,1.6722769006673162
3487,2001_d,D,VIS,D_VIS,manual,2001_d/run3487.root,good,,0,0,906961.202,549717.534,1.6498676973254414
3489,2001_d,D,VIS,D_VIS,manual,2001_d/run3489.root,good,,0,0,1573622.587,549717.534,2.8626021359544267
3490,2001_d,D,VIS,D_VIS,manual,2001_d/run3490.root,good,,0,0,1111250.2859999998,549717.534,2.02149325293306
3491,2001_d,D,VIS,D_VIS,manual,2001_d/run3491.root,good,,0,0,598379.549,549717.534,1.0885218534797545
3492,2001_d,D,VIS,D_VIS,manual,2001_d/run3492.root,good,,0,0,1857324.294,549717.534,3.3786884702135045
3493,2001_d,D,VIS,D_VIS,manual,2001_d/run3493.root,good,,0,0,1860297.858,549717.534,3.3840977282707523
3494,2001_d,D,VIS,D_VIS,manual,2001_d/run3494.root,review,negative_net_flux,0,1,583599.219,549717.534,1.0616347176584695
3495,2002_vis1,P,VIS,P_VIS,manual,2002_vis1/run3495.root,good,,0,0,211066.695,494576.877,0.42676215734202233
3496,2002_vis1,P,VIS,P_VIS,manual,2002_vis1/run3496.root,good,,0,0,683418.424,494576.877,1.3818244559783575
3497,2002_vis1,P,VIS,P_VIS,manual,2002_vis1/run3497.root,good,,0,0,457901.06299999997,494576.877,0.9258440584152097
3498,2002_vis1,P,VIS,P_VIS,manual,2002_vis1/run3498.root,bad,nonzero_flux_without_lookup;run_flux_conservation_failure,1,0,,494576.877,
3499,2002_vis1,P,VIS,P_VIS,manual,2002_vis1/run3499.root,review,negative_net_flux,0,4,216104.666,494576.877,0.43694858382956714
3500,2002_vis1,P,VIS,P_VIS,manual,2002_vis1/run3500.root,good,,0,0,598368.661,494576.877,1.2098597585669173
3501,2002_vis1,P,VIS,P_VIS,manual,2002_vis1/run3501.root,good,,0,0,533198.289,494576.877,1.0780898052377001
3505,2002_vis1,P,VIS,P_VIS,manual,2002_vis1/run3505.root,good,,0,0,283371.192,494576.877,0.5729568145580732
3506,2002_vis1,P,VIS,P_VIS,manual,2002_vis1/run3506.root,good,,0,0,658525.172,494576.877,1.3314920341494252
3509,2002_vis1,P,VIS,P_VIS,manual,2002_vis1/run3509.root,good,,0,0,516654.299,494576.877,1.0446390096801876
3510,2002_vis1,P,VIS,P_VIS,manual,2002_vis1/run3510.root,review,negative_net_flux,0,1,602298.151,494576.877,1.217804913673714
3511,2002_vis1,P,VIS,P_VIS,manual,2002_vis1/run3511.root,good,,0,0,393211.095,494576.877,0.7950454485157825
3512,2002_vis1,P,VIS,P_VIS,manual,2002_vis1/run3512.root,review,negative_net_flux,0,2,170998.903,494576.877,0.3457478724788826
3515,2002_vis1,P,VIS,P_VIS,manual,2002_vis1/run3515.root,good,,0,0,184685.19199999998,494576.877,0.3734205956417974
3516,2002_vis1,P,VIS,P_VIS,manual,2002_vis1/run3516.root,good,,0,0,347079.918,494576.877,0.7017714214730666
3517,2002_vis1,P,VIS,P_VIS,manual,2002_vis1/run3517.root,review,negative_net_flux,0,2,317827.136,494576.877,0.6426243336078974
3518,2002_vis1,P,VIS,P_VIS,manual,2002_vis1/run3518.root,good,,0,0,838952.226,494576.877,1.69630297131744
3519,2002_vis1,P,VIS,P_VIS,manual,2002_vis1/run3519.root,good,,0,0,638533.598,494576.877,1.2910704638542978
3520,2002_vis1,P,VIS,P_VIS,manual,2002_vis1/run3520.root,review,negative_net_flux,0,1,477931.708,494576.877,0.9663446275511987
3521,2002_vis1,P,VIS,P_VIS,manual,2002_vis1/run3521.root,review,negative_net_flux,0,1,377327.352,494576.877,0.7629296264087171
3522,2002_vis1,P,VIS,P_VIS,manual,2002_vis1/run3522.root,review,negative_net_flux,0,1,272650.993,494576.877,0.5512813187988973
3526,2002_vis1,P,VIS,P_VIS,manual,2002_vis1/run3526.root,review,negative_net_flux,0,1,164571.673,494576.877,0.33275246104964995
3527,2002_vis1,P,VIS,P_VIS,manual,2002_vis1/run3527.root,good,,0,0,631889.554,494576.877,1.2776366696172898
3528,2002_vis1,P,VIS,P_VIS,manual,2002_vis1/run3528.root,good,,0,0,575057.882,494576.877,1.1627269869310934
3529,2002_vis1,P,VIS,P_VIS,manual,2002_vis1/run3529.root,review,negative_net_flux,0,2,353503.995,494576.877,0.714760457755893
3530,2002_vis1,P,VIS,P_VIS,manual,2002_vis1/run3530.root,good,,0,0,521479.928,494576.877,1.0543960954325005
3531,2002_vis1,P,VIS,P_VIS,manual,2002_vis1/run3531.root,bad,nonzero_flux_without_lookup;run_flux_conservation_failure,1,0,,494576.877,
3533,2002_vis1,P,VIS,P_VIS,manual,2002_vis1/run3533.root,good,,0,0,494395.11199999996,494576.877,0.9996324838292026
3534,2002_vis1,P,VIS,P_VIS,manual,2002_vis1/run3534.root,review,negative_net_flux,0,1,438663.821,494576.877,0.886947694887887
3535,2002_vis1,P,VIS,P_VIS,manual,2002_vis1/run3535.root,good,,0,0,495752.739,494576.877,1.0023775110699322
3537,2002_vis1,P,VIS,P_VIS,manual,2002_vis1/run3537.root,good,,0,0,632038.403,494576.877,1.2779376319285547
3538,2002_vis1,P,VIS,P_VIS,manual,2002_vis1/run3538.root,review,negative_net_flux,0,1,590985.895,494576.877,1.1949323198949313
3539,2002_vis1,P,VIS,P_VIS,manual,2002_vis1/run3539.root,review,negative_net_flux,0,1,528222.184,494576.877,1.0680284674934368
3541,2002_vis1,P,VIS,P_VIS,manual,2002_vis1/run3541.root,review,negative_net_flux,0,1,315232.891,494576.877,0.637378950896647
3542,2002_vis1,P,VIS,P_VIS,manual,2002_vis1/run3542.root,good,,0,0,832318.2069999999,494576.877,1.6828894469322309
3543,2002_vis1,P,VIS,P_VIS,manual,2002_vis1/run3543.root,good,,0,0,757512.784,494576.877,1.5316380915236358
3545,2002_vis1,P,VIS,P_VIS,manual,2002_vis1/run3545.root,good,,0,0,882366.196,494576.877,1.7840829950487151
3547,2002_vis1,P,VIS,P_VIS,manual,2002_vis1/run3547.root,good,,0,0,749078.189,494576.877,1.514583927869317
3548,2002_vis1,P,VIS,P_VIS,manual,2002_vis1/run3548.root,good,,0,0,416570.147,494576.877,0.8422758247955858
3549,2002_vis1,P,VIS,P_VIS,manual,2002_vis1/run3549.root,good,,0,0,577551.346,494576.877,1.167768597479336
3550,2002_vis1,P,VIS,P_VIS,manual,2002_vis1/run3550.root,review,negative_net_flux,0,1,500459.53599999996,494576.877,1.0118943267944167
3551,2002_vis1,P,VIS,P_VIS,manual,2002_vis1/run3551.root,good,,0,0,484675.975,494576.877,0.9799810657140771
3552,2002_vis1,P,VIS,P_VIS,manual,2002_vis1/run3552.root,good,,0,0,459258.716,494576.877,0.9285891382261287
3553,2002_vis1,P,VIS,P_VIS,manual,2002_vis1/run3553.root,good,,0,0,841656.1630000001,494576.877,1.701770143613083
3554,2002_vis1,P,VIS,P_VIS,manual,2002_vis1/run3554.root,good,,0,0,754880.853,494576.877,1.5263165103450642
3555,2002_vis1,P,VIS,P_VIS,manual,2002_vis1/run3555.root,review,negative_net_flux,0,2,162352.433,494576.877,0.32826531233080675
3557,2002_vis1,P,VIS,P_VIS,manual,2002_vis1/run3557.root,good,,0,0,902789.517,494576.877,1.8253775277083972
3558,2002_vis1,P,VIS,P_VIS,manual,2002_vis1/run3558.root,review,negative_net_flux,0,1,788943.128,494576.877,1.5951880580943538
3559,2002_vis1,P,VIS,P_VIS,manual,2002_vis1/run3559.root,review,negative_net_flux,0,1,432840.24,494576.877,0.8751728196949248
3560,2002_vis1,P,VIS,P_VIS,manual,2002_vis1/run3560.root,bad,nonzero_flux_without_lookup;run_flux_conservation_failure,1,0,,494576.877,
3561,2002_vis1,P,VIS,P_VIS,manual,2002_vis1/run3561.root,review,negative_net_flux,0,1,604392.943,494576.877,1.2220404372038607
3562,2002_vis1,P,VIS,P_VIS,manual,2002_vis1/run3562.root,good,,0,0,496555.134,494576.877,1.0039998978763418
3563,2002_vis1,P,VIS,P_VIS,manual,2002_vis1/run3563.root,good,,0,0,766216.612,494576.877,1.5492366255529573
3564,2002_vis1,P,VIS,P_VIS,manual,2002_vis1/run3564.root,review,negative_net_flux,0,1,600778.278,494576.877,1.2147318363207669
3565,2002_vis1,P,VIS,P_VIS,manual,2002_vis1/run3565.root,good,,0,0,629656.595,494576.877,1.27312178203592
3566,2002_vis1,P,VIS,P_VIS,manual,2002_vis1/run3566.root,good,,0,0,574712.702,494576.877,1.1620290570114948
3567,2002_vis1,P,VIS,P_VIS,manual,2002_vis1/run3567.root,good,,0,0,691043.406,494576.877,1.3972416385329716
3568,2002_vis1,P,VIS,P_VIS,manual,2002_vis1/run3568.root,good,,0,0,473184.778,494576.877,0.9567466656958166
3569,2002_vis1,P,VIS,P_VIS,manual,2002_vis1/run3569.root,good,,0,0,806269.554,494576.877,1.6302208847503399
3570,2002_vis1,P,VIS,P_VIS,manual,2002_vis1/run3570.root,good,,0,0,873078.427,494576.877,1.7653037729865404
3571,2002_vis1,P,VIS,P_VIS,manual,2002_vis1/run3571.root,good,,0,0,939829.4519999999,494576.877,1.9002696965956214
3573,2002_vis1,P,VIS,P_VIS,manual,2002_vis1/run3573.root,review,negative_net_flux,0,2,269114.96,494576.877,0.5441317063434004
3574,2002_vis1,P,VIS,P_VIS,manual,2002_vis1/run3574.root,review,negative_net_flux,0,1,197074.25400000002,494576.877,0.3984704161573652
3575,2002_vis1,P,VIS,P_VIS,manual,2002_vis1/run3575.root,good,,0,0,553243.435,494576.877,1.118619694385753
3576,2002_vis1,P,VIS,P_VIS,manual,2002_vis1/run3576.root,good,,0,0,517923.231,494576.877,1.047204701808168
3577,2002_vis1,P,VIS,P_VIS,manual,2002_vis1/run3577.root,good,,0,0,412734.577,494576.877,0.8345205693876384
3582,2002_vis1,P,VIS,P_VIS,manual,2002_vis1/run3582.root,review,negative_net_flux,0,2,91165.811,494576.877,0.1843309205092498
3583,2002_vis1,P,VIS,P_VIS,manual,2002_vis1/run3583.root,good,,0,0,404940.18,494576.877,0.8187608415020988
3584,2002_vis1,P,VIS,P_VIS,manual,2002_vis1/run3584.root,good,,0,0,471602.062,494576.877,0.9535465241736322
3585,2002_vis1,P,VIS,P_VIS,manual,2002_vis1/run3585.root,bad,brem_period_outlier;negative_net_flux,0,15,1089056391.0,494576.877,2201.996174196393
3587,2002_vis1,P,VIS,P_VIS,manual,2002_vis1/run3587.root,review,negative_net_flux,0,1,177872.942,494576.877,0.3596467005876622
3589,2002_vis1,P,VIS,P_VIS,manual,2002_vis1/run3589.root,good,,0,0,335589.422,494576.877,0.6785384388279844
3595,2002_vis1,P,VIS,P_VIS,manual,2002_vis1/run3595.root,good,,0,0,521823.784,494576.877,1.0550913483163105
3596,2002_vis1,P,VIS,P_VIS,manual,2002_vis1/run3596.root,good,,0,0,220988.063,494576.877,0.4468224724545705
3599,2002_vis1,P,VIS,P_VIS,manual,2002_vis1/run3599.root,good,,0,0,494576.877,494576.877,1.0
3600,2002_vis1,P,VIS,P_VIS,manual,2002_vis1/run3600.root,good,,0,0,525579.999,494576.877,1.062686153441015
3601,2002_vis1,P,VIS,P_VIS,manual,2002_vis1/run3601.root,good,,0,0,350413.414,494576.877,0.7085115182204526
3604,2002_vis1,P,VIS,P_VIS,manual,2002_vis1/run3604.root,review,negative_net_flux,0,1,365663.815,494576.877,0.7393467669132457
3606,2002_vis1,P,VIS,P_VIS,manual,2002_vis1/run3606.root,review,negative_net_flux,0,1,375730.96,494576.877,0.7597018329670112
3609,2002_vis1,P,VIS,P_VIS,manual,2002_vis1/run3609.root,good,,0,0,397162.162,494576.877,0.8030342308138276
3610,2002_vis1,P,VIS,P_VIS,manual,2002_vis1/run3610.root,review,negative_net_flux,0,1,213353.553,494576.877,0.43138602494754325
3613,2002_vis1,P,VIS,P_VIS,manual,2002_vis1/run3613.root,review,negative_net_flux,0,1,346055.18799999997,494576.877,0.6996994887813972
3614,2002_vis1,P,VIS,P_VIS,manual,2002_vis1/run3614.root,review,negative_net_flux,0,1,465635.898,494576.877,0.9414833560850036
3615,2002_vis1,P,VIS,P_VIS,manual,2002_vis1/run3615.root,review,negative_net_flux,0,1,313675.49,494576.877,0.6342299945413744
3616,2002_vis1,P,VIS,P_VIS,manual,2002_vis1/run3616.root,good,,0,0,365378.164,494576.877,0.7387692004856912
3617,2002_vis1,P,VIS,P_VIS,manual,2002_vis1/run3617.root,review,negative_net_flux,0,1,265354.529,494576.877,0.5365283767603232
3618,2002_vis1,P,VIS,P_VIS,manual,2002_vis1/run3618.root,good,,0,0,427571.51900000003,494576.877,0.8645198327781912
3619,2002_vis1,P,VIS,P_VIS,manual,2002_vis1/run3619.root,bad,nonzero_flux_without_lookup;run_flux_conservation_failure,2,0,,494576.877,
3622,2002_vis1,P,VIS,P_VIS,manual,2002_vis1/run3622.root,good,,0,0,738536.368,494576.877,1.4932691000028293
3623,2002_vis1,P,VIS,P_VIS,manual,2002_vis1/run3623.root,bad,nonzero_flux_without_lookup;run_flux_conservation_failure,1,0,,494576.877,
3624,2002_vis1,P,VIS,P_VIS,manual,2002_vis1/run3624.root,good,,0,0,486793.229,494576.877,0.9842620058438357
3625,2002_vis1,P,VIS,P_VIS,manual,2002_vis1/run3625.root,good,,0,0,606169.665,494576.877,1.2256328453463061
3626,2002_vis1,P,VIS,P_VIS,manual,2002_vis1/run3626.root,good,,0,0,904472.182,494576.877,1.828779759147535
3628,2002_vis1,P,VIS,P_VIS,manual,2002_vis1/run3628.root,good,,0,0,822388.128,494576.877,1.662811518784369
3629,2002_uv1,P,UV,P_UV,manual,2002_uv1/run3629.root,good,,0,0,1367491.373,392559.202,3.4835290219486432
3630,2002_uv1,P,UV,P_UV,manual,2002_uv1/run3630.root,good,,0,0,489408.397,392559.202,1.2467123290106954
3631,2002_uv1,P,UV,P_UV,manual,2002_uv1/run3631.root,good,,0,0,656820.266,392559.202,1.6731750590831902
3632,2002_uv1,P,UV,P_UV,manual,2002_uv1/run3632.root,good,,0,0,837252.386,392559.202,2.1328054003941044
3634,2002_uv1,P,UV,P_UV,manual,2002_uv1/run3634.root,good,,0,0,122340.933,392559.202,0.3116496374984989
3635,2002_uv1,P,UV,P_UV,manual,2002_uv1/run3635.root,good,,0,0,432231.56,392559.202,1.101060828017477
3636,2002_uv1,P,UV,P_UV,manual,2002_uv1/run3636.root,good,,0,0,133257.674,392559.202,0.33945879582259797
3637,2002_uv1,P,UV,P_UV,manual,2002_uv1/run3637.root,good,,0,0,601846.561,392559.202,1.5331357867392446
3638,2002_uv1,P,UV,P_UV,manual,2002_uv1/run3638.root,good,,0,0,408291.175,392559.202,1.0400754151726648
3639,2002_uv1,P,UV,P_UV,manual,2002_uv1/run3639.root,good,,0,0,378712.103,392559.202,0.964726087353316
3640,2002_uv1,P,UV,P_UV,manual,2002_uv1/run3640.root,good,,0,0,494110.238,392559.202,1.2586897351599977
3641,2002_uv1,P,UV,P_UV,manual,2002_uv1/run3641.root,good,,0,0,251563.606,392559.202,0.6408297263657062
3642,2002_uv1,P,UV,P_UV,manual,2002_uv1/run3642.root,good,,0,0,280990.343,392559.202,0.715790998067089
3644,2002_uv1,P,UV,P_UV,manual,2002_uv1/run3644.root,good,,0,0,646437.51,392559.202,1.6467261669234798
3645,2002_uv1,P,UV,P_UV,manual,2002_uv1/run3645.root,good,,0,0,587583.243,392559.202,1.4968016034432432
3646,2002_uv1,P,UV,P_UV,manual,2002_uv1/run3646.root,good,,0,0,483741.547,392559.202,1.2322766719909932
3648,2002_uv1,P,UV,P_UV,manual,2002_uv1/run3648.root,good,,0,0,332885.48,392559.202,0.8479879679396739
3649,2002_uv1,P,UV,P_UV,manual,2002_uv1/run3649.root,good,,0,0,209505.323,392559.202,0.5336910252838756
3651,2002_uv1,P,UV,P_UV,manual,2002_uv1/run3651.root,good,,0,0,336356.328,392559.202,0.8568295591756374
3652,2002_uv1,P,UV,P_UV,manual,2002_uv1/run3652.root,good,,0,0,632510.768,392559.202,1.611249372776135
3655,2002_uv1,P,UV,P_UV,manual,2002_uv1/run3655.root,good,,0,0,258069.168,392559.202,0.6574019069867582
3656,2002_uv1,P,UV,P_UV,manual,2002_uv1/run3656.root,good,,0,0,487341.257,392559.202,1.2414465245423032
3657,2002_uv1,P,UV,P_UV,manual,2002_uv1/run3657.root,good,,0,0,568602.864,392559.202,1.4484512427758602
3658,2002_uv1,P,UV,P_UV,manual,2002_uv1/run3658.root,good,,0,0,476118.83400000003,392559.202,1.212858676027164
3659,2002_uv1,P,UV,P_UV,manual,2002_uv1/run3659.root,good,,0,0,0.0,392559.202,0.0
3660,2002_uv1,P,UV,P_UV,manual,2002_uv1/run3660.root,good,,0,0,553883.417,392559.202,1.410955122636509
3661,2002_uv1,P,UV,P_UV,manual,2002_uv1/run3661.root,good,,0,0,611659.657,392559.202,1.5581335347222354
3662,2002_uv1,P,UV,P_UV,manual,2002_uv1/run3662.root,good,,0,0,271066.202,392559.202,0.6905103755534943
3663,2002_uv1,P,UV,P_UV,manual,2002_uv1/run3663.root,good,,0,0,787080.084,392559.202,2.0049971570912253
3664,2002_uv1,P,UV,P_UV,manual,2002_uv1/run3664.root,good,,0,0,679381.014,392559.202,1.7306460033001596
3665,2002_uv1,P,UV,P_UV,manual,2002_uv1/run3665.root,good,,0,0,488001.077,392559.202,1.243127341083193
3666,2002_uv1,P,UV,P_UV,manual,2002_uv1/run3666.root,good,,0,0,626346.335,392559.202,1.5955461795543389
3670,2002_uv1,P,UV,P_UV,manual,2002_uv1/run3670.root,good,,0,0,245419.594,392559.202,0.6251785533230222
3671,2002_uv1,P,UV,P_UV,manual,2002_uv1/run3671.root,good,,0,0,534468.55,392559.202,1.3614979531163813
3672,2002_uv1,P,UV,P_UV,manual,2002_uv1/run3672.root,good,,0,0,198608.91700000002,392559.202,0.5059336680636518
3673,2002_uv1,P,UV,P_UV,manual,2002_uv1/run3673.root,good,,0,0,328901.564,392559.202,0.8378393942221231
3674,2002_uv1,P,UV,P_UV,manual,2002_uv1/run3674.root,good,,0,0,4096735.708,392559.202,10.435969115303022
3675,2002_uv1,P,UV,P_UV,manual,2002_uv1/run3675.root,good,,0,0,996656.1020000001,392559.202,2.538868269861625
3677,2002_uv1,P,UV,P_UV,manual,2002_uv1/run3677.root,good,,0,0,571861.098,392559.202,1.4567512239848093
3678,2002_uv1,P,UV,P_UV,manual,2002_uv1/run3678.root,good,,0,0,242811.28,392559.202,0.6185341695289058
3679,2002_uv1,P,UV,P_UV,manual,2002_uv1/run3679.root,good,,0,0,296544.539,392559.202,0.7554135465152082
3680,2002_uv1,P,UV,P_UV,manual,2002_uv1/run3680.root,good,,0,0,130620.579,392559.202,0.3327410956984776
3681,2002_uv1,P,UV,P_UV,manual,2002_uv1/run3681.root,good,,0,0,121896.035,392559.202,0.31051631035259747
3682,2002_uv1,P,UV,P_UV,manual,2002_uv1/run3682.root,good,,0,0,343904.229,392559.202,0.8760569800628442
3683,2002_uv1,P,UV,P_UV,manual,2002_uv1/run3683.root,good,,0,0,603404.988,392559.202,1.5371057025941275
3685,2002_uv1,P,UV,P_UV,manual,2002_uv1/run3685.root,good,,0,0,531579.34,392559.202,1.3541380186522796
3686,2002_uv1,P,UV,P_UV,manual,2002_uv1/run3686.root,good,,0,0,468911.063,392559.202,1.1944976977001294
3687,2002_uv1,P,UV,P_UV,manual,2002_uv1/run3687.root,good,,0,0,212219.729,392559.202,0.5406056664034079
3690,2002_uv1,P,UV,P_UV,manual,2002_uv1/run3690.root,good,,0,0,438702.757,392559.202,1.117545467702474
3691,2002_uv1,P,UV,P_UV,manual,2002_uv1/run3691.root,good,,0,0,518950.06799999997,392559.202,1.3219663820286653
3692,2002_uv1,P,UV,P_UV,manual,2002_uv1/run3692.root,good,,0,0,454653.637,392559.202,1.1581785236052116
3693,2002_uv1,P,UV,P_UV,manual,2002_uv1/run3693.root,good,,0,0,603842.416,392559.202,1.538220000763095
3694,2002_uv1,P,UV,P_UV,manual,2002_uv1/run3694.root,good,,0,0,524809.329,392559.202,1.336892184226521
3695,2002_uv1,P,UV,P_UV,manual,2002_uv1/run3695.root,good,,0,0,439801.47000000003,392559.202,1.1203443143335106
3696,2002_uv1,P,UV,P_UV,manual,2002_uv1/run3696.root,good,,0,0,309290.139,392559.202,0.7878815155121495
3697,2002_uv1,P,UV,P_UV,manual,2002_uv1/run3697.root,good,,0,0,593497.413,392559.202,1.511867280084801
3698,2002_uv1,P,UV,P_UV,manual,2002_uv1/run3698.root,good,,0,0,387107.53599999996,392559.202,0.986112499790541
3699,2002_uv1,P,UV,P_UV,manual,2002_uv1/run3699.root,good,,0,0,347198.06799999997,392559.202,0.8844476609670711
3700,2002_uv1,P,UV,P_UV,manual,2002_uv1/run3700.root,good,,0,0,412246.613,392559.202,1.0501514444183122
3701,2002_uv1,P,UV,P_UV,manual,2002_uv1/run3701.root,good,,0,0,96505.292,392559.202,0.24583627516137044
3702,2002_uv1,P,UV,P_UV,manual,2002_uv1/run3702.root,good,,0,0,565653.699,392559.202,1.4409385797559269
3703,2002_uv1,P,UV,P_UV,manual,2002_uv1/run3703.root,good,,0,0,385796.922,392559.202,0.9827738594190438
3704,2002_uv1,P,UV,P_UV,manual,2002_uv1/run3704.root,good,,0,0,561471.902,392559.202,1.4302859266562296
3705,2002_uv1,P,UV,P_UV,manual,2002_uv1/run3705.root,good,,0,0,522197.677,392559.202,1.3302392972563666
3706,2002_uv1,P,UV,P_UV,manual,2002_uv1/run3706.root,good,,0,0,450167.741,392559.202,1.1467512128272566
3707,2002_uv1,P,UV,P_UV,manual,2002_uv1/run3707.root,good,,0,0,404428.053,392559.202,1.0302345504564177
3708,2002_uv1,P,UV,P_UV,manual,2002_uv1/run3708.root,good,,0,0,179640.336,392559.202,0.4576133614618465
3709,2002_uv1,P,UV,P_UV,manual,2002_uv1/run3709.root,good,,0,0,569959.13,392559.202,1.4519061764345038
3710,2002_uv1,P,UV,P_UV,manual,2002_uv1/run3710.root,good,,0,0,496361.48600000003,392559.202,1.2644245338566793
3711,2002_uv1,P,UV,P_UV,manual,2002_uv1/run3711.root,good,,0,0,455482.01300000004,392559.202,1.1602887174200034
3712,2002_uv1,P,UV,P_UV,manual,2002_uv1/run3712.root,good,,0,0,201431.12,392559.202,0.5131229098025322
3713,2002_uv1,P,UV,P_UV,manual,2002_uv1/run3713.root,good,,0,0,566322.062,392559.202,1.442641158619433
3714,2002_uv1,P,UV,P_UV,manual,2002_uv1/run3714.root,bad,nonzero_flux_without_lookup;run_flux_conservation_failure,1,0,,392559.202,
3715,2002_uv1,P,UV,P_UV,manual,2002_uv1/run3715.root,good,,0,0,487909.872,392559.202,1.2428950067001614
3716,2002_uv1,P,UV,P_UV,manual,2002_uv1/run3716.root,good,,0,0,648069.277,392559.202,1.6508829081021008
3718,2002_uv1,P,UV,P_UV,manual,2002_uv1/run3718.root,good,,0,0,458993.193,392559.202,1.1692330498470904
3719,2002_uv1,P,UV,P_UV,manual,2002_uv1/run3719.root,good,,0,0,205728.565,392559.202,0.5240701630527566
3720,2002_uv1,P,UV,P_UV,manual,2002_uv1/run3720.root,good,,0,0,545571.939,392559.202,1.3897825760304048
3721,2002_uv1,P,UV,P_UV,manual,2002_uv1/run3721.root,good,,0,0,612865.934,392559.202,1.5612063884315723
3722,2002_uv1,P,UV,P_UV,manual,2002_uv1/run3722.root,good,,0,0,529858.182,392559.202,1.3497535640496845
3723,2002_uv1,P,UV,P_UV,manual,2002_uv1/run3723.root,good,,0,0,264105.419,392559.202,0.6727785711160071
3724,2002_uv1,P,UV,P_UV,manual,2002_uv1/run3724.root,good,,0,0,392150.301,392559.202,0.998958371124873
3725,2002_uv1,P,UV,P_UV,manual,2002_uv1/run3725.root,good,,0,0,350291.664,392559.202,0.8923282455623088
3726,2002_uv1,P,UV,P_UV,manual,2002_uv1/run3726.root,good,,0,0,167518.566,392559.202,0.42673452856672556
3727,2002_uv1,P,UV,P_UV,manual,2002_uv1/run3727.root,good,,0,0,353656.263,392559.202,0.9008991795331803
3728,2002_uv1,P,UV,P_UV,manual,2002_uv1/run3728.root,good,,0,0,555026.175,392559.202,1.4138661689046332
3729,2002_uv1,P,UV,P_UV,manual,2002_uv1/run3729.root,good,,0,0,354219.497,392559.202,0.9023339542044412
3730,2002_uv1,P,UV,P_UV,manual,2002_uv1/run3730.root,good,,0,0,333253.11699999997,392559.202,0.848924481459487
3731,2002_uv1,P,UV,P_UV,manual,2002_uv1/run3731.root,good,,0,0,290601.168,392559.202,0.7402734836413286
3732,2002_uv1,P,UV,P_UV,manual,2002_uv1/run3732.root,good,,0,0,92838.352,392559.202,0.23649516181765623
3733,2002_uv1,P,UV,P_UV,manual,2002_uv1/run3733.root,good,,0,0,680197.657,392559.202,1.7327263086294944
3734,2002_uv1,P,UV,P_UV,manual,2002_uv1/run3734.root,good,,0,0,580236.985,392559.202,1.4780878452060844
3735,2002_uv1,P,UV,P_UV,manual,2002_uv1/run3735.root,good,,0,0,408898.459,392559.202,1.041622402217946
3736,2002_uv1,P,UV,P_UV,manual,2002_uv1/run3736.root,good,,0,0,91589.868,392559.202,0.23331479056756388
3737,2002_uv1,P,UV,P_UV,manual,2002_uv1/run3737.root,good,,0,0,392559.202,392559.202,1.0
3738,2002_uv1,P,UV,P_UV,manual,2002_uv1/run3738.root,good,,0,0,384244.089,392559.202,0.9788181936440761
3739,2002_uv1,P,UV,P_UV,manual,2002_uv1/run3739.root,good,,0,0,424770.066,392559.202,1.0820535191530167
3740,2002_uv1,P,UV,P_UV,manual,2002_uv1/run3740.root,good,,0,0,397797.451,392559.202,1.0133438446311087
3741,2002_uv1,P,UV,P_UV,manual,2002_uv1/run3741.root,good,,0,0,393118.086,392559.202,1.0014236935401148
3742,2002_uv1,P,UV,P_UV,manual,2002_uv1/run3742.root,good,,0,0,368635.52999999997,392559.202,0.9390571616252673
3743,2002_uv1,P,UV,P_UV,manual,2002_uv1/run3743.root,good,,0,0,326918.29099999997,392559.202,0.8327872314148427
3744,2002_uv1,P,UV,P_UV,manual,2002_uv1/run3744.root,good,,0,0,302308.777,392559.202,0.7700972884084882
3745,2002_uv1,P,UV,P_UV,manual,2002_uv1/run3745.root,good,,0,0,239312.372,392559.202,0.6096210986285835
3746,2002_uv1,P,UV,P_UV,manual,2002_uv1/run3746.root,good,,0,0,261802.53699999998,392559.202,0.6669122406663135
3747,2002_uv1,P,UV,P_UV,manual,2002_uv1/run3747.root,good,,0,0,370711.006,392559.202,0.9443442011072766
3748,2002_uv1,P,UV,P_UV,manual,2002_uv1/run3748.root,good,,0,0,116091.716,392559.202,0.2957304666621979
3749,2002_uv1,P,UV,P_UV,manual,2002_uv1/run3749.root,good,,0,0,202818.45,392559.202,0.5166569754744916
3750,2002_uv1,P,UV,P_UV,manual,2002_uv1/run3750.root,good,,0,0,292071.278,392559.202,0.7440184219653065
3751,2002_uv1,P,UV,P_UV,manual,2002_uv1/run3751.root,good,,0,0,273020.925,392559.202,0.695489810477045
3752,2002_uv1,P,UV,P_UV,manual,2002_uv1/run3752.root,good,,0,0,509619.95900000003,392559.202,1.2981989885948464
3753,2002_uv1,P,UV,P_UV,manual,2002_uv1/run3753.root,good,,0,0,343018.038,392559.202,0.8737995090992671
3754,2002_uv1,P,UV,P_UV,manual,2002_uv1/run3754.root,good,,0,0,406520.293,392559.202,1.0355642943252161
3755,2002_uv1,P,UV,P_UV,manual,2002_uv1/run3755.root,good,,0,0,275246.023,392559.202,0.7011579950175261
3756,2002_uv1,P,UV,P_UV,manual,2002_uv1/run3756.root,good,,0,0,384493.172,392559.202,0.9794527043082791
3757,2002_uv1,P,UV,P_UV,manual,2002_uv1/run3757.root,good,,0,0,346536.35099999997,392559.202,0.8827620120340472
3760,2002_uv1,P,UV,P_UV,manual,2002_uv1/run3760.root,good,,0,0,235257.209,392559.202,0.5992910312671769
3761,2002_uv1,P,UV,P_UV,manual,2002_uv1/run3761.root,good,,0,0,259693.439,392559.202,0.6615395529563972
3763,2002_uv1,P,UV,P_UV,manual,2002_uv1/run3763.root,good,,0,0,254667.707,392559.202,0.6487370712558154
3767,2002_uv1,P,UV,P_UV,manual,2002_uv1/run3767.root,good,,0,0,350841.629,392559.202,0.8937292189624942
3768,2002_uv1,P,UV,P_UV,manual,2002_uv1/run3768.root,good,,0,0,109107.538,392559.202,0.2779390661182361
3769,2002_uv1,P,UV,P_UV,manual,2002_uv1/run3769.root,good,,0,0,386865.069,392559.202,0.9854948426352264
3770,2002_uv1,P,UV,P_UV,manual,2002_uv1/run3770.root,good,,0,0,184713.994,392559.202,0.47053792920640797
3771,2002_uv1,P,UV,P_UV,manual,2002_uv1/run3771.root,good,,0,0,376039.726,392559.202,0.9579185103397475
3772,2002_uv1,P,UV,P_UV,manual,2002_uv1/run3772.root,good,,0,0,402911.765,392559.202,1.02637197892001
3773,2002_uv1,P,UV,P_UV,manual,2002_uv1/run3773.root,good,,0,0,261837.211,392559.202,0.6670005687447877
3774,2002_uv1,P,UV,P_UV,manual,2002_uv1/run3774.root,good,,0,0,180263.704,392559.202,0.4592013206711175
3775,2002_uv1,P,UV,P_UV,manual,2002_uv1/run3775.root,good,,0,0,482930.92,392559.202,1.230211691738664
3776,2002_uv1,P,UV,P_UV,manual,2002_uv1/run3776.root,bad,brem_period_outlier,0,0,283065070.734,392559.202,721.0761314264136
3778,2002_uv2,P,UV,P_UV,manual,2002_uv2/run3778.root,good,,0,0,537659.3759999999,601490.466,0.8938784675599495
3779,2002_uv2,P,UV,P_UV,manual,2002_uv2/run3779.root,good,,0,0,627845.74,601490.466,1.0438166113841612
3780,2002_uv2,P,UV,P_UV,manual,2002_uv2/run3780.root,good,,0,0,336162.908,601490.466,0.558883186022104
3781,2002_uv2,P,UV,P_UV,manual,2002_uv2/run3781.root,good,,0,0,132865.679,601490.466,0.22089407315726264
3783,2002_uv2,P,UV,P_UV,manual,2002_uv2/run3783.root,good,,0,0,553965.266,601490.466,0.9209876088044261
3784,2002_uv2,P,UV,P_UV,manual,2002_uv2/run3784.root,good,,0,0,504007.516,601490.466,0.8379310138558372
3785,2002_uv2,P,UV,P_UV,manual,2002_uv2/run3785.root,good,,0,0,469162.386,601490.466,0.7799997049329789
3786,2002_uv2,P,UV,P_UV,manual,2002_uv2/run3786.root,good,,0,0,428339.964,601490.466,0.7121309284393544
3787,2002_uv2,P,UV,P_UV,manual,2002_uv2/run3787.root,good,,0,0,280135.662,601490.466,0.4657358309649417
3788,2002_uv2,P,UV,P_UV,manual,2002_uv2/run3788.root,good,,0,0,565052.757,601490.466,0.9394209699742772
3789,2002_uv2,P,UV,P_UV,manual,2002_uv2/run3789.root,good,,0,0,640643.0430000001,601490.466,1.0650925978268124
3790,2002_uv2,P,UV,P_UV,manual,2002_uv2/run3790.root,good,,0,0,157939.216,601490.466,0.26257974968467745
3791,2002_uv2,P,UV,P_UV,manual,2002_uv2/run3791.root,good,,0,0,603032.469,601490.466,1.002563636644575
3792,2002_uv2,P,UV,P_UV,manual,2002_uv2/run3792.root,good,,0,0,288481.105,601490.466,0.4796104365850414
3793,2002_uv2,P,UV,P_UV,manual,2002_uv2/run3793.root,good,,0,0,762439.0109999999,601490.466,1.267582869717506
3794,2002_uv2,P,UV,P_UV,manual,2002_uv2/run3794.root,good,,0,0,694754.696,601490.466,1.1550552091377622
3795,2002_uv2,P,UV,P_UV,manual,2002_uv2/run3795.root,good,,0,0,636116.547,601490.466,1.0575671319119462
3797,2002_uv2,P,UV,P_UV,manual,2002_uv2/run3797.root,good,,0,0,773450.4419999999,601490.466,1.285889778342721
3798,2002_uv2,P,UV,P_UV,manual,2002_uv2/run3798.root,good,,0,0,696690.693,601490.466,1.158273875283669
3799,2002_uv2,P,UV,P_UV,manual,2002_uv2/run3799.root,good,,0,0,621657.682,601490.466,1.0335287375943212
3800,2002_uv2,P,UV,P_UV,manual,2002_uv2/run3800.root,good,,0,0,288221.871,601490.466,0.4791794505351311
3801,2002_uv2,P,UV,P_UV,manual,2002_uv2/run3801.root,good,,0,0,769473.131,601490.466,1.2792773526687953
3802,2002_uv2,P,UV,P_UV,manual,2002_uv2/run3802.root,good,,0,0,684189.582,601490.466,1.137490318923858
3803,2002_uv2,P,UV,P_UV,manual,2002_uv2/run3803.root,good,,0,0,599948.463,601490.466,0.9974363633554251
3804,2002_uv2,P,UV,P_UV,manual,2002_uv2/run3804.root,good,,0,0,550216.2880000001,601490.466,0.9147547951325301
3805,2002_uv2,P,UV,P_UV,manual,2002_uv2/run3805.root,good,,0,0,619159.8049999999,601490.466,1.0293759253035275
3807,2002_uv2,P,UV,P_UV,manual,2002_uv2/run3807.root,good,,0,0,729244.3539999999,601490.466,1.2123955327996836
3808,2002_uv2,P,UV,P_UV,manual,2002_uv2/run3808.root,good,,0,0,820924.277,601490.466,1.3648167733385153
3809,2002_uv2,P,UV,P_UV,manual,2002_uv2/run3809.root,good,,0,0,721706.861,601490.466,1.1998641737407023
3811,2002_uv2,P,UV,P_UV,manual,2002_uv2/run3811.root,good,,0,0,916146.227,601490.466,1.523126763907842
3812,2002_uv2,P,UV,P_UV,manual,2002_uv2/run3812.root,good,,0,0,636770.689,601490.466,1.0586546670217711
3813,2002_uv2,P,UV,P_UV,manual,2002_uv2/run3813.root,good,,0,0,709057.416,601490.466,1.1788340066557264
3814,2002_uv2,P,UV,P_UV,manual,2002_uv2/run3814.root,good,,0,0,899755.393,601490.466,1.4958764001423093
3815,2002_uv2,P,UV,P_UV,manual,2002_uv2/run3815.root,good,,0,0,666816.071,601490.466,1.1086062185397965
3816,2002_uv2,P,UV,P_UV,manual,2002_uv2/run3816.root,good,,0,0,720126.327,601490.466,1.1972364778929014
3817,2002_uv2,P,UV,P_UV,manual,2002_uv2/run3817.root,good,,0,0,133582.733,601490.466,0.22208620177863303
3818,2002_uv2,P,UV,P_UV,manual,2002_uv2/run3818.root,good,,0,0,923879.272,601490.466,1.5359832353518965
3819,2002_uv2,P,UV,P_UV,manual,2002_uv2/run3819.root,bad,nonzero_flux_without_lookup;run_flux_conservation_failure,1,0,,601490.466,
3820,2002_uv2,P,UV,P_UV,manual,2002_uv2/run3820.root,good,,0,0,502966.173,601490.466,0.836199742856772
3821,2002_uv2,P,UV,P_UV,manual,2002_uv2/run3821.root,good,,0,0,362348.277,601490.466,0.6024173241010274
3823,2002_uv2,P,UV,P_UV,manual,2002_uv2/run3823.root,good,,0,0,731635.715,601490.466,1.2163712583268111
3824,2002_uv2,P,UV,P_UV,manual,2002_uv2/run3824.root,good,,0,0,751644.2779999999,601490.466,1.2496362294793213
3825,2002_uv2,P,UV,P_UV,manual,2002_uv2/run3825.root,good,,0,0,657111.047,601490.466,1.0924712595527657
3826,2002_uv2,P,UV,P_UV,manual,2002_uv2/run3826.root,good,,0,0,727478.214,601490.466,1.2094592601572507
3828,2002_uv2,P,UV,P_UV,manual,2002_uv2/run3828.root,good,,0,0,918227.193,601490.466,1.5265864463427754
3829,2002_uv2,P,UV,P_UV,manual,2002_uv2/run3829.root,good,,0,0,947976.356,601490.466,1.5760455228894683
3830,2002_uv2,P,UV,P_UV,manual,2002_uv2/run3830.root,good,,0,0,563196.931,601490.466,0.9363355910615547
3831,2002_uv2,P,UV,P_UV,manual,2002_uv2/run3831.root,good,,0,0,376297.892,601490.466,0.6256090715825244
3832,2002_uv2,P,UV,P_UV,manual,2002_uv2/run3832.root,good,,0,0,714225.67,601490.466,1.1874264188253985
3833,2002_uv2,P,UV,P_UV,manual,2002_uv2/run3833.root,good,,0,0,629840.808,601490.466,1.0471334852379854
3834,2002_uv2,P,UV,P_UV,manual,2002_uv2/run3834.root,good,,0,0,147526.72,601490.466,0.24526859250334318
3835,2002_uv2,P,UV,P_UV,manual,2002_uv2/run3835.root,good,,0,0,143465.475,601490.466,0.23851662347047078
3836,2002_uv2,P,UV,P_UV,manual,2002_uv2/run3836.root,good,,0,0,141399.884,601490.466,0.23508250253795376
3837,2002_uv2,P,UV,P_UV,manual,2002_uv2/run3837.root,bad,nonzero_flux_without_lookup;run_flux_conservation_failure,1,0,,601490.466,
3838,2002_uv2,P,UV,P_UV,manual,2002_uv2/run3838.root,good,,0,0,675351.3659999999,601490.466,1.1227964600855367
3839,2002_uv2,P,UV,P_UV,manual,2002_uv2/run3839.root,good,,0,0,460269.78,601490.466,0.7652154207212322
3840,2002_uv2,P,UV,P_UV,manual,2002_uv2/run3840.root,good,,0,0,287364.643,601490.466,0.47775427748841487
3841,2002_uv2,P,UV,P_UV,manual,2002_uv2/run3841.root,bad,nonzero_flux_without_lookup;run_flux_conservation_failure,1,0,,601490.466,
3842,2002_uv2,P,UV,P_UV,manual,2002_uv2/run3842.root,good,,0,0,378561.825,601490.466,0.6293729433776262
3843,2002_uv2,P,UV,P_UV,manual,2002_uv2/run3843.root,good,,0,0,727593.115,601490.466,1.209650287291503
3844,2002_uv2,P,UV,P_UV,manual,2002_uv2/run3844.root,good,,0,0,476013.461,601490.466,0.7913898688462337
3845,2002_uv2,P,UV,P_UV,manual,2002_uv2/run3845.root,good,,0,0,727091.274,601490.466,1.2088159581901003
3847,2002_uv2,P,UV,P_UV,manual,2002_uv2/run3847.root,good,,0,0,549368.809,601490.466,0.9133458301565166
3848,2002_uv2,P,UV,P_UV,manual,2002_uv2/run3848.root,good,,0,0,617681.461,601490.466,1.0269181240854448
3849,2002_uv2,P,UV,P_UV,manual,2002_uv2/run3849.root,good,,0,0,375629.382,601490.466,0.6244976491447829
3850,2002_uv2,P,UV,P_UV,manual,2002_uv2/run3850.root,good,,0,0,549397.482,601490.466,0.9133935000725347
3851,2002_uv2,P,UV,P_UV,manual,2002_uv2/run3851.root,good,,0,0,519660.133,601490.466,0.863954064734918
3852,2002_uv2,P,UV,P_UV,manual,2002_uv2/run3852.root,good,,0,0,630359.72,601490.466,1.0479961955041195
3853,2002_uv2,P,UV,P_UV,manual,2002_uv2/run3853.root,good,,0,0,142726.334,601490.466,0.23728777440006837
3854,2002_uv2,P,UV,P_UV,manual,2002_uv2/run3854.root,good,,0,0,521298.723,601490.466,0.8666782808158425
3855,2002_uv2,P,UV,P_UV,manual,2002_uv2/run3855.root,good,,0,0,486228.584,601490.466,0.8083728861630867
3856,2002_uv2,P,UV,P_UV,manual,2002_uv2/run3856.root,good,,0,0,460356.007,601490.466,0.7653587762769294
3857,2002_uv2,P,UV,P_UV,manual,2002_uv2/run3857.root,good,,0,0,431925.25800000003,601490.466,0.7180916114470882
3858,2002_uv2,P,UV,P_UV,manual,2002_uv2/run3858.root,good,,0,0,283044.936,601490.466,0.47057260588399746
3859,2002_uv2,P,UV,P_UV,manual,2002_uv2/run3859.root,good,,0,0,557362.219,601490.466,0.926635167979537
3860,2002_uv2,P,UV,P_UV,manual,2002_uv2/run3860.root,good,,0,0,506798.87299999996,601490.466,0.8425717474298253
3861,2002_uv2,P,UV,P_UV,manual,2002_uv2/run3861.root,good,,0,0,474024.657,601490.466,0.7880834091225646
3862,2002_uv2,P,UV,P_UV,manual,2002_uv2/run3862.root,good,,0,0,449385.686,601490.466,0.7471202145371993
3863,2002_uv2,P,UV,P_UV,manual,2002_uv2/run3863.root,good,,0,0,402537.339,601490.466,0.6692331163234098
3864,2002_uv2,P,UV,P_UV,manual,2002_uv2/run3864.root,good,,0,0,907833.553,601490.466,1.509306637954258
3865,2002_uv2,P,UV,P_UV,manual,2002_uv2/run3865.root,good,,0,0,762695.402,601490.466,1.2680091291754572
3866,2002_uv2,P,UV,P_UV,manual,2002_uv2/run3866.root,good,,0,0,415592.79099999997,601490.466,0.6909382849636057
3867,2002_uv2,P,UV,P_UV,manual,2002_uv2/run3867.root,bad,nonzero_flux_without_lookup;run_flux_conservation_failure,2,0,,601490.466,
3868,2002_uv2,P,UV,P_UV,manual,2002_uv2/run3868.root,good,,0,0,749367.904,601490.466,1.245851674064606
3869,2002_uv2,P,UV,P_UV,manual,2002_uv2/run3869.root,bad,nonzero_flux_without_lookup;run_flux_conservation_failure,1,0,,601490.466,
3870,2002_uv2,P,UV,P_UV,manual,2002_uv2/run3870.root,good,,0,0,471411.912,601490.466,0.7837396245612313
3871,2002_uv2,P,UV,P_UV,manual,2002_uv2/run3871.root,good,,0,0,440286.669,601490.466,0.7319927644538924
3872,2002_uv2,P,UV,P_UV,manual,2002_uv2/run3872.root,good,,0,0,533810.599,601490.466,0.8874797343836869
3873,2002_uv2,P,UV,P_UV,manual,2002_uv2/run3873.root,good,,0,0,481171.83,601490.466,0.7999658468402058
3875,2002_uv2,P,UV,P_UV,manual,2002_uv2/run3875.root,good,,0,0,421298.501,601490.466,0.700424237480765
3876,2002_uv2,P,UV,P_UV,manual,2002_uv2/run3876.root,good,,0,0,376252.843,601490.466,0.6255341759648106
3877,2002_uv2,P,UV,P_UV,manual,2002_uv2/run3877.root,good,,0,0,251262.57,601490.466,0.4177332546448043
3878,2002_uv2,P,UV,P_UV,manual,2002_uv2/run3878.root,good,,0,0,475585.194,601490.466,0.7906778592231253
3879,2002_uv2,P,UV,P_UV,manual,2002_uv2/run3879.root,good,,0,0,485044.313,601490.466,0.8064039921124868
3880,2002_uv2,P,UV,P_UV,manual,2002_uv2/run3880.root,good,,0,0,461679.205,601490.466,0.7675586415695573
3881,2002_uv2,P,UV,P_UV,manual,2002_uv2/run3881.root,good,,0,0,414882.956,601490.466,0.6897581581949795
3882,2002_uv2,P,UV,P_UV,manual,2002_uv2/run3882.root,good,,0,0,375620.791,601490.466,0.624483366291628
3883,2002_uv2,P,UV,P_UV,manual,2002_uv2/run3883.root,good,,0,0,784258.242,601490.466,1.30385814294852
3884,2002_uv2,P,UV,P_UV,manual,2002_uv2/run3884.root,good,,0,0,458347.722,601490.466,0.7620199286749791
3885,2002_uv2,P,UV,P_UV,manual,2002_uv2/run3885.root,good,,0,0,470491.888,601490.466,0.7822100508572316
3887,2002_uv2,P,UV,P_UV,manual,2002_uv2/run3887.root,good,,0,0,468281.91599999997,601490.466,0.7785358912072929
3888,2002_uv2,P,UV,P_UV,manual,2002_uv2/run3888.root,good,,0,0,405008.163,601490.466,0.6733409520077082
3889,2002_uv2,P,UV,P_UV,manual,2002_uv2/run3889.root,good,,0,0,623311.667,601490.466,1.036278548428397
3892,2002_uv2,P,UV,P_UV,manual,2002_uv2/run3892.root,good,,0,0,1001686.899,601490.466,1.6653412740876261
3893,2002_uv2,P,UV,P_UV,manual,2002_uv2/run3893.root,bad,nonzero_flux_without_lookup;run_flux_conservation_failure,1,0,,601490.466,
3894,2002_uv2,P,UV,P_UV,manual,2002_uv2/run3894.root,good,,0,0,696122.852,601490.466,1.15732981875726
3895,2002_uv2,P,UV,P_UV,manual,2002_uv2/run3895.root,good,,0,0,627445.041,601490.466,1.0431504345739704
3896,2002_uv2,P,UV,P_UV,manual,2002_uv2/run3896.root,good,,0,0,666746.351,601490.466,1.108490306478108
3897,2002_uv2,P,UV,P_UV,manual,2002_uv2/run3897.root,good,,0,0,529343.786,601490.466,0.8800534936492242
3899,2002_uv2,P,UV,P_UV,manual,2002_uv2/run3899.root,good,,0,0,561444.373,601490.466,0.9334218989931587
3900,2002_uv2,P,UV,P_UV,manual,2002_uv2/run3900.root,good,,0,0,135696.78399999999,601490.466,0.22560088924169244
3901,2002_uv2,P,UV,P_UV,manual,2002_uv2/run3901.root,good,,0,0,753121.364,601490.466,1.252091939226182
3902,2002_uv2,P,UV,P_UV,manual,2002_uv2/run3902.root,good,,0,0,654321.466,601490.466,1.0878334786440322
3903,2002_uv2,P,UV,P_UV,manual,2002_uv2/run3903.root,good,,0,0,595171.445,601490.466,0.9894943954107495
3904,2002_uv2,P,UV,P_UV,manual,2002_uv2/run3904.root,good,,0,0,402795.28500000003,601490.466,0.6696619610259957
3905,2002_uv2,P,UV,P_UV,manual,2002_uv2/run3905.root,bad,nonzero_flux_without_lookup;run_flux_conservation_failure,1,0,,601490.466,
3906,2002_uv2,P,UV,P_UV,manual,2002_uv2/run3906.root,good,,0,0,475527.01800000004,601490.466,0.7905811394855925
3907,2002_uv2,P,UV,P_UV,manual,2002_uv2/run3907.root,good,,0,0,592413.324,601490.466,0.9849089179079358
3908,2002_uv2,P,UV,P_UV,manual,2002_uv2/run3908.root,good,,0,0,393973.426,601490.466,0.6549952963011719
3909,2002_uv2,P,UV,P_UV,manual,2002_uv2/run3909.root,good,,0,0,757592.3859999999,601490.466,1.2595251775777938
3910,2002_uv2,P,UV,P_UV,manual,2002_uv2/run3910.root,good,,0,0,798791.471,601490.466,1.3280201701484657
3911,2002_uv2,P,UV,P_UV,manual,2002_uv2/run3911.root,bad,nonzero_flux_without_lookup;run_flux_conservation_failure,1,0,,601490.466,
3913,2002_uv2,P,UV,P_UV,manual,2002_uv2/run3913.root,good,,0,0,898974.7930000001,601490.466,1.4945786239610988
3914,2002_uv2,P,UV,P_UV,manual,2002_uv2/run3914.root,good,,0,0,761248.303,601490.466,1.2656032739178944
3915,2002_uv2,P,UV,P_UV,manual,2002_uv2/run3915.root,good,,0,0,541562.596,601490.466,0.9003677142240855
3916,2002_uv2,P,UV,P_UV,manual,2002_uv2/run3916.root,good,,0,0,860013.841,601490.466,1.4298046097375714
3917,2002_uv2,P,UV,P_UV,manual,2002_uv2/run3917.root,good,,0,0,1022012.393,601490.466,1.69913315467248
3918,2002_uv2,P,UV,P_UV,manual,2002_uv2/run3918.root,good,,0,0,728410.736,601490.466,1.2110096122454583
3919,2002_uv2,P,UV,P_UV,manual,2002_uv2/run3919.root,good,,0,0,630941.967,601490.466,1.0489642025348411
3920,2002_uv2,P,UV,P_UV,manual,2002_uv2/run3920.root,bad,nonzero_flux_without_lookup;run_flux_conservation_failure,1,0,,601490.466,
3921,2002_uv2,P,UV,P_UV,manual,2002_uv2/run3921.root,bad,nonzero_flux_without_lookup;run_flux_conservation_failure,1,0,,601490.466,
3922,2002_uv2,P,UV,P_UV,manual,2002_uv2/run3922.root,good,,0,0,903615.97,601490.466,1.5022947512521336
3923,2002_uv2,P,UV,P_UV,manual,2002_uv2/run3923.root,good,,0,0,639936.311,601490.466,1.0639176299096984
3924,2002_uv2,P,UV,P_UV,manual,2002_uv2/run3924.root,bad,nonzero_flux_without_lookup;run_flux_conservation_failure,1,0,,601490.466,
3925,2002_uv2,P,UV,P_UV,manual,2002_uv2/run3925.root,bad,nonzero_flux_without_lookup;run_flux_conservation_failure,1,0,,601490.466,
3926,2002_uv2,P,UV,P_UV,manual,2002_uv2/run3926.root,good,,0,0,865242.439,601490.466,1.438497346024434
3927,2002_uv2,P,UV,P_UV,manual,2002_uv2/run3927.root,bad,nonzero_flux_without_lookup;run_flux_conservation_failure,1,0,,601490.466,
3929,2002_uv2,P,UV,P_UV,manual,2002_uv2/run3929.root,bad,nonzero_flux_without_lookup;run_flux_conservation_failure,1,0,,601490.466,
3930,2002_uv2,P,UV,P_UV,manual,2002_uv2/run3930.root,good,,0,0,772406.094,601490.466,1.2841535114207447
3931,2002_uv2,P,UV,P_UV,manual,2002_uv2/run3931.root,good,,0,0,572770.195,601490.466,0.9522514942073911
3932,2002_uv2,P,UV,P_UV,manual,2002_uv2/run3932.root,good,,0,0,872113.047,601490.466,1.4499199842678803
3933,2002_uv2,P,UV,P_UV,manual,2002_uv2/run3933.root,good,,0,0,461490.292,601490.466,0.7672445667659178
3934,2002_uv2,P,UV,P_UV,manual,2002_uv2/run3934.root,good,,0,0,654912.2,601490.466,1.0888155956240875
3935,2002_uv2,P,UV,P_UV,manual,2002_uv2/run3935.root,good,,0,0,726066.624,601490.466,1.207112439916878
3936,2002_uv2,P,UV,P_UV,manual,2002_uv2/run3936.root,good,,0,0,649742.897,601490.466,1.0802214394533727
3938,2002_uv2,P,UV,P_UV,manual,2002_uv2/run3938.root,good,,0,0,546686.433,601490.466,0.9088862814992648
3940,2002_uv2,P,UV,P_UV,manual,2002_uv2/run3940.root,good,,0,0,712034.985,601490.466,1.1837843245216126
3941,2002_uv2,P,UV,P_UV,manual,2002_uv2/run3941.root,good,,0,0,796450.789,601490.466,1.3241287003209123
3942,2002_uv2,P,UV,P_UV,manual,2002_uv2/run3942.root,good,,0,0,541813.834,601490.466,0.9007854066302026
3943,2002_uv2,P,UV,P_UV,manual,2002_uv2/run3943.root,bad,nonzero_flux_without_lookup;run_flux_conservation_failure,1,0,,601490.466,
3944,2002_uv2,P,UV,P_UV,manual,2002_uv2/run3944.root,good,,0,0,725882.304,601490.466,1.206806001144497
3945,2002_uv2,P,UV,P_UV,manual,2002_uv2/run3945.root,good,,0,0,789237.4110000001,601490.466,1.3121361943582328
3946,2002_uv2,P,UV,P_UV,manual,2002_uv2/run3946.root,bad,nonzero_flux_without_lookup;run_flux_conservation_failure,1,0,,601490.466,
3947,2002_uv2,P,UV,P_UV,manual,2002_uv2/run3947.root,bad,nonzero_flux_without_lookup;run_flux_conservation_failure,1,0,,601490.466,
3949,2002_uv2,P,UV,P_UV,manual,2002_uv2/run3949.root,good,,0,0,729454.394,601490.466,1.2127447320170823
3950,2002_uv2,P,UV,P_UV,manual,2002_uv2/run3950.root,good,,0,0,773247.021,601490.466,1.285551583456021
3951,2002_uv2,P,UV,P_UV,manual,2002_uv2/run3951.root,good,,0,0,659367.7559999999,601490.466,1.0962231211824394
3952,2002_uv2,P,UV,P_UV,manual,2002_uv2/run3952.root,good,,0,0,720474.436,601490.466,1.1978152218958031
3953,2002_uv2,P,UV,P_UV,manual,2002_uv2/run3953.root,good,,0,0,703422.301,601490.466,1.1694654209199054
3954,2002_uv2,P,UV,P_UV,manual,2002_uv2/run3954.root,good,,0,0,558808.116,601490.466,0.9290390248679353
3955,2002_uv2,P,UV,P_UV,manual,2002_uv2/run3955.root,bad,nonzero_flux_without_lookup;run_flux_conservation_failure,2,0,,601490.466,
3956,2002_uv2,P,UV,P_UV,manual,2002_uv2/run3956.root,good,,0,0,734969.18,601490.466,1.221913266369213
3957,2002_uv2,P,UV,P_UV,manual,2002_uv2/run3957.root,good,,0,0,631724.965,601490.466,1.0502659654791602
3958,2002_uv2,P,UV,P_UV,manual,2002_uv2/run3958.root,good,,0,0,418256.167,601490.466,0.6953662454227496
3959,2002_uv2,P,UV,P_UV,manual,2002_uv2/run3959.root,good,,0,0,384938.71499999997,601490.466,0.6399747573056295
3960,2002_uv2,P,UV,P_UV,manual,2002_uv2/run3960.root,good,,0,0,380200.228,601490.466,0.6320968485641799
3962,2002_uv2,P,UV,P_UV,manual,2002_uv2/run3962.root,good,,0,0,180938.036,601490.466,0.300816132969263
3963,2002_uv2,P,UV,P_UV,manual,2002_uv2/run3963.root,good,,0,0,1040067.65,601490.466,1.729150682830607
3964,2002_uv2,P,UV,P_UV,manual,2002_uv2/run3964.root,good,,0,0,873520.48,601490.466,1.4522598933430142
3965,2002_uv2,P,UV,P_UV,manual,2002_uv2/run3965.root,good,,0,0,140427.144,601490.466,0.23346528654703563
3966,2002_uv2,P,UV,P_UV,manual,2002_uv2/run3966.root,good,,0,0,628690.587,601490.466,1.0452212005634685
3967,2002_uv2,P,UV,P_UV,manual,2002_uv2/run3967.root,good,,0,0,332413.363,601490.466,0.5526494296918748
3968,2002_uv2,P,UV,P_UV,manual,2002_uv2/run3968.root,good,,0,0,878268.368,601490.466,1.4601534315923803
3969,2002_uv2,P,UV,P_UV,manual,2002_uv2/run3969.root,good,,0,0,1054753.967,601490.466,1.7535672244553913
3971,2002_uv2,P,UV,P_UV,manual,2002_uv2/run3971.root,good,,0,0,391678.985,601490.466,0.6511807038351294
3972,2002_uv2,P,UV,P_UV,manual,2002_uv2/run3972.root,good,,0,0,904632.591,601490.466,1.5039849210178504
3973,2002_uv2,P,UV,P_UV,manual,2002_uv2/run3973.root,good,,0,0,787928.632,601490.466,1.309960301182895
3974,2002_uv2,P,UV,P_UV,manual,2002_uv2/run3974.root,good,,0,0,540253.584,601490.466,0.898191433677687
3975,2002_uv2,P,UV,P_UV,manual,2002_uv2/run3975.root,bad,nonzero_flux_without_lookup;run_flux_conservation_failure,1,0,,601490.466,
3976,2002_uv2,P,UV,P_UV,manual,2002_uv2/run3976.root,good,,0,0,316857.618,601490.466,0.5267874320721153
3977,2002_uv2,P,UV,P_UV,manual,2002_uv2/run3977.root,good,,0,0,720308.938,601490.466,1.1975400753899896
3978,2002_uv2,P,UV,P_UV,manual,2002_uv2/run3978.root,good,,0,0,223632.089,601490.466,0.37179656476882544
3979,2002_uv2,P,UV,P_UV,manual,2002_uv2/run3979.root,good,,0,0,899157.259,601490.466,1.494881980390359
3980,2002_uv2,P,UV,P_UV,manual,2002_uv2/run3980.root,bad,nonzero_flux_without_lookup;run_flux_conservation_failure,1,0,,601490.466,
3981,2002_uv2,P,UV,P_UV,manual,2002_uv2/run3981.root,good,,0,0,848850.272,601490.466,1.411244766097423
3982,2002_uv2,P,UV,P_UV,manual,2002_uv2/run3982.root,good,,0,0,511423.062,601490.466,0.8502596315466785
3983,2002_uv2,P,UV,P_UV,manual,2002_uv2/run3983.root,good,,0,0,467106.662,601490.466,0.7765819882505004
3984,2002_uv2,P,UV,P_UV,manual,2002_uv2/run3984.root,good,,0,0,561276.841,601490.466,0.933143370887611
3985,2002_uv2,P,UV,P_UV,manual,2002_uv2/run3985.root,good,,0,0,926310.345,601490.466,1.540024983538143
3986,2002_uv2,P,UV,P_UV,manual,2002_uv2/run3986.root,good,,0,0,936392.947,601490.466,1.5567876798233407
3987,2002_d1,D,UV,D_UV,manual,2002_d1/run3987.root,good,,0,0,855762.12,783474.878,1.0922649136938887
3988,2002_d1,D,UV,D_UV,manual,2002_d1/run3988.root,good,,0,0,165417.994,783474.878,0.21113375635255532
3990,2002_d1,D,UV,D_UV,manual,2002_d1/run3990.root,good,,0,0,752789.154,783474.878,0.9608338124659052
3991,2002_d1,D,UV,D_UV,manual,2002_d1/run3991.root,good,,0,0,705112.8740000001,783474.878,0.8999814720287688
3992,2002_d1,D,UV,D_UV,manual,2002_d1/run3992.root,good,,0,0,784677.873,783474.878,1.0015354608472844
3993,2002_d1,D,UV,D_UV,manual,2002_d1/run3993.root,good,,0,0,708332.019,783474.878,0.9040902763955629
3994,2002_d1,D,UV,D_UV,manual,2002_d1/run3994.root,good,,0,0,856327.38,783474.878,1.0929863918368037
3995,2002_d1,D,UV,D_UV,manual,2002_d1/run3995.root,good,,0,0,937910.029,783474.878,1.1971156387224964
3996,2002_d1,D,UV,D_UV,manual,2002_d1/run3996.root,good,,0,0,796680.905,783474.878,1.0168557121240587
3997,2002_d1,D,UV,D_UV,manual,2002_d1/run3997.root,good,,0,0,1034884.9430000001,783474.878,1.320891035640839
3998,2002_d1,D,UV,D_UV,manual,2002_d1/run3998.root,good,,0,0,1445967.036,783474.878,1.845581877100085
4000,2002_d1,D,UV,D_UV,manual,2002_d1/run4000.root,good,,0,0,991095.527,783474.878,1.2649997528063688
4001,2002_d1,D,UV,D_UV,manual,2002_d1/run4001.root,good,,0,0,872217.63,783474.878,1.1132681525494936
4002,2002_d1,D,UV,D_UV,manual,2002_d1/run4002.root,good,,0,0,983774.482,783474.878,1.255655426388796
4003,2002_d1,D,UV,D_UV,manual,2002_d1/run4003.root,good,,0,0,1201301.651,783474.878,1.5332995156993408
4004,2002_d1,D,UV,D_UV,manual,2002_d1/run4004.root,good,,0,0,889760.399,783474.878,1.135659130859841
4005,2002_d1,D,UV,D_UV,manual,2002_d1/run4005.root,good,,0,0,494105.18,783474.878,0.6306586131533881
4006,2002_d1,D,UV,D_UV,manual,2002_d1/run4006.root,good,,0,0,1038610.818,783474.878,1.3256466125005733
4007,2002_d1,D,UV,D_UV,manual,2002_d1/run4007.root,good,,0,0,870903.4550000001,783474.878,1.111590785429115
4008,2002_d1,D,UV,D_UV,manual,2002_d1/run4008.root,good,,0,0,810708.238,783474.878,1.0347597105723663
4009,2002_d1,D,UV,D_UV,manual,2002_d1/run4009.root,good,,0,0,1186138.208,783474.878,1.51394542608423
4010,2002_d1,D,UV,D_UV,manual,2002_d1/run4010.root,good,,0,0,900621.874,783474.878,1.1495223386090496
4011,2002_d1,D,UV,D_UV,manual,2002_d1/run4011.root,good,,0,0,487878.986,783474.878,0.622711716354484
4012,2002_d1,D,UV,D_UV,manual,2002_d1/run4012.root,good,,0,0,1040232.734,783474.878,1.327716769496724
4013,2002_d1,D,UV,D_UV,manual,2002_d1/run4013.root,good,,0,0,1151189.493,783474.878,1.4693381055671833
4014,2002_d1,D,UV,D_UV,manual,2002_d1/run4014.root,good,,0,0,376359.462,783474.878,0.480372086672063
4016,2002_d1,D,UV,D_UV,manual,2002_d1/run4016.root,good,,0,0,1268142.62,783474.878,1.6186129965484357
4017,2002_d1,D,UV,D_UV,manual,2002_d1/run4017.root,good,,0,0,842245.736,783474.878,1.0750130727229266
4018,2002_d1,D,UV,D_UV,manual,2002_d1/run4018.root,good,,0,0,882174.944,783474.878,1.1259773207431418
4019,2002_d1,D,UV,D_UV,manual,2002_d1/run4019.root,good,,0,0,908643.382,783474.878,1.159760711561705
4020,2002_d1,D,UV,D_UV,manual,2002_d1/run4020.root,good,,0,0,252859.807,783474.878,0.3227414357502858
4021,2002_d1,D,UV,D_UV,manual,2002_d1/run4021.root,good,,0,0,881535.6410000001,783474.878,1.1251613366982778
4022,2002_d1,D,UV,D_UV,manual,2002_d1/run4022.root,good,,0,0,733391.679,783474.878,0.9360755521251058
4024,2002_d1,D,UV,D_UV,manual,2002_d1/run4024.root,good,,0,0,188007.534,783474.878,0.23996625709293004
4025,2002_d1,D,UV,D_UV,manual,2002_d1/run4025.root,good,,0,0,909227.789,783474.878,1.1605066282674095
4026,2002_d1,D,UV,D_UV,manual,2002_d1/run4026.root,good,,0,0,871739.292,783474.878,1.1126576186147987
4027,2002_d1,D,UV,D_UV,manual,2002_d1/run4027.root,good,,0,0,254213.44,783474.878,0.3244691656852334
4028,2002_d1,D,UV,D_UV,manual,2002_d1/run4028.root,good,,0,0,1053736.791,783474.878,1.344952876714957
4029,2002_d1,D,UV,D_UV,manual,2002_d1/run4029.root,good,,0,0,587106.1,783474.878,0.749361742776901
4030,2002_d1,D,UV,D_UV,manual,2002_d1/run4030.root,good,,0,0,531193.009,783474.878,0.6779962241495124
4031,2002_d1,D,UV,D_UV,manual,2002_d1/run4031.root,good,,0,0,1205641.709,783474.878,1.538839014312339
4032,2002_d1,D,UV,D_UV,manual,2002_d1/run4032.root,good,,0,0,586603.026,783474.878,0.7487196366748086
4033,2002_d1,D,UV,D_UV,manual,2002_d1/run4033.root,good,,0,0,261478.03,783474.878,0.33374143491043756
4034,2002_d1,D,UV,D_UV,manual,2002_d1/run4034.root,good,,0,0,745461.3049999999,783474.878,0.9514808016601138
4035,2002_d1,D,UV,D_UV,manual,2002_d1/run4035.root,good,,0,0,633088.779,783474.878,0.8080524299848705
4036,2002_d1,D,UV,D_UV,manual,2002_d1/run4036.root,good,,0,0,669270.475,783474.878,0.8542334844334345
4037,2002_d1,D,UV,D_UV,manual,2002_d1/run4037.root,good,,0,0,258864.174,783474.878,0.3304052003056057
4039,2002_d1,D,UV,D_UV,manual,2002_d1/run4039.root,good,,0,0,717700.106,783474.878,0.9160473758036694
4040,2002_d1,D,UV,D_UV,manual,2002_d1/run4040.root,good,,0,0,599160.494,783474.878,0.7647475507185311
4041,2002_d1,D,UV,D_UV,manual,2002_d1/run4041.root,good,,0,0,517039.241,783474.878,0.6599308484783349
4042,2002_d1,D,UV,D_UV,manual,2002_d1/run4042.root,good,,0,0,1013875.877,783474.878,1.294075796773665
4043,2002_d1,D,UV,D_UV,manual,2002_d1/run4043.root,good,,0,0,723248.882,783474.878,0.9231296399014851
4044,2002_d1,D,UV,D_UV,manual,2002_d1/run4044.root,good,,0,0,521910.792,783474.878,0.6661487262135289
4045,2002_d1,D,UV,D_UV,manual,2002_d1/run4045.root,good,,0,0,701911.544,783474.878,0.8958954061064355
4046,2002_d1,D,UV,D_UV,manual,2002_d1/run4046.root,good,,0,0,751160.328,783474.878,0.9587548357868342
4047,2002_d1,D,UV,D_UV,manual,2002_d1/run4047.root,good,,0,0,649288.602,783474.878,0.8287293188742166
4048,2002_d1,D,UV,D_UV,manual,2002_d1/run4048.root,good,,0,0,836517.291,783474.878,1.0677014853818962
4049,2002_d1,D,UV,D_UV,manual,2002_d1/run4049.root,good,,0,0,607208.6240000001,783474.878,0.7750199030631841
4050,2002_d1,D,UV,D_UV,manual,2002_d1/run4050.root,good,,0,0,538416.86,783474.878,0.6872164955364402
4052,2002_d1,D,UV,D_UV,manual,2002_d1/run4052.root,good,,0,0,532720.191,783474.878,0.6799454659731923
4053,2002_d1,D,UV,D_UV,manual,2002_d1/run4053.root,good,,0,0,903507.973,783474.878,1.1532060546809262
4054,2002_d1,D,UV,D_UV,manual,2002_d1/run4054.root,good,,0,0,643137.455,783474.878,0.8208782094478336
4055,2002_d1,D,UV,D_UV,manual,2002_d1/run4055.root,good,,0,0,190603.942,783474.878,0.24328022167929678
4056,2002_d1,D,UV,D_UV,manual,2002_d1/run4056.root,good,,0,0,546516.088,783474.878,0.6975540675855595
4057,2002_d1,D,UV,D_UV,manual,2002_d1/run4057.root,good,,0,0,817575.944,783474.878,1.043525410906666
4058,2002_d1,D,UV,D_UV,manual,2002_d1/run4058.root,good,,0,0,569347.74,783474.878,0.7266955916358048
4060,2002_d1,D,UV,D_UV,manual,2002_d1/run4060.root,good,,0,0,1034788.208,783474.878,1.32076756646178
4061,2002_d1,D,UV,D_UV,manual,2002_d1/run4061.root,good,,0,0,745079.472,783474.878,0.9509934433405023
4062,2002_d1,D,UV,D_UV,manual,2002_d1/run4062.root,good,,0,0,138199.774,783474.878,0.1763933699479768
4063,2002_d1,D,UV,D_UV,manual,2002_d1/run4063.root,good,,0,0,940980.266,783474.878,1.2010343821132705
4064,2002_d1,D,UV,D_UV,manual,2002_d1/run4064.root,good,,0,0,814485.371,783474.878,1.0395807113549849
4065,2002_d1,D,UV,D_UV,manual,2002_d1/run4065.root,good,,0,0,580871.09,783474.878,0.7414035935431741
4066,2002_d1,D,UV,D_UV,manual,2002_d1/run4066.root,good,,0,0,949141.301,783474.878,1.211450842460835
4067,2002_d1,D,UV,D_UV,manual,2002_d1/run4067.root,good,,0,0,261882.407,783474.878,0.3342575676051224
4069,2002_d1,D,UV,D_UV,manual,2002_d1/run4069.root,good,,0,0,429520.337,783474.878,0.5482247728177955
4070,2002_d1,D,UV,D_UV,manual,2002_d1/run4070.root,good,,0,0,774741.644,783474.878,0.9888532048120118
4071,2002_d1,D,UV,D_UV,manual,2002_d1/run4071.root,good,,0,0,690217.699,783474.878,0.8809697903293844
4072,2002_d1,D,UV,D_UV,manual,2002_d1/run4072.root,good,,0,0,606163.39,783474.878,0.7736858028522517
4073,2002_d1,D,UV,D_UV,manual,2002_d1/run4073.root,good,,0,0,423186.027,783474.878,0.5401398805284986
4074,2002_d1,D,UV,D_UV,manual,2002_d1/run4074.root,good,,0,0,751506.1140000001,783474.878,0.9591961849732724
4075,2002_d1,D,UV,D_UV,manual,2002_d1/run4075.root,good,,0,0,522458.458,783474.878,0.6668477479886725
4076,2002_d1,D,UV,D_UV,manual,2002_d1/run4076.root,good,,0,0,616289.267,783474.878,0.7866101189781862
4077,2002_d1,D,UV,D_UV,manual,2002_d1/run4077.root,good,,0,0,670446.129,783474.878,0.855734048182206
4078,2002_d1,D,UV,D_UV,manual,2002_d1/run4078.root,good,,0,0,874190.336,783474.878,1.1157860456631004
4079,2002_d1,D,UV,D_UV,manual,2002_d1/run4079.root,good,,0,0,834854.258,783474.878,1.065578848081457
4080,2002_d1,D,UV,D_UV,manual,2002_d1/run4080.root,good,,0,0,733551.748,783474.878,0.9362798586121354
4081,2002_d1,D,UV,D_UV,manual,2002_d1/run4081.root,good,,0,0,971325.504,783474.878,1.2397659851960179
4082,2002_d1,D,UV,D_UV,manual,2002_d1/run4082.root,good,,0,0,177595.436,783474.878,0.22667661846842266
4083,2002_d1,D,UV,D_UV,manual,2002_d1/run4083.root,good,,0,0,665900.104,783474.878,0.8499316604762917
4084,2002_d1,D,UV,D_UV,manual,2002_d1/run4084.root,good,,0,0,734178.462,783474.878,0.9370797744966113
4085,2002_d1,D,UV,D_UV,manual,2002_d1/run4085.root,good,,0,0,972391.6950000001,783474.878,1.2411268341905917
4086,2002_d1,D,UV,D_UV,manual,2002_d1/run4086.root,good,,0,0,827644.526,783474.878,1.0563765976935382
4087,2002_d1,D,UV,D_UV,manual,2002_d1/run4087.root,good,,0,0,580508.358,783474.878,0.7409406150735569
4088,2002_d1,D,UV,D_UV,manual,2002_d1/run4088.root,good,,0,0,984529.183,783474.878,1.2566187004147948
4089,2002_d1,D,UV,D_UV,manual,2002_d1/run4089.root,good,,0,0,513502.787,783474.878,0.6554170419743822
4090,2002_d1,D,UV,D_UV,manual,2002_d1/run4090.root,good,,0,0,755687.4500000001,783474.878,0.9645330963630464
4091,2002_d1,D,UV,D_UV,manual,2002_d1/run4091.root,good,,0,0,142700.536,783474.878,0.1821379855398503
4092,2002_d1,D,UV,D_UV,manual,2002_d1/run4092.root,good,,0,0,783474.878,783474.878,1.0
4093,2002_d1,D,UV,D_UV,manual,2002_d1/run4093.root,good,,0,0,710638.7339999999,783474.878,0.9070344869436897
4094,2002_d1,D,UV,D_UV,manual,2002_d1/run4094.root,good,,0,0,769125.003,783474.878,0.9816843201959055
4095,2002_d1,D,UV,D_UV,manual,2002_d1/run4095.root,good,,0,0,291107.968,783474.878,0.3715600540289436
4096,2002_d1,D,UV,D_UV,manual,2002_d1/run4096.root,good,,0,0,592724.876,783474.878,0.7565333524325205
4097,2002_d1,D,UV,D_UV,manual,2002_d1/run4097.root,good,,0,0,542107.948,783474.878,0.6919276714830415
4098,2002_d1,D,UV,D_UV,manual,2002_d1/run4098.root,good,,0,0,496743.477,783474.878,0.6340260433979097
4099,2002_d1,D,UV,D_UV,manual,2002_d1/run4099.root,good,,0,0,760183.669,783474.878,0.9702719134282184
4100,2002_d1,D,UV,D_UV,manual,2002_d1/run4100.root,good,,0,0,889003.353,783474.878,1.1346928637576557
4101,2002_d1,D,UV,D_UV,manual,2002_d1/run4101.root,good,,0,0,351252.005,783474.878,0.4483258045192867
4102,2002_d1,D,UV,D_UV,manual,2002_d1/run4102.root,good,,0,0,446852.236,783474.878,0.5703466040170849
4103,2002_d1,D,UV,D_UV,manual,2002_d1/run4103.root,good,,0,0,846581.225,783474.878,1.0805467396237305
4104,2002_d1,D,UV,D_UV,manual,2002_d1/run4104.root,good,,0,0,1124909.973,783474.878,1.4357958430927507
4108,2002_d1,D,UV,D_UV,manual,2002_d1/run4108.root,good,,0,0,1256124.9710000001,783474.878,1.603274088642827
4109,2002_d1,D,UV,D_UV,manual,2002_d1/run4109.root,good,,0,0,1291579.96,783474.878,1.6485275996303228
4111,2002_d1,D,UV,D_UV,manual,2002_d1/run4111.root,good,,0,0,705695.547,783474.878,0.90072517551737
4112,2002_d1,D,UV,D_UV,manual,2002_d1/run4112.root,good,,0,0,1392732.172,783474.878,1.7776347539761193
4113,2002_d1,D,UV,D_UV,manual,2002_d1/run4113.root,good,,0,0,421411.545,783474.878,0.5378749936127498
4114,2002_d1,D,UV,D_UV,manual,2002_d1/run4114.root,good,,0,0,1223325.321,783474.878,1.5614097597140824
4115,2002_d1,D,UV,D_UV,manual,2002_d1/run4115.root,good,,0,0,1072679.104,783474.878,1.369130184158885
4116,2002_d1,D,UV,D_UV,manual,2002_d1/run4116.root,good,,0,0,980158.9770000001,783474.878,1.2510407219464157
4117,2002_d1,D,UV,D_UV,manual,2002_d1/run4117.root,good,,0,0,987907.6410000001,783474.878,1.2609308463365945
4119,2002_d1,D,UV,D_UV,manual,2002_d1/run4119.root,good,,0,0,1065516.932,783474.878,1.3599886376956685
4120,2002_d1,D,UV,D_UV,manual,2002_d1/run4120.root,good,,0,0,990045.214,783474.878,1.2636591699370352
4123,2002_d1,D,UV,D_UV,manual,2002_d1/run4123.root,good,,0,0,825995.11,783474.878,1.0542713406568218
4124,2002_d1,D,UV,D_UV,manual,2002_d1/run4124.root,good,,0,0,1243514.255,783474.878,1.5871782107096482
4125,2002_d1,D,UV,D_UV,manual,2002_d1/run4125.root,good,,0,0,1148334.845,783474.878,1.465694532454428
4126,2002_d1,D,UV,D_UV,manual,2002_d1/run4126.root,good,,0,0,1041912.5560000001,783474.878,1.3298608356910202
4128,2002_d1,D,UV,D_UV,manual,2002_d1/run4128.root,good,,0,0,470114.125,783474.878,0.6000372675637979
4130,2002_d1,D,UV,D_UV,manual,2002_d1/run4130.root,good,,0,0,946714.923,783474.878,1.2083538982343731
4132,2002_d1,D,UV,D_UV,manual,2002_d1/run4132.root,good,,0,0,1110462.213,783474.878,1.4173552262897189
4133,2002_d1,D,UV,D_UV,manual,2002_d1/run4133.root,good,,0,0,1004128.372,783474.878,1.2816344214676911
4134,2002_d1,D,UV,D_UV,manual,2002_d1/run4134.root,good,,0,0,1035322.056,783474.878,1.3214489514238132
4135,2002_d1,D,UV,D_UV,manual,2002_d1/run4135.root,good,,0,0,175238.70799999998,783474.878,0.22366857307197535
4136,2002_d1,D,UV,D_UV,manual,2002_d1/run4136.root,good,,0,0,1279006.422,783474.878,1.6324791743992588
4137,2002_d1,D,UV,D_UV,manual,2002_d1/run4137.root,good,,0,0,1283744.911,783474.878,1.638527216439989
4139,2002_d1,D,UV,D_UV,manual,2002_d1/run4139.root,good,,0,0,1224537.345,783474.878,1.5629567448619583
4140,2002_d1,D,UV,D_UV,manual,2002_d1/run4140.root,good,,0,0,2054666.168,783474.878,2.62250421257285
4141,2002_d1,D,UV,D_UV,manual,2002_d1/run4141.root,good,,0,0,1976321.1099999999,783474.878,2.5225073138847978
4142,2002_d1,D,UV,D_UV,manual,2002_d1/run4142.root,good,,0,0,1499000.77,783474.878,1.9132722849091786
4143,2002_vis2,P,VIS,P_VIS,manual,2002_vis2/run4143.root,good,,0,0,753685.943,764552.1825,0.9857874455809299
4145,2002_vis2,P,VIS,P_VIS,manual,2002_vis2/run4145.root,good,,0,0,935395.669,764552.1825,1.2234556259343357
4147,2002_vis2,P,VIS,P_VIS,manual,2002_vis2/run4147.root,good,,0,0,450302.411,764552.1825,0.5889753784072156
4148,2002_vis2,P,VIS,P_VIS,manual,2002_vis2/run4148.root,good,,0,0,406623.517,764552.1825,0.531845342028044
4149,2002_vis2,P,VIS,P_VIS,manual,2002_vis2/run4149.root,good,,0,0,126858.723,764552.1825,0.16592552595322688
4150,2002_vis2,P,VIS,P_VIS,manual,2002_vis2/run4150.root,good,,0,0,894798.523,764552.1825,1.1703563778656796
4151,2002_vis2,P,VIS,P_VIS,manual,2002_vis2/run4151.root,good,,0,0,760178.777,764552.1825,0.9942797815504242
4153,2002_vis2,P,VIS,P_VIS,manual,2002_vis2/run4153.root,good,,0,0,380022.102,764552.1825,0.4970518830478913
4154,2002_vis2,P,VIS,P_VIS,manual,2002_vis2/run4154.root,review,negative_net_flux,0,1,242550.929,764552.1825,0.31724574797090455
4156,2002_vis2,P,VIS,P_VIS,manual,2002_vis2/run4156.root,good,,0,0,791961.575,764552.1825,1.035850257349831
4157,2002_vis2,P,VIS,P_VIS,manual,2002_vis2/run4157.root,good,,0,0,777717.704,764552.1825,1.0172199122588994
4158,2002_vis2,P,VIS,P_VIS,manual,2002_vis2/run4158.root,good,,0,0,1083549.7719999999,764552.1825,1.4172345548173226
4159,2002_vis2,P,VIS,P_VIS,manual,2002_vis2/run4159.root,good,,0,0,761114.019,764552.1825,0.9955030361841913
4160,2002_vis2,P,VIS,P_VIS,manual,2002_vis2/run4160.root,good,,0,0,519797.04,764552.1825,0.6798712395278526
4161,2002_vis2,P,VIS,P_VIS,manual,2002_vis2/run4161.root,good,,0,0,913536.256,764552.1825,1.1948644931112993
4163,2002_vis2,P,VIS,P_VIS,manual,2002_vis2/run4163.root,good,,0,0,755874.787,764552.1825,0.9886503554647822
4164,2002_vis2,P,VIS,P_VIS,manual,2002_vis2/run4164.root,good,,0,0,399905.325,764552.1825,0.5230582478914054
4165,2002_vis2,P,VIS,P_VIS,manual,2002_vis2/run4165.root,good,,0,0,767990.346,764552.1825,1.0044969638158086
4168,2002_vis2,P,VIS,P_VIS,manual,2002_vis2/run4168.root,good,,0,0,605358.517,764552.1825,0.7917818179794418
4170,2002_vis2,P,VIS,P_VIS,manual,2002_vis2/run4170.root,good,,0,0,872047.966,764552.1825,1.1405996686171254
4171,2002_vis2,P,VIS,P_VIS,manual,2002_vis2/run4171.root,good,,0,0,876306.647,764552.1825,1.146169832560775
4172,2002_vis2,P,VIS,P_VIS,manual,2002_vis2/run4172.root,bad,nonzero_flux_without_lookup;run_flux_conservation_failure,1,0,,764552.1825,
4174,2002_vis2,P,VIS,P_VIS,manual,2002_vis2/run4174.root,good,,0,0,858080.454,764552.1825,1.1223307887163085
4175,2002_vis2,P,VIS,P_VIS,manual,2002_vis2/run4175.root,good,,0,0,1778293.713,764552.1825,2.325928502597663
4176,2002_vis2,P,VIS,P_VIS,manual,2002_vis2/run4176.root,review,negative_net_flux,0,1,1313374.913,764552.1825,1.7178355422456726
4188,2002_d2,D,VIS,D_VIS,manual,2002_d2/run4188.root,good,,0,0,559050.346,420656.129,1.328996078885136
4190,2002_d2,D,VIS,D_VIS,manual,2002_d2/run4190.root,good,,0,0,494313.383,420656.129,1.1751008696226555
4192,2002_d2,D,VIS,D_VIS,manual,2002_d2/run4192.root,good,,0,0,556381.32,420656.129,1.3226511671722248
4194,2002_d2,D,VIS,D_VIS,manual,2002_d2/run4194.root,good,,0,0,444125.531,420656.129,1.0557923690682753
4195,2002_d2,D,VIS,D_VIS,manual,2002_d2/run4195.root,good,,0,0,316403.317,420656.129,0.7521661879791605
4197,2002_d2,D,VIS,D_VIS,manual,2002_d2/run4197.root,good,,0,0,558525.05,420656.129,1.3277473249415084
4198,2002_d2,D,VIS,D_VIS,manual,2002_d2/run4198.root,good,,0,0,501379.319,420656.129,1.1918982856422378
4199,2002_d2,D,VIS,D_VIS,manual,2002_d2/run4199.root,good,,0,0,344322.609,420656.129,0.8185370074567485
4200,2002_d2,D,VIS,D_VIS,manual,2002_d2/run4200.root,good,,0,0,326983.527,420656.129,0.7773178719095758
4202,2002_d2,D,VIS,D_VIS,manual,2002_d2/run4202.root,good,,0,0,506613.043,420656.129,1.2043400965162212
4203,2002_d2,D,VIS,D_VIS,manual,2002_d2/run4203.root,good,,0,0,390081.224,420656.129,0.9273161547112511
4204,2002_d2,D,VIS,D_VIS,manual,2002_d2/run4204.root,good,,0,0,377834.11100000003,420656.129,0.8982018445760005
4205,2002_d2,D,VIS,D_VIS,manual,2002_d2/run4205.root,good,,0,0,339319.164,420656.129,0.8066426247173495
4206,2002_d2,D,VIS,D_VIS,manual,2002_d2/run4206.root,good,,0,0,557910.077,420656.129,1.3262853873692164
4207,2002_d2,D,VIS,D_VIS,manual,2002_d2/run4207.root,good,,0,0,511424.919,420656.129,1.215779074028421
4209,2002_d2,D,VIS,D_VIS,manual,2002_d2/run4209.root,review,negative_net_flux,0,1,324904.379,420656.129,0.7723752409655251
4210,2002_d2,D,VIS,D_VIS,manual,2002_d2/run4210.root,good,,0,0,586505.583,420656.129,1.3942637288900643
4211,2002_d2,D,VIS,D_VIS,manual,2002_d2/run4211.root,good,,0,0,265957.058,420656.129,0.632243392321998
4212,2002_d2,D,VIS,D_VIS,manual,2002_d2/run4212.root,bad,nonzero_flux_without_lookup;run_flux_conservation_failure,1,0,,420656.129,
4214,2002_d2,D,VIS,D_VIS,manual,2002_d2/run4214.root,good,,0,0,447417.077,420656.129,1.0636171593734225
4216,2002_d2,D,VIS,D_VIS,manual,2002_d2/run4216.root,good,,0,0,538443.827,420656.129,1.280009465878958
4217,2002_d2,D,VIS,D_VIS,manual,2002_d2/run4217.root,good,,0,0,493855.936,420656.129,1.174013408942866
4218,2002_d2,D,VIS,D_VIS,manual,2002_d2/run4218.root,good,,0,0,440102.784,420656.129,1.0462293394992943
4219,2002_d2,D,VIS,D_VIS,manual,2002_d2/run4219.root,good,,0,0,308998.77499999997,420656.129,0.7345638246958716
4220,2002_d2,D,VIS,D_VIS,manual,2002_d2/run4220.root,good,,0,0,323950.078,420656.129,0.7701066397632351
4223,2002_d2,D,VIS,D_VIS,manual,2002_d2/run4223.root,good,,0,0,550062.907,420656.129,1.3076307917054026
4224,2002_d2,D,VIS,D_VIS,manual,2002_d2/run4224.root,good,,0,0,617572.4569999999,420656.129,1.4681171018906036
4226,2002_d2,D,VIS,D_VIS,manual,2002_d2/run4226.root,good,,0,0,687586.937,420656.129,1.6345582284384117
4227,2002_d2,D,VIS,D_VIS,manual,2002_d2/run4227.root,good,,0,0,258746.751,420656.129,0.6151027719840972
4229,2002_d2,D,VIS,D_VIS,manual,2002_d2/run4229.root,good,,0,0,471208.144,420656.129,1.1201742029057657
4230,2002_d2,D,VIS,D_VIS,manual,2002_d2/run4230.root,good,,0,0,317154.698,420656.129,0.7539523999185567
4231,2002_d2,D,VIS,D_VIS,manual,2002_d2/run4231.root,good,,0,0,552139.495,420656.129,1.3125673369185593
4232,2002_d2,D,VIS,D_VIS,manual,2002_d2/run4232.root,good,,0,0,387388.86199999996,420656.129,0.9209157677576593
4233,2002_d2,D,VIS,D_VIS,manual,2002_d2/run4233.root,good,,0,0,802613.928,420656.129,1.9080048349895786
4235,2002_d2,D,VIS,D_VIS,manual,2002_d2/run4235.root,good,,0,0,516069.247,420656.129,1.2268197499625637
4237,2002_d2,D,VIS,D_VIS,manual,2002_d2/run4237.root,good,,0,0,207638.772,420656.129,0.4936069099803845
4238,2002_d2,D,VIS,D_VIS,manual,2002_d2/run4238.root,good,,0,0,557467.732,420656.129,1.3252338277472238
4239,2002_d2,D,VIS,D_VIS,manual,2002_d2/run4239.root,good,,0,0,486677.473,420656.129,1.1569484893919137
4240,2002_d2,D,VIS,D_VIS,manual,2002_d2/run4240.root,good,,0,0,432736.049,420656.129,1.0287168524769075
4241,2002_d2,D,VIS,D_VIS,manual,2002_d2/run4241.root,good,,0,0,315651.726,420656.129,0.7503794768196519
4242,2002_d2,D,VIS,D_VIS,manual,2002_d2/run4242.root,good,,0,0,535996.0059999999,420656.129,1.2741904112372981
4243,2002_d2,D,VIS,D_VIS,manual,2002_d2/run4243.root,bad,nonzero_flux_without_lookup;run_flux_conservation_failure,2,0,,420656.129,
4244,2002_d2,D,VIS,D_VIS,manual,2002_d2/run4244.root,good,,0,0,454688.391,420656.129,1.080902807908452
4247,2002_d2,D,VIS,D_VIS,manual,2002_d2/run4247.root,good,,0,0,420656.129,420656.129,1.0
4248,2002_d2,D,VIS,D_VIS,manual,2002_d2/run4248.root,good,,0,0,532811.125,420656.129,1.2666191890906693
4249,2002_d2,D,VIS,D_VIS,manual,2002_d2/run4249.root,good,,0,0,436581.103,420656.129,1.0378574633819253
4250,2002_d2,D,VIS,D_VIS,manual,2002_d2/run4250.root,good,,0,0,222410.646,420656.129,0.5287231794975226
4251,2002_d2,D,VIS,D_VIS,manual,2002_d2/run4251.root,good,,0,0,410525.29099999997,420656.129,0.9759165805474332
4252,2002_d2,D,VIS,D_VIS,manual,2002_d2/run4252.root,good,,0,0,393330.333,420656.129,0.9350400621406374
4253,2002_d2,D,VIS,D_VIS,manual,2002_d2/run4253.root,good,,0,0,372500.938,420656.129,0.8855236196974561
4254,2002_d2,D,VIS,D_VIS,manual,2002_d2/run4254.root,good,,0,0,333458.227,420656.129,0.7927097788702373
4255,2002_d2,D,VIS,D_VIS,manual,2002_d2/run4255.root,good,,0,0,323813.736,420656.129,0.7697825222938804
4256,2002_d2,D,VIS,D_VIS,manual,2002_d2/run4256.root,good,,0,0,558748.502,420656.129,1.3282785236679624
4257,2002_d2,D,VIS,D_VIS,manual,2002_d2/run4257.root,good,,0,0,387993.164,420656.129,0.9223523378165256
4258,2002_d2,D,VIS,D_VIS,manual,2002_d2/run4258.root,good,,0,0,330250.985,420656.129,0.7850853992905925
4260,2002_d2,D,VIS,D_VIS,manual,2002_d2/run4260.root,review,negative_net_flux,0,1,111353.77900000001,420656.129,0.2647145050868854
4261,2002_d2,D,VIS,D_VIS,manual,2002_d2/run4261.root,good,,0,0,520359.402,420656.129,1.2370184721592397
4262,2002_d2,D,VIS,D_VIS,manual,2002_d2/run4262.root,good,,0,0,349226.785,420656.129,0.8301954040945401
4263,2002_d2,D,VIS,D_VIS,manual,2002_d2/run4263.root,good,,0,0,345090.455,420656.129,0.8203623606301954
4264,2002_d2,D,VIS,D_VIS,manual,2002_d2/run4264.root,good,,0,0,324376.561,420656.129,0.7711204916260711
4265,2002_d2,D,VIS,D_VIS,manual,2002_d2/run4265.root,good,,0,0,98006.242,420656.129,0.23298422450894563
4266,2002_d2,D,VIS,D_VIS,manual,2002_d2/run4266.root,good,,0,0,422614.491,420656.129,1.0046554937988315
4267,2002_d2,D,VIS,D_VIS,manual,2002_d2/run4267.root,good,,0,0,385508.14900000003,420656.129,0.9164448641612447
4268,2002_d2,D,VIS,D_VIS,manual,2002_d2/run4268.root,good,,0,0,360351.147,420656.129,0.8566406671801993
4269,2002_d2,D,VIS,D_VIS,manual,2002_d2/run4269.root,good,,0,0,334607.998,420656.129,0.7954430589076238
4271,2002_d3,D,UV,D_UV,manual,2002_d3/run4271.root,good,,0,0,377360.226,343911.279,1.0972603954637965
4272,2002_d3,D,UV,D_UV,manual,2002_d3/run4272.root,good,,0,0,136478.124,343911.279,0.3968410817954011
4273,2002_d3,D,UV,D_UV,manual,2002_d3/run4273.root,good,,0,0,125110.222,343911.279,0.3637863299039983
4275,2002_d3,D,UV,D_UV,manual,2002_d3/run4275.root,good,,0,0,187268.038,343911.279,0.5445242695864011
4276,2002_d3,D,UV,D_UV,manual,2002_d3/run4276.root,good,,0,0,512414.804,343911.279,1.4899621945810042
4277,2002_d3,D,UV,D_UV,manual,2002_d3/run4277.root,good,,0,0,461079.319,343911.279,1.3406926354398514
4278,2002_d3,D,UV,D_UV,manual,2002_d3/run4278.root,good,,0,0,304159.397,343911.279,0.8844123923019112
4280,2002_d3,D,UV,D_UV,manual,2002_d3/run4280.root,good,,0,0,285769.052,343911.279,0.8309382955712832
4282,2002_d3,D,UV,D_UV,manual,2002_d3/run4282.root,good,,0,0,383831.021,343911.279,1.116075698697861
4283,2002_d3,D,UV,D_UV,manual,2002_d3/run4283.root,good,,0,0,465475.946,343911.279,1.3534768250505678
4284,2002_d3,D,UV,D_UV,manual,2002_d3/run4284.root,good,,0,0,177993.602,343911.279,0.5175567446277329
4285,2002_d3,D,UV,D_UV,manual,2002_d3/run4285.root,good,,0,0,125601.353,343911.279,0.36521440461392957
4286,2002_d3,D,UV,D_UV,manual,2002_d3/run4286.root,good,,0,0,581695.311,343911.279,1.6914109728864113
4287,2002_d3,D,UV,D_UV,manual,2002_d3/run4287.root,good,,0,0,338506.131,343911.279,0.9842833069746457
4289,2002_d3,D,UV,D_UV,manual,2002_d3/run4289.root,good,,0,0,492256.839,343911.279,1.4313483420239905
4290,2002_d3,D,UV,D_UV,manual,2002_d3/run4290.root,good,,0,0,435233.231,343911.279,1.2655392759014457
4291,2002_d3,D,UV,D_UV,manual,2002_d3/run4291.root,good,,0,0,400571.108,343911.279,1.1647512962202093
4292,2002_d3,D,UV,D_UV,manual,2002_d3/run4292.root,good,,0,0,343071.162,343911.279,0.9975571693884457
4293,2002_d3,D,UV,D_UV,manual,2002_d3/run4293.root,bad,nonzero_flux_without_lookup;run_flux_conservation_failure,1,0,,343911.279,
4294,2002_d3,D,UV,D_UV,manual,2002_d3/run4294.root,good,,0,0,490218.631,343911.279,1.4254217902518982
4295,2002_d3,D,UV,D_UV,manual,2002_d3/run4295.root,good,,0,0,339014.915,343911.279,0.9857627117835819
4296,2002_d3,D,UV,D_UV,manual,2002_d3/run4296.root,good,,0,0,492182.08,343911.279,1.4311309632854468
4297,2002_d3,D,UV,D_UV,manual,2002_d3/run4297.root,good,,0,0,175845.486,343911.279,0.5113106104321749
4298,2002_d3,D,UV,D_UV,manual,2002_d3/run4298.root,good,,0,0,488275.211,343911.279,1.419770856075936
4299,2002_d3,D,UV,D_UV,manual,2002_d3/run4299.root,good,,0,0,431081.507,343911.279,1.2534671972767721
4300,2002_d3,D,UV,D_UV,manual,2002_d3/run4300.root,good,,0,0,367815.281,343911.279,1.069506304269829
4301,2002_d3,D,UV,D_UV,manual,2002_d3/run4301.root,good,,0,0,262103.201,343911.279,0.7621244693169834
4302,2002_d3,D,UV,D_UV,manual,2002_d3/run4302.root,good,,0,0,607068.573,343911.279,1.7651894836516833
4303,2002_d3,D,UV,D_UV,manual,2002_d3/run4303.root,good,,0,0,607067.1120000001,343911.279,1.7651852354630106
4304,2002_d3,D,UV,D_UV,manual,2002_d3/run4304.root,good,,0,0,265203.98,343911.279,0.7711406871305317
4305,2002_d3,D,UV,D_UV,manual,2002_d3/run4305.root,good,,0,0,796777.379,343911.279,2.3168108394607203
4306,2002_d3,D,UV,D_UV,manual,2002_d3/run4306.root,good,,0,0,390713.271,343911.279,1.136087400611249
4307,2002_d3,D,UV,D_UV,manual,2002_d3/run4307.root,good,,0,0,343086.28,343911.279,0.9976011284003281
4308,2002_d3,D,UV,D_UV,manual,2002_d3/run4308.root,good,,0,0,578159.429,343911.279,1.6811295944731142
4309,2002_d3,D,UV,D_UV,manual,2002_d3/run4309.root,good,,0,0,251562.983,343911.279,0.7314763962713768
4311,2002_d3,D,UV,D_UV,manual,2002_d3/run4311.root,good,,0,0,433319.93,343911.279,1.2599759195452267
4312,2002_d3,D,UV,D_UV,manual,2002_d3/run4312.root,good,,0,0,415993.837,343911.279,1.2095963767445965
4313,2002_d3,D,UV,D_UV,manual,2002_d3/run4313.root,good,,0,0,355240.399,343911.279,1.0329419844354684
4314,2002_d3,D,UV,D_UV,manual,2002_d3/run4314.root,good,,0,0,411476.069,343911.279,1.196459942216667
4315,2002_d3,D,UV,D_UV,manual,2002_d3/run4315.root,good,,0,0,217308.199,343911.279,0.6318728470664668
4316,2002_d3,D,UV,D_UV,manual,2002_d3/run4316.root,bad,nonzero_flux_without_lookup;run_flux_conservation_failure,1,0,,343911.279,
4317,2002_d3,D,UV,D_UV,manual,2002_d3/run4317.root,good,,0,0,188425.168,343911.279,0.5478888873545785
4318,2002_d3,D,UV,D_UV,manual,2002_d3/run4318.root,good,,0,0,493656.114,343911.279,1.4354170512680395
4319,2002_d3,D,UV,D_UV,manual,2002_d3/run4319.root,good,,0,0,311296.216,343911.279,0.9051643112873888
4320,2002_d3,D,UV,D_UV,manual,2002_d3/run4320.root,good,,0,0,228823.53,343911.279,0.6653562821939318
4321,2002_d3,D,UV,D_UV,manual,2002_d3/run4321.root,good,,0,0,84956.657,343911.279,0.24703073783166038
4322,2002_d3,D,UV,D_UV,manual,2002_d3/run4322.root,good,,0,0,458052.804,343911.279,1.3318923570401424
4323,2002_d3,D,UV,D_UV,manual,2002_d3/run4323.root,good,,0,0,397760.446,343911.279,1.156578659346616
4325,2002_d3,D,UV,D_UV,manual,2002_d3/run4325.root,good,,0,0,366099.314,343911.279,1.0645167412494199
4326,2002_d3,D,UV,D_UV,manual,2002_d3/run4326.root,good,,0,0,249952.696,343911.279,0.7267941218060487
4327,2002_d3,D,UV,D_UV,manual,2002_d3/run4327.root,good,,0,0,353245.093,343911.279,1.027140179953214
4328,2002_d3,D,UV,D_UV,manual,2002_d3/run4328.root,good,,0,0,315363.04699999996,343911.279,0.9169895442713875
4329,2002_d3,D,UV,D_UV,manual,2002_d3/run4329.root,good,,0,0,0.0,343911.279,0.0
4330,2002_d3,D,UV,D_UV,manual,2002_d3/run4330.root,good,,0,0,272149.824,343911.279,0.7913373030141301
4331,2002_d3,D,UV,D_UV,manual,2002_d3/run4331.root,good,,0,0,331559.746,343911.279,0.9640851180109159
4332,2002_d3,D,UV,D_UV,manual,2002_d3/run4332.root,good,,0,0,457140.169,343911.279,1.3292386639055245
4333,2002_d3,D,UV,D_UV,manual,2002_d3/run4333.root,good,,0,0,405107.50800000003,343911.279,1.1779419075115594
4334,2002_d3,D,UV,D_UV,manual,2002_d3/run4334.root,good,,0,0,357569.511,343911.279,1.0397144055284095
4335,2002_d3,D,UV,D_UV,manual,2002_d3/run4335.root,good,,0,0,243534.014,343911.279,0.7081303489322315
4336,2002_d3,D,UV,D_UV,manual,2002_d3/run4336.root,good,,0,0,111741.364,343911.279,0.3249133448746239
4337,2002_d3,D,UV,D_UV,manual,2002_d3/run4337.root,good,,0,0,439062.435,343911.279,1.2766735545186931
4338,2002_d3,D,UV,D_UV,manual,2002_d3/run4338.root,good,,0,0,390951.488,343911.279,1.1367800705367388
4339,2002_d3,D,UV,D_UV,manual,2002_d3/run4339.root,good,,0,0,367758.024,343911.279,1.069339816563562
4340,2002_d3,D,UV,D_UV,manual,2002_d3/run4340.root,good,,0,0,80764.767,343911.279,0.2348418674573334
4341,2002_d3,D,UV,D_UV,manual,2002_d3/run4341.root,good,,0,0,443843.68,343911.279,1.290576108147939
4342,2002_d3,D,UV,D_UV,manual,2002_d3/run4342.root,good,,0,0,395077.489,343911.279,1.1487773537081347
4343,2002_d3,D,UV,D_UV,manual,2002_d3/run4343.root,good,,0,0,357437.714,343911.279,1.0393311758757409
4344,2002_d3,D,UV,D_UV,manual,2002_d3/run4344.root,good,,0,0,162544.45500000002,343911.279,0.47263484778002884
4345,2002_d3,D,UV,D_UV,manual,2002_d3/run4345.root,good,,0,0,326527.223,343911.279,0.9494519166380699
4346,2002_d3,D,UV,D_UV,manual,2002_d3/run4346.root,good,,0,0,299587.515,343911.279,0.8711186090526564
4347,2002_d3,D,UV,D_UV,manual,2002_d3/run4347.root,good,,0,0,263675.518,343911.279,0.7666963374004375
4348,2002_d3,D,UV,D_UV,manual,2002_d3/run4348.root,good,,0,0,243630.557,343911.279,0.7084110695886773
4349,2002_d3,D,UV,D_UV,manual,2002_d3/run4349.root,good,,0,0,300893.868,343911.279,0.874917126518552
4350,2002_d3,D,UV,D_UV,manual,2002_d3/run4350.root,good,,0,0,428584.474,343911.279,1.2462065078127316
4351,2002_d3,D,UV,D_UV,manual,2002_d3/run4351.root,good,,0,0,378944.962,343911.279,1.1018683746048352
4352,2002_d3,D,UV,D_UV,manual,2002_d3/run4352.root,good,,0,0,328174.761,343911.279,0.9542425068297921
4353,2002_d3,D,UV,D_UV,manual,2002_d3/run4353.root,good,,0,0,151317.787,343911.279,0.43999076575793267
4354,2002_d3,D,UV,D_UV,manual,2002_d3/run4354.root,good,,0,0,366046.889,343911.279,1.0643643036784498
4356,2002_d3,D,UV,D_UV,manual,2002_d3/run4356.root,good,,0,0,364541.732,343911.279,1.0599877185185311
4357,2002_d3,D,UV,D_UV,manual,2002_d3/run4357.root,good,,0,0,336794.131,343911.279,0.9793052789059588
4359,2002_d3,D,UV,D_UV,manual,2002_d3/run4359.root,good,,0,0,280662.401,343911.279,0.8160895502354257
4360,2002_d3,D,UV,D_UV,manual,2002_d3/run4360.root,good,,0,0,246979.06,343911.279,0.7181476010852206
4363,2002_d3,D,UV,D_UV,manual,2002_d3/run4363.root,good,,0,0,357155.134,343911.279,1.0385095104717401
4364,2002_d3,D,UV,D_UV,manual,2002_d3/run4364.root,good,,0,0,269799.846,343911.279,0.7845042092963751
4366,2002_d3,D,UV,D_UV,manual,2002_d3/run4366.root,good,,0,0,342491.008,343911.279,0.9958702401266694
4369,2002_d3,D,UV,D_UV,manual,2002_d3/run4369.root,good,,0,0,102612.038,343911.279,0.2983677601338571
4370,2002_d3,D,UV,D_UV,manual,2002_d3/run4370.root,good,,0,0,343911.279,343911.279,1.0
4375,2002_d3,D,UV,D_UV,manual,2002_d3/run4375.root,good,,0,0,240735.91,343911.279,0.6999942272902309
4378,2002_d3,D,UV,D_UV,manual,2002_d3/run4378.root,good,,0,0,203854.914,343911.279,0.5927543713970486
4379,2002_d3,D,UV,D_UV,manual,2002_d3/run4379.root,good,,0,0,498764.107,343911.279,1.4502696987730956
4382,2002_d3,D,UV,D_UV,manual,2002_d3/run4382.root,good,,0,0,304973.929,343911.279,0.8867808287264694
4383,2002_d3,D,UV,D_UV,manual,2002_d3/run4383.root,good,,0,0,392614.854,343911.279,1.1416166842262827
4384,2002_d3,D,UV,D_UV,manual,2002_d3/run4384.root,good,,0,0,355171.609,343911.279,1.0327419619174514
4385,2002_d3,D,UV,D_UV,manual,2002_d3/run4385.root,good,,0,0,49287.865,343911.279,0.14331563984558937
4386,2002_d3,D,UV,D_UV,manual,2002_d3/run4386.root,good,,0,0,350386.711,343911.279,1.0188287863626597
4387,2002_d3,D,UV,D_UV,manual,2002_d3/run4387.root,good,,0,0,350333.859,343911.279,1.018675107192399
4388,2002_d3,D,UV,D_UV,manual,2002_d3/run4388.root,good,,0,0,88262.087,343911.279,0.2566420248171041
4389,2002_d3,D,UV,D_UV,manual,2002_d3/run4389.root,bad,nonzero_flux_without_lookup;run_flux_conservation_failure,2,0,,343911.279,
4415,2003_vis,P,VIS,P_VIS,manual,2003_vis/run4415.root,good,,0,0,468663.365,640565.287,0.7316402785341691
4417,2003_vis,P,VIS,P_VIS,manual,2003_vis/run4417.root,good,,0,0,384213.554,640565.287,0.5998038947745853
4420,2003_vis,P,VIS,P_VIS,manual,2003_vis/run4420.root,good,,0,0,237895.119,640565.287,0.371383095256612
4424,2003_vis,P,VIS,P_VIS,manual,2003_vis/run4424.root,good,,0,0,266095.395,640565.287,0.4154071417860019
4425,2003_vis,P,VIS,P_VIS,manual,2003_vis/run4425.root,good,,0,0,492647.494,640565.287,0.7690824089254777
4428,2003_vis,P,VIS,P_VIS,manual,2003_vis/run4428.root,good,,0,0,741917.637,640565.287,1.1582232944196365
4430,2003_vis,P,VIS,P_VIS,manual,2003_vis/run4430.root,good,,0,0,770399.081,640565.287,1.202686278252852
4431,2003_vis,P,VIS,P_VIS,manual,2003_vis/run4431.root,good,,0,0,344936.893,640565.287,0.5384882696586085
4432,2003_vis,P,VIS,P_VIS,manual,2003_vis/run4432.root,good,,0,0,772159.123,640565.287,1.2054339169958799
4437,2003_vis,P,VIS,P_VIS,manual,2003_vis/run4437.root,good,,0,0,471986.522,640565.287,0.7368281291208962
4438,2003_vis,P,VIS,P_VIS,manual,2003_vis/run4438.root,good,,0,0,699104.527,640565.287,1.091386844070431
4439,2003_vis,P,VIS,P_VIS,manual,2003_vis/run4439.root,good,,0,0,624749.26,640565.287,0.9753092661732075
4440,2003_vis,P,VIS,P_VIS,manual,2003_vis/run4440.root,review,negative_net_flux,0,1,241185.673,640565.287,0.376520048611376
4443,2003_vis,P,VIS,P_VIS,manual,2003_vis/run4443.root,good,,0,0,788108.84,640565.287,1.2303333571055652
4445,2003_vis,P,VIS,P_VIS,manual,2003_vis/run4445.root,good,,0,0,351132.609,640565.287,0.5481605327764194
4446,2003_vis,P,VIS,P_VIS,manual,2003_vis/run4446.root,good,,0,0,608907.421,640565.287,0.9505782366879958
4450,2003_vis,P,VIS,P_VIS,manual,2003_vis/run4450.root,good,,0,0,716359.879,640565.287,1.1183245385571448
4451,2003_vis,P,VIS,P_VIS,manual,2003_vis/run4451.root,good,,0,0,421176.911,640565.287,0.6575081721529503
4452,2003_vis,P,VIS,P_VIS,manual,2003_vis/run4452.root,good,,0,0,639862.316,640565.287,0.9989025771232589
4453,2003_vis,P,VIS,P_VIS,manual,2003_vis/run4453.root,good,,0,0,118600.606,640565.287,0.18514991119086352
4454,2003_vis,P,VIS,P_VIS,manual,2003_vis/run4454.root,good,,0,0,900966.448,640565.287,1.4065177528110417
4457,2003_vis,P,VIS,P_VIS,manual,2003_vis/run4457.root,good,,0,0,683340.164,640565.287,1.0667767640053214
4460,2003_vis,P,VIS,P_VIS,manual,2003_vis/run4460.root,good,,0,0,266334.363,640565.287,0.41578019977844977
4461,2003_vis,P,VIS,P_VIS,manual,2003_vis/run4461.root,good,,0,0,695582.404,640565.287,1.085888383458406
4462,2003_vis,P,VIS,P_VIS,manual,2003_vis/run4462.root,good,,0,0,763287.8859999999,640565.287,1.1915848415307586
4465,2003_vis,P,VIS,P_VIS,manual,2003_vis/run4465.root,good,,0,0,838424.0889999999,640565.287,1.3088815551130542
4466,2003_vis,P,VIS,P_VIS,manual,2003_vis/run4466.root,good,,0,0,612899.984,640565.287,0.9568111111209809
4471,2003_vis,P,VIS,P_VIS,manual,2003_vis/run4471.root,good,,0,0,510471.088,640565.287,0.7969071980011929
4472,2003_vis,P,VIS,P_VIS,manual,2003_vis/run4472.root,good,,0,0,816789.085,640565.287,1.2751066933790933
4473,2003_vis,P,VIS,P_VIS,manual,2003_vis/run4473.root,good,,0,0,716595.078,640565.287,1.1186917126840812
4474,2003_vis,P,VIS,P_VIS,manual,2003_vis/run4474.root,good,,0,0,515501.152,640565.287,0.8047597371600937
4476,2003_vis,P,VIS,P_VIS,manual,2003_vis/run4476.root,good,,0,0,931050.332,640565.287,1.4534823395761063
4477,2003_vis,P,VIS,P_VIS,manual,2003_vis/run4477.root,good,,0,0,827467.41,640565.287,1.2917768520915809
4482,2003_vis,P,VIS,P_VIS,manual,2003_vis/run4482.root,good,,0,0,605958.858,640565.287,0.945975172707103
4485,2003_vis,P,VIS,P_VIS,manual,2003_vis/run4485.root,good,,0,0,394945.659,640565.287,0.616558010581051
4488,2003_vis,P,VIS,P_VIS,manual,2003_vis/run4488.root,good,,0,0,711868.172,640565.287,1.111312439882494
4489,2003_vis,P,VIS,P_VIS,manual,2003_vis/run4489.root,good,,0,0,263964.468,640565.287,0.41208050663538376
4490,2003_vis,P,VIS,P_VIS,manual,2003_vis/run4490.root,good,,0,0,641530.921,640565.287,1.001507471634191
4491,2003_vis,P,VIS,P_VIS,manual,2003_vis/run4491.root,good,,0,0,803831.411,640565.287,1.2548781947967154
4496,2003_vis,P,VIS,P_VIS,manual,2003_vis/run4496.root,good,,0,0,808648.814,640565.287,1.2623987443765432
4497,2003_vis,P,VIS,P_VIS,manual,2003_vis/run4497.root,good,,0,0,624430.416,640565.287,0.9748115120699632
4498,2003_vis,P,VIS,P_VIS,manual,2003_vis/run4498.root,good,,0,0,388352.37799999997,640565.287,0.6062651003440965
4502,2003_vis,P,VIS,P_VIS,manual,2003_vis/run4502.root,good,,0,0,1121132.273,640565.287,1.7502232727138085
4504,2003_vis,P,VIS,P_VIS,manual,2003_vis/run4504.root,good,,0,0,793320.7829999999,640565.287,1.2384698314131404
4509,2003_vis,P,VIS,P_VIS,manual,2003_vis/run4509.root,good,,0,0,706621.49,640565.287,1.1031217337882375
4510,2003_vis,P,VIS,P_VIS,manual,2003_vis/run4510.root,good,,0,0,641268.258,640565.287,1.001097422876741
4512,2003_vis,P,VIS,P_VIS,manual,2003_vis/run4512.root,bad,nonzero_flux_without_lookup;run_flux_conservation_failure,1,0,,640565.287,
4577,2005_d1,D,UV,D_UV,manual,2005_d1/run4577.root,good,,0,0,118566.99,1127572.1795,0.10515246132852997
4578,2005_d1,D,UV,D_UV,manual,2005_d1/run4578.root,good,,0,0,1013078.595,1127572.1795,0.8984600839027705
4583,2005_d1,D,UV,D_UV,manual,2005_d1/run4583.root,good,,0,0,1226422.48,1127572.1795,1.0876664947017698
4584,2005_d1,D,UV,D_UV,manual,2005_d1/run4584.root,good,,0,0,813623.177,1127572.1795,0.7215708154140388
4585,2005_d1,D,UV,D_UV,manual,2005_d1/run4585.root,good,,0,0,753735.506,1127572.1795,0.6684587645060819
4586,2005_d1,D,UV,D_UV,manual,2005_d1/run4586.root,good,,0,0,571316.072,1127572.1795,0.5066780489860427
4587,2005_d1,D,UV,D_UV,manual,2005_d1/run4587.root,good,,0,0,1202608.415,1127572.1795,1.0665467247810896
4590,2005_d1,D,UV,D_UV,manual,2005_d1/run4590.root,good,,0,0,963688.069,1127572.1795,0.8546575434552923
4591,2005_d1,D,UV,D_UV,manual,2005_d1/run4591.root,good,,0,0,1458019.6809999999,1127572.1795,1.2930610629702928
4592,2005_d1,D,UV,D_UV,manual,2005_d1/run4592.root,good,,0,0,1040544.7030000001,1127572.1795,0.9228187090084197
4593,2005_d1,D,UV,D_UV,manual,2005_d1/run4593.root,good,,0,0,182128.0,1127572.1795,0.1615222540172649
4594,2005_d1,D,UV,D_UV,manual,2005_d1/run4594.root,good,,0,0,983512.451,1127572.1795,0.8722390183802863
4595,2005_d1,D,UV,D_UV,manual,2005_d1/run4595.root,good,,0,0,1252929.486,1127572.1795,1.1111745294705544
4596,2005_d1,D,UV,D_UV,manual,2005_d1/run4596.root,good,,0,0,1065014.875,1127572.1795,0.944520354761023
4597,2005_d1,D,UV,D_UV,manual,2005_d1/run4597.root,good,,0,0,1538828.341,1127572.1795,1.364727126987439
4598,2005_d1,D,UV,D_UV,manual,2005_d1/run4598.root,good,,0,0,910717.341,1127572.1795,0.8076798608172826
4599,2005_d1,D,UV,D_UV,manual,2005_d1/run4599.root,good,,0,0,1434038.118,1127572.1795,1.271792745574741
4600,2005_d1,D,UV,D_UV,manual,2005_d1/run4600.root,good,,0,0,1219783.826,1127572.1795,1.0817789301443117
4601,2005_d1,D,UV,D_UV,manual,2005_d1/run4601.root,good,,0,0,1251592.274,1127572.1795,1.1099886080507895
4602,2005_d1,D,UV,D_UV,manual,2005_d1/run4602.root,bad,nonzero_flux_without_lookup;run_flux_conservation_failure,1,0,,1127572.1795,
4603,2005_d1,D,UV,D_UV,manual,2005_d1/run4603.root,good,,0,0,1190129.484,1127572.1795,1.0554796452389767
4604,2005_d1,D,UV,D_UV,manual,2005_d1/run4604.root,good,,0,0,1365663.884,1127572.1795,1.2111542913426412
4606,2005_d1,D,UV,D_UV,manual,2005_d1/run4606.root,good,,0,0,1603418.0150000001,1127572.1795,1.4220092018508337
4608,2005_d2,D,UV,D_UV,manual,2005_d2/run4608.root,good,,0,0,538248.78,367946.87950000004,1.4628437146454993
4609,2005_d2,D,UV,D_UV,manual,2005_d2/run4609.root,good,,0,0,275067.63,367946.87950000004,0.7475742976099896
4610,2005_d2,D,UV,D_UV,manual,2005_d2/run4610.root,good,,0,0,275522.421,367946.87950000004,0.7488103211376738
4611,2005_d2,D,UV,D_UV,manual,2005_d2/run4611.root,good,,0,0,333411.124,367946.87950000004,0.9061392895981877
4612,2005_d2,D,UV,D_UV,manual,2005_d2/run4612.root,good,,0,0,340418.71,367946.87950000004,0.9251843920040637
4613,2005_d2,D,UV,D_UV,manual,2005_d2/run4613.root,good,,0,0,93622.64,367946.87950000004,0.25444607690986
4614,2005_d2,D,UV,D_UV,manual,2005_d2/run4614.root,good,,0,0,310917.5,367946.87950000004,0.8450064868670804
4615,2005_d2,D,UV,D_UV,manual,2005_d2/run4615.root,good,,0,0,368881.411,367946.87950000004,1.002539854397651
4616,2005_d2,D,UV,D_UV,manual,2005_d2/run4616.root,good,,0,0,466144.226,367946.87950000004,1.2668791392753203
4617,2005_d2,D,UV,D_UV,manual,2005_d2/run4617.root,good,,0,0,411992.67,367946.87950000004,1.1197069276952516
4619,2005_d2,D,UV,D_UV,manual,2005_d2/run4619.root,good,,0,0,300237.233,367946.87950000004,0.815979832219232
4620,2005_d2,D,UV,D_UV,manual,2005_d2/run4620.root,good,,0,0,274064.582,367946.87950000004,0.7448482301913365
4621,2005_d2,D,UV,D_UV,manual,2005_d2/run4621.root,good,,0,0,242436.651,367946.87950000004,0.6588903575685848
4622,2005_d2,D,UV,D_UV,manual,2005_d2/run4622.root,good,,0,0,355048.579,367946.87950000004,0.9649452102501116
4623,2005_d2,D,UV,D_UV,manual,2005_d2/run4623.root,good,,0,0,396449.201,367946.87950000004,1.0774631423392733
4624,2005_d2,D,UV,D_UV,manual,2005_d2/run4624.root,good,,0,0,186230.49,367946.87950000004,0.506134174185869
4626,2005_d2,D,UV,D_UV,manual,2005_d2/run4626.root,good,,0,0,107864.54999999999,367946.87950000004,0.2931525065427277
4627,2005_d2,D,UV,D_UV,manual,2005_d2/run4627.root,good,,0,0,366525.691,367946.87950000004,0.9961375171820147
4629,2005_d2,D,UV,D_UV,manual,2005_d2/run4629.root,good,,0,0,342400.552,367946.87950000004,0.930570609717591
4631,2005_d2,D,UV,D_UV,manual,2005_d2/run4631.root,good,,0,0,305861.801,367946.87950000004,0.8312661909665684
4632,2005_d2,D,UV,D_UV,manual,2005_d2/run4632.root,good,,0,0,374499.499,367946.87950000004,1.0178086019071673
4633,2005_d2,D,UV,D_UV,manual,2005_d2/run4633.root,good,,0,0,337139.31,367946.87950000004,0.9162716924196661
4634,2005_d2,D,UV,D_UV,manual,2005_d2/run4634.root,good,,0,0,307194.215,367946.87950000004,0.8348874039030952
4635,2005_d2,D,UV,D_UV,manual,2005_d2/run4635.root,good,,0,0,121711.869,367946.87950000004,0.33078652322148583
4636,2005_d2,D,UV,D_UV,manual,2005_d2/run4636.root,good,,0,0,352878.692,367946.87950000004,0.9590479269168525
4637,2005_d2,D,UV,D_UV,manual,2005_d2/run4637.root,good,,0,0,448899.453,367946.87950000004,1.2200115777853742
4638,2005_d2,D,UV,D_UV,manual,2005_d2/run4638.root,good,,0,0,305353.407,367946.87950000004,0.8298844860838125
4639,2005_d2,D,UV,D_UV,manual,2005_d2/run4639.root,good,,0,0,359100.167,367946.87950000004,0.9759565497279886
4640,2005_d2,D,UV,D_UV,manual,2005_d2/run4640.root,good,,0,0,208423.181,367946.87950000004,0.5664491061406053
4641,2005_d2,D,UV,D_UV,manual,2005_d2/run4641.root,good,,0,0,575730.315,367946.87950000004,1.5647104163034486
4643,2005_d2,D,UV,D_UV,manual,2005_d2/run4643.root,good,,0,0,524445.332,367946.87950000004,1.4253289298516798
4644,2005_d2,D,UV,D_UV,manual,2005_d2/run4644.root,good,,0,0,434071.608,367946.87950000004,1.179712703610522
4645,2005_d2,D,UV,D_UV,manual,2005_d2/run4645.root,good,,0,0,541649.37,367946.87950000004,1.4720857824261013
4646,2005_d2,D,UV,D_UV,manual,2005_d2/run4646.root,good,,0,0,521067.13,367946.87950000004,1.4161477078106324
4647,2005_d2,D,UV,D_UV,manual,2005_d2/run4647.root,good,,0,0,156896.309,367946.87950000004,0.4264102177281816
4648,2005_d2,D,UV,D_UV,manual,2005_d2/run4648.root,good,,0,0,570484.034,367946.87950000004,1.550452159766176
4649,2005_d2,D,UV,D_UV,manual,2005_d2/run4649.root,good,,0,0,431727.56899999996,367946.87950000004,1.1733421128252832
4650,2005_d2,D,UV,D_UV,manual,2005_d2/run4650.root,good,,0,0,356152.03500000003,367946.87950000004,0.967944164885899
4651,2005_d2,D,UV,D_UV,manual,2005_d2/run4651.root,good,,0,0,603996.977,367946.87950000004,1.6415330871150924
4652,2005_d2,D,UV,D_UV,manual,2005_d2/run4652.root,good,,0,0,595884.29,367946.87950000004,1.619484559319384
4653,2005_d2,D,UV,D_UV,manual,2005_d2/run4653.root,good,,0,0,213509.11,367946.87950000004,0.5802715606397743
4656,2005_d2,D,UV,D_UV,manual,2005_d2/run4656.root,good,,0,0,448961.017,367946.87950000004,1.2201788954157986
4657,2005_d2,D,UV,D_UV,manual,2005_d2/run4657.root,good,,0,0,707814.225,367946.87950000004,1.9236859026005135
4658,2005_d2,D,UV,D_UV,manual,2005_d2/run4658.root,good,,0,0,440592.699,367946.87950000004,1.1974356178770094
4659,2005_d2,D,UV,D_UV,manual,2005_d2/run4659.root,good,,0,0,622937.585,367946.87950000004,1.6930095611804201
4660,2005_d2,D,UV,D_UV,manual,2005_d2/run4660.root,good,,0,0,446806.132,367946.87950000004,1.2143223842723199
4662,2005_d2,D,UV,D_UV,manual,2005_d2/run4662.root,good,,0,0,572400.022,367946.87950000004,1.5556594005575741
4664,2005_d2,D,UV,D_UV,manual,2005_d2/run4664.root,good,,0,0,175121.327,367946.87950000004,0.475941873017026
4665,2005_d2,D,UV,D_UV,manual,2005_d2/run4665.root,good,,0,0,504852.045,367946.87950000004,1.3720786154948215
4667,2005_d2,D,UV,D_UV,manual,2005_d2/run4667.root,good,,0,0,89417.34,367946.87950000004,0.24301698147707756
4668,2005_d2,D,UV,D_UV,manual,2005_d2/run4668.root,good,,0,0,383919.409,367946.87950000004,1.0434098789523774
4670,2005_d2,D,UV,D_UV,manual,2005_d2/run4670.root,good,,0,0,399253.042,367946.87950000004,1.085083375465887
4673,2005_d2,D,UV,D_UV,manual,2005_d2/run4673.root,good,,0,0,504250.177,367946.87950000004,1.3704428685065122
4675,2005_d2,D,UV,D_UV,manual,2005_d2/run4675.root,good,,0,0,596325.637,367946.87950000004,1.6206840449641589
4678,2005_d2,D,UV,D_UV,manual,2005_d2/run4678.root,good,,0,0,156587.54,367946.87950000004,0.4255710503994096
4680,2005_d2,D,UV,D_UV,manual,2005_d2/run4680.root,good,,0,0,528255.665,367946.87950000004,1.4356845904437137
4681,2005_d2,D,UV,D_UV,manual,2005_d2/run4681.root,good,,0,0,373074.86699999997,367946.87950000004,1.0139367604013065
4683,2005_d2,D,UV,D_UV,manual,2005_d2/run4683.root,good,,0,0,429784.73,367946.87950000004,1.1680618968260605
4684,2005_d2,D,UV,D_UV,manual,2005_d2/run4684.root,good,,0,0,623704.233,367946.87950000004,1.6950931445526771
4685,2005_d2,D,UV,D_UV,manual,2005_d2/run4685.root,good,,0,0,513082.954,367946.87950000004,1.394448445104968
4686,2005_d2,D,UV,D_UV,manual,2005_d2/run4686.root,good,,0,0,395985.119,367946.87950000004,1.0762018678840297
4687,2005_d2,D,UV,D_UV,manual,2005_d2/run4687.root,good,,0,0,528601.426,367946.87950000004,1.436624294023942
4688,2005_d2,D,UV,D_UV,manual,2005_d2/run4688.root,good,,0,0,476134.058,367946.87950000004,1.2940293409935006
4689,2005_d2,D,UV,D_UV,manual,2005_d2/run4689.root,good,,0,0,575540.364,367946.87950000004,1.5641941705881484
4690,2005_d2,D,UV,D_UV,manual,2005_d2/run4690.root,good,,0,0,440638.377,367946.87950000004,1.1975597607969384
4691,2005_d2,D,UV,D_UV,manual,2005_d2/run4691.root,good,,0,0,325529.281,367946.87950000004,0.8847181458431148
4692,2005_d2,D,UV,D_UV,manual,2005_d2/run4692.root,good,,0,0,513166.653,367946.87950000004,1.3946759208756925
4693,2005_d2,D,UV,D_UV,manual,2005_d2/run4693.root,good,,0,0,546856.153,367946.87950000004,1.4862366919461807
4694,2005_d2,D,UV,D_UV,manual,2005_d2/run4694.root,good,,0,0,429720.958,367946.87950000004,1.167888578329416
4695,2005_d2,D,UV,D_UV,manual,2005_d2/run4695.root,good,,0,0,483504.933,367946.87950000004,1.3140617842907945
4696,2005_d2,D,UV,D_UV,manual,2005_d2/run4696.root,good,,0,0,538183.144,367946.87950000004,1.462665330200198
4697,2005_d2,D,UV,D_UV,manual,2005_d2/run4697.root,good,,0,0,294781.831,367946.87950000004,0.8011532300547747
4698,2005_d2,D,UV,D_UV,manual,2005_d2/run4698.root,good,,0,0,466492.027,367946.87950000004,1.2678243871341215
4699,2005_d2,D,UV,D_UV,manual,2005_d2/run4699.root,good,,0,0,449752.429,367946.87950000004,1.2223297819814773
4700,2005_d2,D,UV,D_UV,manual,2005_d2/run4700.root,good,,0,0,568261.484,367946.87950000004,1.5444117497944427
4701,2005_d2,D,UV,D_UV,manual,2005_d2/run4701.root,good,,0,0,512706.755,367946.87950000004,1.3934260176270905
4702,2005_d2,D,UV,D_UV,manual,2005_d2/run4702.root,good,,0,0,83205.19,367946.87950000004,0.22613370199814398
4705,2005_d2,D,UV,D_UV,manual,2005_d2/run4705.root,good,,0,0,213403.94,367946.87950000004,0.5799857313370692
4706,2005_d2,D,UV,D_UV,manual,2005_d2/run4706.root,good,,0,0,234199.43,367946.87950000004,0.6365033733082658
4707,2005_d2,D,UV,D_UV,manual,2005_d2/run4707.root,good,,0,0,101670.29,367946.87950000004,0.2763178482126521
4708,2005_d2,D,UV,D_UV,manual,2005_d2/run4708.root,good,,0,0,7358.88,367946.87950000004,0.019999843482841655
4709,2005_d2,D,UV,D_UV,manual,2005_d2/run4709.root,good,,0,0,156250.189,367946.87950000004,0.42465420337937665
4710,2005_d2,D,UV,D_UV,manual,2005_d2/run4710.root,good,,0,0,70847.84,367946.87950000004,0.1925490986532473
4711,2005_d2,D,UV,D_UV,manual,2005_d2/run4711.root,good,,0,0,453869.49700000003,367946.87950000004,1.233519081930412
4712,2005_d2,D,UV,D_UV,manual,2005_d2/run4712.root,good,,0,0,433242.65,367946.87950000004,1.1774597751412645
4713,2005_d2,D,UV,D_UV,manual,2005_d2/run4713.root,good,,0,0,281020.339,367946.87950000004,0.7637524725902722
4714,2005_d2,D,UV,D_UV,manual,2005_d2/run4714.root,good,,0,0,513228.076,367946.87950000004,1.3948428552986272
4716,2005_d2,D,UV,D_UV,manual,2005_d2/run4716.root,good,,0,0,670818.457,367946.87950000004,1.823139410535482
4717,2005_d2,D,UV,D_UV,manual,2005_d2/run4717.root,good,,0,0,403930.421,367946.87950000004,1.0977954794694758
4719,2005_d2,D,UV,D_UV,manual,2005_d2/run4719.root,good,,0,0,435990.01399999997,367946.87950000004,1.184926516002699
4720,2005_d2,D,UV,D_UV,manual,2005_d2/run4720.root,good,,0,0,221051.361,367946.87950000004,0.6007697668217349
4722,2005_d2,D,UV,D_UV,manual,2005_d2/run4722.root,good,,0,0,270228.839,367946.87950000004,0.7344235107176659
4723,2005_d2,D,UV,D_UV,manual,2005_d2/run4723.root,good,,0,0,748012.865,367946.87950000004,2.0329371077055156
4724,2005_d2,D,UV,D_UV,manual,2005_d2/run4724.root,good,,0,0,290149.396,367946.87950000004,0.7885632741179422
4726,2005_d2,D,UV,D_UV,manual,2005_d2/run4726.root,good,,0,0,615099.88,367946.87950000004,1.6717083749585107
4727,2005_d2,D,UV,D_UV,manual,2005_d2/run4727.root,good,,0,0,329222.58,367946.87950000004,0.8947557333476448
4728,2005_d2,D,UV,D_UV,manual,2005_d2/run4728.root,good,,0,0,457491.491,367946.87950000004,1.2433628778743318
4730,2005_d2,D,UV,D_UV,manual,2005_d2/run4730.root,good,,0,0,356754.13300000003,367946.87950000004,0.9695805369644397
4731,2005_d2,D,UV,D_UV,manual,2005_d2/run4731.root,good,,0,0,253920.309,367946.87950000004,0.6901004551120266
4732,2005_d2,D,UV,D_UV,manual,2005_d2/run4732.root,good,,0,0,335405.39999999997,367946.87950000004,0.9115593002331738
4733,2005_d2,D,UV,D_UV,manual,2005_d2/run4733.root,bad,nonzero_flux_without_lookup;run_flux_conservation_failure,1,0,,367946.87950000004,
4734,2005_d2,D,UV,D_UV,manual,2005_d2/run4734.root,good,,0,0,218380.59,367946.87950000004,0.5935111891606625
4735,2005_d2,D,UV,D_UV,manual,2005_d2/run4735.root,good,,0,0,545308.873,367946.87950000004,1.482031519715606
4736,2005_d2,D,UV,D_UV,manual,2005_d2/run4736.root,good,,0,0,300668.11,367946.87950000004,0.8171508626695663
4737,2005_d2,D,UV,D_UV,manual,2005_d2/run4737.root,good,,0,0,383212.87,367946.87950000004,1.0414896588353861
4739,2005_d2,D,UV,D_UV,manual,2005_d2/run4739.root,good,,0,0,318875.631,367946.87950000004,0.8666349648985132
4740,2005_d2,D,UV,D_UV,manual,2005_d2/run4740.root,good,,0,0,367012.348,367946.87950000004,0.997460145602349
4741,2005_d2,D,UV,D_UV,manual,2005_d2/run4741.root,good,,0,0,66033.62,367946.87950000004,0.17946509042210804
4743,2005_d2,D,UV,D_UV,manual,2005_d2/run4743.root,good,,0,0,270449.702,367946.87950000004,0.7350237685600483
4744,2005_d2,D,UV,D_UV,manual,2005_d2/run4744.root,good,,0,0,385106.901,367946.87950000004,1.0466372252519673
4745,2005_d2,D,UV,D_UV,manual,2005_d2/run4745.root,good,,0,0,201295.22,367946.87950000004,0.5470768505321703
4746,2005_d2,D,UV,D_UV,manual,2005_d2/run4746.root,good,,0,0,330756.92,367946.87950000004,0.8989257374582517
4747,2005_d2,D,UV,D_UV,manual,2005_d2/run4747.root,good,,0,0,70234.61,367946.87950000004,0.19088247220751328
4749,2005_d2,D,UV,D_UV,manual,2005_d2/run4749.root,good,,0,0,238662.13,367946.87950000004,0.6486320262433425
4750,2005_d2,D,UV,D_UV,manual,2005_d2/run4750.root,good,,0,0,147970.75,367946.87950000004,0.40215247973043344
4752,2005_d2,D,UV,D_UV,manual,2005_d2/run4752.root,good,,0,0,429317.485,367946.87950000004,1.1667920260212452
4753,2005_d2,D,UV,D_UV,manual,2005_d2/run4753.root,good,,0,0,303239.1,367946.87950000004,0.8241382571638305
4754,2005_d2,D,UV,D_UV,manual,2005_d2/run4754.root,good,,0,0,221878.77,367946.87950000004,0.6030184854441739
4755,2005_d2,D,UV,D_UV,manual,2005_d2/run4755.root,good,,0,0,248834.209,367946.87950000004,0.6762775358718593
4756,2005_d2,D,UV,D_UV,manual,2005_d2/run4756.root,good,,0,0,379282.11,367946.87950000004,1.0308067037160453
4757,2005_d2,D,UV,D_UV,manual,2005_d2/run4757.root,good,,0,0,227142.732,367946.87950000004,0.6173247951135293
4760,2005_d2,D,UV,D_UV,manual,2005_d2/run4760.root,good,,0,0,375517.379,367946.87950000004,1.0205749794923862
4761,2005_d2,D,UV,D_UV,manual,2005_d2/run4761.root,good,,0,0,411489.779,367946.87950000004,1.1183401787757243
4762,2005_d2,D,UV,D_UV,manual,2005_d2/run4762.root,good,,0,0,231274.33,367946.87950000004,0.6285535844583782
4764,2005_d2,D,UV,D_UV,manual,2005_d2/run4764.root,good,,0,0,404262.295,367946.87950000004,1.0986974411886539
4765,2005_d2,D,UV,D_UV,manual,2005_d2/run4765.root,good,,0,0,429669.03,367946.87950000004,1.167747449261898
4766,2005_d2,D,UV,D_UV,manual,2005_d2/run4766.root,good,,0,0,258361.19999999998,367946.87950000004,0.7021698359042612
4767,2005_d2,D,UV,D_UV,manual,2005_d2/run4767.root,good,,0,0,389965.49,367946.87950000004,1.0598418188242849
4768,2005_d2,D,UV,D_UV,manual,2005_d2/run4768.root,good,,0,0,21698.09,367946.87950000004,0.05897071346137071
4769,2005_d2,D,UV,D_UV,manual,2005_d2/run4769.root,good,,0,0,349090.423,367946.87950000004,0.9487522315024823
4770,2005_d2,D,UV,D_UV,manual,2005_d2/run4770.root,good,,0,0,46463.28,367946.87950000004,0.1262771410458449
4771,2005_d2,D,UV,D_UV,manual,2005_d2/run4771.root,good,,0,0,568966.962,367946.87950000004,1.5463290863430192
4772,2005_d2,D,UV,D_UV,manual,2005_d2/run4772.root,good,,0,0,65327.06,367946.87950000004,0.17754481323166105
4773,2005_d2,D,UV,D_UV,manual,2005_d2/run4773.root,good,,0,0,200007.455,367946.87950000004,0.5435769839162339
4774,2005_d2,D,UV,D_UV,manual,2005_d2/run4774.root,good,,0,0,428843.785,367946.87950000004,1.1655046119232
4775,2005_d2,D,UV,D_UV,manual,2005_d2/run4775.root,good,,0,0,425565.061,367946.87950000004,1.1565937495605256
4776,2005_d2,D,UV,D_UV,manual,2005_d2/run4776.root,good,,0,0,394779.896,367946.87950000004,1.0729263325631764
4777,2005_d2,D,UV,D_UV,manual,2005_d2/run4777.root,good,,0,0,311684.52,367946.87950000004,0.8470910812548418
4778,2005_d2,D,UV,D_UV,manual,2005_d2/run4778.root,good,,0,0,65197.63,367946.87950000004,0.17719305049847553
4779,2005_d2,D,UV,D_UV,manual,2005_d2/run4779.root,good,,0,0,382321.086,367946.87950000004,1.0390659828927833
4781,2005_d2,D,UV,D_UV,manual,2005_d2/run4781.root,good,,0,0,402640.82399999996,367946.87950000004,1.0942906338739582
4782,2005_d2,D,UV,D_UV,manual,2005_d2/run4782.root,good,,0,0,433087.574,367946.87950000004,1.1770383121295094
4783,2005_d2,D,UV,D_UV,manual,2005_d2/run4783.root,good,,0,0,227595.32,367946.87950000004,0.6185548313639115
4784,2005_d2,D,UV,D_UV,manual,2005_d2/run4784.root,good,,0,0,171022.34,367946.87950000004,0.4648017133136197
4785,2005_d2,D,UV,D_UV,manual,2005_d2/run4785.root,good,,0,0,469146.733,367946.87950000004,1.2750393036014318
4786,2005_d2,D,UV,D_UV,manual,2005_d2/run4786.root,good,,0,0,237439.96,367946.87950000004,0.6453104326435793
4787,2005_d2,D,UV,D_UV,manual,2005_d2/run4787.root,good,,0,0,57484.09,367946.87950000004,0.15622931787902278
4788,2005_d2,D,UV,D_UV,manual,2005_d2/run4788.root,good,,0,0,264484.991,367946.87950000004,0.718812974740828
4789,2005_d2,D,UV,D_UV,manual,2005_d2/run4789.root,good,,0,0,392573.028,367946.87950000004,1.0669285428740807
4790,2005_d2,D,UV,D_UV,manual,2005_d2/run4790.root,good,,0,0,343203.53,367946.87950000004,0.9327529301685517
4791,2005_d2,D,UV,D_UV,manual,2005_d2/run4791.root,good,,0,0,614996.522,367946.87950000004,1.6714274702797145
4797,2006_d,D,UV,D_UV,manual,2006_d/run4797.root,good,,0,0,356100.38,177957.515,2.0010415407295388
4798,2006_d,D,UV,D_UV,manual,2006_d/run4798.root,good,,0,0,365113.52999999997,177957.515,2.0516893034834744
4799,2006_d,D,UV,D_UV,manual,2006_d/run4799.root,good,,0,0,305133.961,177957.515,1.7146449870352483
4800,2006_d,D,UV,D_UV,manual,2006_d/run4800.root,good,,0,0,273051.962,177957.515,1.5343660086509974
4801,2006_d,D,UV,D_UV,manual,2006_d/run4801.root,good,,0,0,390931.77,177957.515,2.1967702234996933
4802,2006_d,D,UV,D_UV,manual,2006_d/run4802.root,good,,0,0,0.0,177957.515,0.0
4803,2006_d,D,UV,D_UV,manual,2006_d/run4803.root,good,,0,0,171822.449,177957.515,0.965525108619324
4804,2006_d,D,UV,D_UV,manual,2006_d/run4804.root,good,,0,0,68284.9,177957.515,0.38371461862681094
4805,2006_d,D,UV,D_UV,manual,2006_d/run4805.root,good,,0,0,0.0,177957.515,0.0
4806,2006_d,D,UV,D_UV,manual,2006_d/run4806.root,good,,0,0,151857.162,177957.515,0.8533337971144405
4807,2006_d,D,UV,D_UV,manual,2006_d/run4807.root,good,,0,0,256480.36500000002,177957.515,1.441244922980634
4808,2006_d,D,UV,D_UV,manual,2006_d/run4808.root,good,,0,0,288964.027,177957.515,1.623780973790289
4810,2006_d,D,UV,D_UV,manual,2006_d/run4810.root,good,,0,0,0.0,177957.515,0.0
4811,2006_d,D,UV,D_UV,manual,2006_d/run4811.root,good,,0,0,215404.179,177957.515,1.210424740983824
4812,2006_d,D,UV,D_UV,manual,2006_d/run4812.root,good,,0,0,301619.599,177957.515,1.6948966667690317
4813,2006_d,D,UV,D_UV,manual,2006_d/run4813.root,good,,0,0,296529.284,177957.515,1.6662925642673756
4814,2006_d,D,UV,D_UV,manual,2006_d/run4814.root,good,,0,0,316412.903,177957.515,1.7780249572489253
4815,2006_d,D,UV,D_UV,manual,2006_d/run4815.root,good,,0,0,279790.311,177957.515,1.5722309395026108
4816,2006_d,D,UV,D_UV,manual,2006_d/run4816.root,good,,0,0,196454.529,177957.515,1.1039406175119943
4817,2006_d,D,UV,D_UV,manual,2006_d/run4817.root,good,,0,0,263510.679,177957.515,1.4807504982298723
4818,2006_d,D,UV,D_UV,manual,2006_d/run4818.root,good,,0,0,179996.2,177957.515,1.0114560208373329
4819,2006_d,D,UV,D_UV,manual,2006_d/run4819.root,good,,0,0,274900.813,177957.515,1.5447552917335354
4820,2006_d,D,UV,D_UV,manual,2006_d/run4820.root,good,,0,0,260191.812,177957.515,1.462100726681871
4821,2006_d,D,UV,D_UV,manual,2006_d/run4821.root,good,,0,0,178190.812,177957.515,1.0013109702054448
4822,2006_d,D,UV,D_UV,manual,2006_d/run4822.root,good,,0,0,16742.25,177957.515,0.09408003927229484
4823,2006_d,D,UV,D_UV,manual,2006_d/run4823.root,good,,0,0,306906.53,177957.515,1.7246056172452173
4824,2006_d,D,UV,D_UV,manual,2006_d/run4824.root,good,,0,0,108155.019,177957.515,0.6077575257217993
4825,2006_d,D,UV,D_UV,manual,2006_d/run4825.root,good,,0,0,324069.07,177957.515,1.8210473999931949
4826,2006_d,D,UV,D_UV,manual,2006_d/run4826.root,good,,0,0,265656.04,177957.515,1.492805965513735
4827,2006_d,D,UV,D_UV,manual,2006_d/run4827.root,good,,0,0,292859.73,177957.515,1.645672170686357
4828,2006_d,D,UV,D_UV,manual,2006_d/run4828.root,good,,0,0,301287.098,177957.515,1.693028237666726
4829,2006_d,D,UV,D_UV,manual,2006_d/run4829.root,good,,0,0,254374.77000000002,177957.515,1.4294129135260176
4830,2006_d,D,UV,D_UV,manual,2006_d/run4830.root,good,,0,0,236793.239,177957.515,1.3306166867974076
4831,2006_d,D,UV,D_UV,manual,2006_d/run4831.root,good,,0,0,259556.74,177957.515,1.4585320546873222
4832,2006_d,D,UV,D_UV,manual,2006_d/run4832.root,good,,0,0,313311.48,177957.515,1.7605970728462912
4833,2006_d,D,UV,D_UV,manual,2006_d/run4833.root,good,,0,0,221349.191,177957.515,1.2438316583595808
4834,2006_d,D,UV,D_UV,manual,2006_d/run4834.root,good,,0,0,221192.55000000002,177957.515,1.2429514426519161
4838,2006_d,D,UV,D_UV,manual,2006_d/run4838.root,good,,0,0,90975.061,177957.515,0.5112178656799068
4839,2006_d,D,UV,D_UV,manual,2006_d/run4839.root,good,,0,0,275419.589,177957.515,1.5476704594352195
4840,2006_d,D,UV,D_UV,manual,2006_d/run4840.root,good,,0,0,302780.2,177957.515,1.7014184537247554
4841,2006_d,D,UV,D_UV,manual,2006_d/run4841.root,good,,0,0,113083.56999999999,177957.515,0.6354526247458557
4842,2006_d,D,UV,D_UV,manual,2006_d/run4842.root,good,,0,0,332477.391,177957.515,1.868296435809412
4845,2006_d,D,UV,D_UV,manual,2006_d/run4845.root,good,,0,0,165605.42,177957.515,0.9305896410162842
4846,2006_d,D,UV,D_UV,manual,2006_d/run4846.root,good,,0,0,121965.502,177957.515,0.6853630317326019
4847,2006_d,D,UV,D_UV,manual,2006_d/run4847.root,good,,0,0,374603.722,177957.515,2.1050177172905564
4848,2006_d,D,UV,D_UV,manual,2006_d/run4848.root,good,,0,0,276174.3,177957.515,1.5519114211052
4849,2006_d,D,UV,D_UV,manual,2006_d/run4849.root,good,,0,0,170554.001,177957.515,0.9583972949948193
4850,2006_d,D,UV,D_UV,manual,2006_d/run4850.root,good,,0,0,83506.47,177957.515,0.4692494722687041
4851,2006_d,D,UV,D_UV,manual,2006_d/run4851.root,good,,0,0,245540.33,177957.515,1.379769379225148
4852,2006_d,D,UV,D_UV,manual,2006_d/run4852.root,good,,0,0,205485.965,177957.515,1.1546911351285163
4853,2006_d,D,UV,D_UV,manual,2006_d/run4853.root,good,,0,0,0.0,177957.515,0.0
4854,2006_d,D,UV,D_UV,manual,2006_d/run4854.root,good,,0,0,237727.25,177957.515,1.3358651923185147
4855,2006_d,D,UV,D_UV,manual,2006_d/run4855.root,good,,0,0,242454.44,177957.515,1.362428779700593
4856,2006_d,D,UV,D_UV,manual,2006_d/run4856.root,good,,0,0,0.0,177957.515,0.0
4857,2006_d,D,UV,D_UV,manual,2006_d/run4857.root,good,,0,0,0.0,177957.515,0.0
4858,2006_d,D,UV,D_UV,manual,2006_d/run4858.root,good,,0,0,236939.32,177957.515,1.3314375624991166
4859,2006_d,D,UV,D_UV,manual,2006_d/run4859.root,good,,0,0,82695.87,177957.515,0.464694452493338
4860,2006_d,D,UV,D_UV,manual,2006_d/run4860.root,good,,0,0,0.0,177957.515,0.0
4861,2006_d,D,UV,D_UV,manual,2006_d/run4861.root,good,,0,0,241338.699,177957.515,1.356159075383807
4862,2006_d,D,UV,D_UV,manual,2006_d/run4862.root,good,,0,0,201925.149,177957.515,1.1346817750292815
4863,2006_d,D,UV,D_UV,manual,2006_d/run4863.root,good,,0,0,218648.662,177957.515,1.2286565251262358
4864,2006_d,D,UV,D_UV,manual,2006_d/run4864.root,good,,0,0,278325.749,177957.515,1.5640010988015876
4865,2006_d,D,UV,D_UV,manual,2006_d/run4865.root,good,,0,0,330883.017,177957.515,1.8593371401033554
4866,2006_d,D,UV,D_UV,manual,2006_d/run4866.root,good,,0,0,0.0,177957.515,0.0
4867,2006_d,D,UV,D_UV,manual,2006_d/run4867.root,good,,0,0,238108.378,177957.515,1.3380068720334737
4868,2006_d,D,UV,D_UV,manual,2006_d/run4868.root,good,,0,0,236368.589,177957.515,1.328230443091993
4869,2006_d,D,UV,D_UV,manual,2006_d/run4869.root,good,,0,0,0.0,177957.515,0.0
4870,2006_d,D,UV,D_UV,manual,2006_d/run4870.root,good,,0,0,359601.491,177957.515,2.020715399403054
4871,2006_d,D,UV,D_UV,manual,2006_d/run4871.root,good,,0,0,0.0,177957.515,0.0
4872,2006_d,D,UV,D_UV,manual,2006_d/run4872.root,review,negative_raw_brem,0,0,151791.623,177957.515,0.8529655125831578
4873,2006_d,D,UV,D_UV,manual,2006_d/run4873.root,good,,0,0,197592.74,177957.515,1.1103365879209988
4874,2006_d,D,UV,D_UV,manual,2006_d/run4874.root,good,,0,0,159247.1,177957.515,0.8948602142483277
4875,2006_d,D,UV,D_UV,manual,2006_d/run4875.root,good,,0,0,37974.61,177957.515,0.21339143783840767
4876,2006_d,D,UV,D_UV,manual,2006_d/run4876.root,good,,0,0,169906.77000000002,177957.515,0.9547602977036401
4877,2006_d,D,UV,D_UV,manual,2006_d/run4877.root,good,,0,0,205059.231,177957.515,1.1522931807628354
4878,2006_d,D,UV,D_UV,manual,2006_d/run4878.root,good,,0,0,70326.55,177957.515,0.39518730074422537
4879,2006_d,D,UV,D_UV,manual,2006_d/run4879.root,good,,0,0,66552.36,177957.515,0.3739789241269187
4880,2006_d,D,UV,D_UV,manual,2006_d/run4880.root,good,,0,0,253050.35400000002,177957.515,1.4219705978699466
4881,2006_d,D,UV,D_UV,manual,2006_d/run4881.root,good,,0,0,273864.05,177957.515,1.538929389972657
4882,2006_d,D,UV,D_UV,manual,2006_d/run4882.root,good,,0,0,119759.702,177957.515,0.6729679384430604
4883,2006_d,D,UV,D_UV,manual,2006_d/run4883.root,bad,nonzero_flux_without_lookup;run_flux_conservation_failure,2,0,,177957.515,
4884,2006_d,D,UV,D_UV,manual,2006_d/run4884.root,good,,0,0,71376.04,177957.515,0.4010847195747816
4885,2006_d,D,UV,D_UV,manual,2006_d/run4885.root,good,,0,0,105998.05,177957.515,0.5956368293859351
4886,2006_d,D,UV,D_UV,manual,2006_d/run4886.root,good,,0,0,0.0,177957.515,0.0
4887,2006_d,D,UV,D_UV,manual,2006_d/run4887.root,good,,0,0,69090.11,177957.515,0.38823935027413703
4888,2006_d,D,UV,D_UV,manual,2006_d/run4888.root,good,,0,0,0.0,177957.515,0.0
4889,2006_d,D,UV,D_UV,manual,2006_d/run4889.root,good,,0,0,155768.211,177957.515,0.875311228075982
4890,2006_d,D,UV,D_UV,manual,2006_d/run4890.root,good,,0,0,80357.70999999999,177957.515,0.45155558617459896
4891,2006_d,D,UV,D_UV,manual,2006_d/run4891.root,good,,0,0,122300.002,177957.515,0.6872426938530806
4892,2006_d,D,UV,D_UV,manual,2006_d/run4892.root,good,,0,0,27277.489999999998,177957.515,0.15328091089606413
4893,2006_d,D,UV,D_UV,manual,2006_d/run4893.root,good,,0,0,117256.89,177957.515,0.6589038400541837
4894,2006_d,D,UV,D_UV,manual,2006_d/run4894.root,good,,0,0,0.0,177957.515,0.0
4895,2006_d,D,UV,D_UV,manual,2006_d/run4895.root,good,,0,0,170444.481,177957.515,0.9577818672057765
4896,2006_d,D,UV,D_UV,manual,2006_d/run4896.root,good,,0,0,141637.019,177957.515,0.7959035559695244
4897,2006_d,D,UV,D_UV,manual,2006_d/run4897.root,good,,0,0,0.0,177957.515,0.0
4898,2006_d,D,UV,D_UV,manual,2006_d/run4898.root,good,,0,0,162457.71,177957.515,0.9129016552068621
4899,2006_d,D,UV,D_UV,manual,2006_d/run4899.root,good,,0,0,234723.67,177957.515,1.3189871189199287
4900,2006_d,D,UV,D_UV,manual,2006_d/run4900.root,good,,0,0,189051.07,177957.515,1.0623382215693447
4901,2006_d,D,UV,D_UV,manual,2006_d/run4901.root,good,,0,0,127713.829,177957.515,0.717664713400836
4902,2006_d,D,UV,D_UV,manual,2006_d/run4902.root,good,,0,0,177724.218,177957.515,0.9986890297945551
4903,2006_d,D,UV,D_UV,manual,2006_d/run4903.root,good,,0,0,123841.736,177957.515,0.6959061886203569
4904,2006_d,D,UV,D_UV,manual,2006_d/run4904.root,good,,0,0,98498.25,177957.515,0.553493062655994
4905,2006_d,D,UV,D_UV,manual,2006_d/run4905.root,good,,0,0,251164.149,177957.515,1.411371410754977
4906,2006_d,D,UV,D_UV,manual,2006_d/run4906.root,good,,0,0,189447.57200000001,177957.515,1.064566292690702
4907,2006_d,D,UV,D_UV,manual,2006_d/run4907.root,good,,0,0,239451.229,177957.515,1.345552779830624
4908,2006_d,D,UV,D_UV,manual,2006_d/run4908.root,good,,0,0,175735.612,177957.515,0.9875144188206942
4909,2006_d,D,UV,D_UV,manual,2006_d/run4909.root,good,,0,0,160836.518,177957.515,0.9037916606106801
4910,2006_d,D,UV,D_UV,manual,2006_d/run4910.root,good,,0,0,188495.787,177957.515,1.0592179093982066
4911,2006_d,D,UV,D_UV,manual,2006_d/run4911.root,good,,0,0,185538.273,177957.515,1.0425986955369655
4912,2006_d,D,UV,D_UV,manual,2006_d/run4912.root,good,,0,0,165412.399,177957.515,0.9295049944926461
4913,2006_d,D,UV,D_UV,manual,2006_d/run4913.root,good,,0,0,153450.731,177957.515,0.8622885692689066
4914,2006_d,D,UV,D_UV,manual,2006_d/run4914.root,good,,0,0,263855.859,177957.515,1.4826901746745562
5000,2006_d,D,UV,D_UV,manual,2006_d/run5000.root,good,,0,0,197335.901,177957.515,1.10889332771364
5001,2006_d,D,UV,D_UV,manual,2006_d/run5001.root,good,,0,0,0.0,177957.515,0.0
5003,2006_d,D,UV,D_UV,manual,2006_d/run5003.root,good,,0,0,43724.86,177957.515,0.24570392545659
5005,2006_d,D,UV,D_UV,manual,2006_d/run5005.root,good,,0,0,197792.38999999998,177957.515,1.1114584849086029
5006,2006_d,D,UV,D_UV,manual,2006_d/run5006.root,good,,0,0,186388.16,177957.515,1.047374481487899
5007,2006_d,D,UV,D_UV,manual,2006_d/run5007.root,good,,0,0,166473.18,177957.515,0.9354658610511615
5008,2006_d,D,UV,D_UV,manual,2006_d/run5008.root,good,,0,0,161934.371,177957.515,0.9099608465537407
5009,2006_d,D,UV,D_UV,manual,2006_d/run5009.root,good,,0,0,176870.052,177957.515,0.9938891987787084
5010,2006_d,D,UV,D_UV,manual,2006_d/run5010.root,good,,0,0,0.0,177957.515,0.0
5011,2006_d,D,UV,D_UV,manual,2006_d/run5011.root,good,,0,0,0.0,177957.515,0.0
5012,2006_d,D,UV,D_UV,manual,2006_d/run5012.root,good,,0,0,182744.681,177957.515,1.0269006116431778
5013,2006_d,D,UV,D_UV,manual,2006_d/run5013.root,good,,0,0,117825.451,177957.515,0.6620987655396289
5014,2006_d,D,UV,D_UV,manual,2006_d/run5014.root,good,,0,0,113153.51,177957.515,0.6358456398989387
5015,2006_d,D,UV,D_UV,manual,2006_d/run5015.root,good,,0,0,54559.310000000005,177957.515,0.3065861534422977
5016,2006_d,D,UV,D_UV,manual,2006_d/run5016.root,good,,0,0,159968.15,177957.515,0.898912024030005
5017,2006_d,D,UV,D_UV,manual,2006_d/run5017.root,good,,0,0,191203.91,177957.515,1.0744357157381075
5018,2006_d,D,UV,D_UV,manual,2006_d/run5018.root,good,,0,0,123961.329,177957.515,0.6965782198071264
