run_number,source_period,target,beam_type,group,classification_source,source_file
1321,1998_uv,P,UV,P_UV,manual,1998_uv/run1321.root
1322,1998_uv,P,UV,P_UV,manual,1998_uv/run1322.root
1324,1998_uv,P,UV,P_UV,manual,1998_uv/run1324.root
1325,1998_uv,P,UV,P_UV,manual,1998_uv/run1325.root
1326,1998_uv,P,UV,P_UV,manual,1998_uv/run1326.root
1328,1998_uv,P,UV,P_UV,manual,1998_uv/run1328.root
1329,1998_uv,P,UV,P_UV,manual,1998_uv/run1329.root
1330,1998_uv,P,UV,P_UV,manual,1998_uv/run1330.root
1331,1998_uv,P,UV,P_UV,manual,1998_uv/run1331.root
1332,1998_uv,P,UV,P_UV,manual,1998_uv/run1332.root
1333,1998_uv,P,UV,P_UV,manual,1998_uv/run1333.root
1334,1998_uv,P,UV,P_UV,manual,1998_uv/run1334.root
1335,1998_uv,P,UV,P_UV,manual,1998_uv/run1335.root
1336,1998_uv,P,UV,P_UV,manual,1998_uv/run1336.root
1337,1998_uv,P,UV,P_UV,manual,1998_uv/run1337.root
1339,1998_uv,P,UV,P_UV,manual,1998_uv/run1339.root
1340,1998_uv,P,UV,P_UV,manual,1998_uv/run1340.root
1341,1998_uv,P,UV,P_UV,manual,1998_uv/run1341.root
1342,1998_uv,P,UV,P_UV,manual,1998_uv/run1342.root
1343,1998_uv,P,UV,P_UV,manual,1998_uv/run1343.root
1344,1998_uv,P,UV,P_UV,manual,1998_uv/run1344.root
1345,1998_uv,P,UV,P_UV,manual,1998_uv/run1345.root
1346,1998_uv,P,UV,P_UV,manual,1998_uv/run1346.root
1347,1998_uv,P,UV,P_UV,manual,1998_uv/run1347.root
1348,1998_uv,P,UV,P_UV,manual,1998_uv/run1348.root
1350,1998_uv,P,UV,P_UV,manual,1998_uv/run1350.root
1352,1998_uv,P,UV,P_UV,manual,1998_uv/run1352.root
1353,1998_uv,P,UV,P_UV,manual,1998_uv/run1353.root
1354,1998_uv,P,UV,P_UV,manual,1998_uv/run1354.root
1355,1998_uv,P,UV,P_UV,manual,1998_uv/run1355.root
1356,1998_uv,P,UV,P_UV,manual,1998_uv/run1356.root
1357,1998_uv,P,UV,P_UV,manual,1998_uv/run1357.root
1358,1998_uv,P,UV,P_UV,manual,1998_uv/run1358.root
1359,1998_uv,P,UV,P_UV,manual,1998_uv/run1359.root
1360,1998_uv,P,UV,P_UV,manual,1998_uv/run1360.root
1361,1998_uv,P,UV,P_UV,manual,1998_uv/run1361.root
1362,1998_uv,P,UV,P_UV,manual,1998_uv/run1362.root
1363,1998_uv,P,UV,P_UV,manual,1998_uv/run1363.root
1364,1998_uv,P,UV,P_UV,manual,1998_uv/run1364.root
1365,1998_uv,P,UV,P_UV,manual,1998_uv/run1365.root
1366,1998_uv,P,UV,P_UV,manual,1998_uv/run1366.root
1367,1998_uv,P,UV,P_UV,manual,1998_uv/run1367.root
1368,1998_uv,P,UV,P_UV,manual,1998_uv/run1368.root
1369,1998_uv,P,UV,P_UV,manual,1998_uv/run1369.root
1370,1998_uv,P,UV,P_UV,manual,1998_uv/run1370.root
1371,1998_uv,P,UV,P_UV,manual,1998_uv/run1371.root
1372,1998_uv,P,UV,P_UV,manual,1998_uv/run1372.root
1373,1998_uv,P,UV,P_UV,manual,1998_uv/run1373.root
1374,1998_uv,P,UV,P_UV,manual,1998_uv/run1374.root
1375,1998_uv,P,UV,P_UV,manual,1998_uv/run1375.root
1376,1998_uv,P,UV,P_UV,manual,1998_uv/run1376.root
1377,1998_uv,P,UV,P_UV,manual,1998_uv/run1377.root
1379,1998_uv,P,UV,P_UV,manual,1998_uv/run1379.root
1380,1998_uv,P,UV,P_UV,manual,1998_uv/run1380.root
1381,1998_uv,P,UV,P_UV,manual,1998_uv/run1381.root
1382,1998_uv,P,UV,P_UV,manual,1998_uv/run1382.root
1383,1998_uv,P,UV,P_UV,manual,1998_uv/run1383.root
1385,1998_uv,P,UV,P_UV,manual,1998_uv/run1385.root
1386,1998_uv,P,UV,P_UV,manual,1998_uv/run1386.root
1387,1998_uv,P,UV,P_UV,manual,1998_uv/run1387.root
1388,1998_uv,P,UV,P_UV,manual,1998_uv/run1388.root
1389,1998_uv,P,UV,P_UV,manual,1998_uv/run1389.root
1390,1998_uv,P,UV,P_UV,manual,1998_uv/run1390.root
1391,1998_uv,P,UV,P_UV,manual,1998_uv/run1391.root
1392,1998_uv,P,UV,P_UV,manual,1998_uv/run1392.root
1393,1998_uv,P,UV,P_UV,manual,1998_uv/run1393.root
1394,1998_uv,P,UV,P_UV,manual,1998_uv/run1394.root
1395,1998_uv,P,UV,P_UV,manual,1998_uv/run1395.root
1396,1998_uv,P,UV,P_UV,manual,1998_uv/run1396.root
1397,1998_uv,P,UV,P_UV,manual,1998_uv/run1397.root
1398,1998_uv,P,UV,P_UV,manual,1998_uv/run1398.root
1399,1998_uv,P,UV,P_UV,manual,1998_uv/run1399.root
1400,1998_uv,P,UV,P_UV,manual,1998_uv/run1400.root
1401,1998_uv,P,UV,P_UV,manual,1998_uv/run1401.root
1402,1998_uv,P,UV,P_UV,manual,1998_uv/run1402.root
1403,1998_uv,P,UV,P_UV,manual,1998_uv/run1403.root
1405,1998_uv,P,UV,P_UV,manual,1998_uv/run1405.root
1406,1998_uv,P,UV,P_UV,manual,1998_uv/run1406.root
1407,1998_uv,P,UV,P_UV,manual,1998_uv/run1407.root
1408,1998_uv,P,UV,P_UV,manual,1998_uv/run1408.root
1409,1998_uv,P,UV,P_UV,manual,1998_uv/run1409.root
1410,1998_uv,P,UV,P_UV,manual,1998_uv/run1410.root
1411,1998_uv,P,UV,P_UV,manual,1998_uv/run1411.root
1412,1998_uv,P,UV,P_UV,manual,1998_uv/run1412.root
1414,1998_uv,P,UV,P_UV,manual,1998_uv/run1414.root
1415,1998_uv,P,UV,P_UV,manual,1998_uv/run1415.root
1416,1998_uv,P,UV,P_UV,manual,1998_uv/run1416.root
1417,1998_uv,P,UV,P_UV,manual,1998_uv/run1417.root
1418,1998_uv,P,UV,P_UV,manual,1998_uv/run1418.root
1419,1998_uv,P,UV,P_UV,manual,1998_uv/run1419.root
1420,1998_uv,P,UV,P_UV,manual,1998_uv/run1420.root
1421,1998_uv,P,UV,P_UV,manual,1998_uv/run1421.root
1422,1998_uv,P,UV,P_UV,manual,1998_uv/run1422.root
1425,1998_uv,P,UV,P_UV,manual,1998_uv/run1425.root
1426,1998_uv,P,UV,P_UV,manual,1998_uv/run1426.root
1427,1998_uv,P,UV,P_UV,manual,1998_uv/run1427.root
1428,1998_uv,P,UV,P_UV,manual,1998_uv/run1428.root
1429,1998_uv,P,UV,P_UV,manual,1998_uv/run1429.root
1430,1998_uv,P,UV,P_UV,manual,1998_uv/run1430.root
1431,1998_uv,P,UV,P_UV,manual,1998_uv/run1431.root
1432,1998_uv,P,UV,P_UV,manual,1998_uv/run1432.root
1433,1998_uv,P,UV,P_UV,manual,1998_uv/run1433.root
1434,1998_uv,P,UV,P_UV,manual,1998_uv/run1434.root
1435,1998_uv,P,UV,P_UV,manual,1998_uv/run1435.root
1436,1998_uv,P,UV,P_UV,manual,1998_uv/run1436.root
1437,1998_uv,P,UV,P_UV,manual,1998_uv/run1437.root
1438,1998_uv,P,UV,P_UV,manual,1998_uv/run1438.root
1439,1998_uv,P,UV,P_UV,manual,1998_uv/run1439.root
1440,1998_uv,P,UV,P_UV,manual,1998_uv/run1440.root
1441,1998_uv,P,UV,P_UV,manual,1998_uv/run1441.root
1442,1998_uv,P,UV,P_UV,manual,1998_uv/run1442.root
1443,1998_uv,P,UV,P_UV,manual,1998_uv/run1443.root
1444,1998_uv,P,UV,P_UV,manual,1998_uv/run1444.root
1445,1998_uv,P,UV,P_UV,manual,1998_uv/run1445.root
1446,1998_uv,P,UV,P_UV,manual,1998_uv/run1446.root
1447,1998_uv,P,UV,P_UV,manual,1998_uv/run1447.root
1448,1998_uv,P,UV,P_UV,manual,1998_uv/run1448.root
1450,1998_uv,P,UV,P_UV,manual,1998_uv/run1450.root
1451,1998_uv,P,UV,P_UV,manual,1998_uv/run1451.root
1452,1998_uv,P,UV,P_UV,manual,1998_uv/run1452.root
1453,1998_uv,P,UV,P_UV,manual,1998_uv/run1453.root
1454,1998_uv,P,UV,P_UV,manual,1998_uv/run1454.root
1455,1998_uv,P,UV,P_UV,manual,1998_uv/run1455.root
1456,1998_uv,P,UV,P_UV,manual,1998_uv/run1456.root
1457,1998_uv,P,UV,P_UV,manual,1998_uv/run1457.root
1458,1998_uv,P,UV,P_UV,manual,1998_uv/run1458.root
1459,1998_uv,P,UV,P_UV,manual,1998_uv/run1459.root
1460,1998_uv,P,UV,P_UV,manual,1998_uv/run1460.root
1461,1998_uv,P,UV,P_UV,manual,1998_uv/run1461.root
1462,1998_uv,P,UV,P_UV,manual,1998_uv/run1462.root
1463,1998_uv,P,UV,P_UV,manual,1998_uv/run1463.root
1464,1998_uv,P,UV,P_UV,manual,1998_uv/run1464.root
1465,1998_uv,P,UV,P_UV,manual,1998_uv/run1465.root
1466,1998_uv,P,UV,P_UV,manual,1998_uv/run1466.root
1467,1998_uv,P,UV,P_UV,manual,1998_uv/run1467.root
1468,1998_uv,P,UV,P_UV,manual,1998_uv/run1468.root
1470,1998_uv,P,UV,P_UV,manual,1998_uv/run1470.root
1471,1998_uv,P,UV,P_UV,manual,1998_uv/run1471.root
1472,1998_uv,P,UV,P_UV,manual,1998_uv/run1472.root
1473,1998_uv,P,UV,P_UV,manual,1998_uv/run1473.root
1474,1998_uv,P,UV,P_UV,manual,1998_uv/run1474.root
1475,1998_uv,P,UV,P_UV,manual,1998_uv/run1475.root
1476,1998_uv,P,UV,P_UV,manual,1998_uv/run1476.root
1477,1998_uv,P,UV,P_UV,manual,1998_uv/run1477.root
1478,1998_uv,P,UV,P_UV,manual,1998_uv/run1478.root
1479,1998_uv,P,UV,P_UV,manual,1998_uv/run1479.root
1480,1998_uv,P,UV,P_UV,manual,1998_uv/run1480.root
1481,1998_uv,P,UV,P_UV,manual,1998_uv/run1481.root
1482,1998_uv,P,UV,P_UV,manual,1998_uv/run1482.root
1485,1998_uv,P,UV,P_UV,manual,1998_uv/run1485.root
1486,1998_uv,P,UV,P_UV,manual,1998_uv/run1486.root
1487,1998_uv,P,UV,P_UV,manual,1998_uv/run1487.root
1488,1998_uv,P,UV,P_UV,manual,1998_uv/run1488.root
1489,1998_uv,P,UV,P_UV,manual,1998_uv/run1489.root
1490,1998_uv,P,UV,P_UV,manual,1998_uv/run1490.root
1491,1998_uv,P,UV,P_UV,manual,1998_uv/run1491.root
1492,1998_uv,P,UV,P_UV,manual,1998_uv/run1492.root
1493,1998_uv,P,UV,P_UV,manual,1998_uv/run1493.root
1494,1998_uv,P,UV,P_UV,manual,1998_uv/run1494.root
1496,1998_uv,P,UV,P_UV,manual,1998_uv/run1496.root
1497,1998_uv,P,UV,P_UV,manual,1998_uv/run1497.root
1498,1998_uv,P,UV,P_UV,manual,1998_uv/run1498.root
1499,1998_uv,P,UV,P_UV,manual,1998_uv/run1499.root
1500,1998_uv,P,UV,P_UV,manual,1998_uv/run1500.root
1501,1998_uv,P,UV,P_UV,manual,1998_uv/run1501.root
1502,1998_uv,P,UV,P_UV,manual,1998_uv/run1502.root
1503,1998_uv,P,UV,P_UV,manual,1998_uv/run1503.root
1504,1998_uv,P,UV,P_UV,manual,1998_uv/run1504.root
1505,1998_uv,P,UV,P_UV,manual,1998_uv/run1505.root
1506,1998_uv,P,UV,P_UV,manual,1998_uv/run1506.root
1507,1998_uv,P,UV,P_UV,manual,1998_uv/run1507.root
1508,1998_uv,P,UV,P_UV,manual,1998_uv/run1508.root
1509,1998_uv,P,UV,P_UV,manual,1998_uv/run1509.root
1510,1998_uv,P,UV,P_UV,manual,1998_uv/run1510.root
1511,1998_uv,P,UV,P_UV,manual,1998_uv/run1511.root
1512,1998_uv,P,UV,P_UV,manual,1998_uv/run1512.root
1513,1998_uv,P,UV,P_UV,manual,1998_uv/run1513.root
1514,1998_uv,P,UV,P_UV,manual,1998_uv/run1514.root
1515,1998_uv,P,UV,P_UV,manual,1998_uv/run1515.root
1549,1999_uv,P,UV,P_UV,manual,1999_uv/run1549.root
1550,1999_uv,P,UV,P_UV,manual,1999_uv/run1550.root
1551,1999_uv,P,UV,P_UV,manual,1999_uv/run1551.root
1552,1999_uv,P,UV,P_UV,manual,1999_uv/run1552.root
1553,1999_uv,P,UV,P_UV,manual,1999_uv/run1553.root
1554,1999_uv,P,UV,P_UV,manual,1999_uv/run1554.root
1555,1999_uv,P,UV,P_UV,manual,1999_uv/run1555.root
1556,1999_uv,P,UV,P_UV,manual,1999_uv/run1556.root
1557,1999_uv,P,UV,P_UV,manual,1999_uv/run1557.root
1558,1999_uv,P,UV,P_UV,manual,1999_uv/run1558.root
1559,1999_uv,P,UV,P_UV,manual,1999_uv/run1559.root
1560,1999_uv,P,UV,P_UV,manual,1999_uv/run1560.root
1561,1999_uv,P,UV,P_UV,manual,1999_uv/run1561.root
1562,1999_uv,P,UV,P_UV,manual,1999_uv/run1562.root
1563,1999_uv,P,UV,P_UV,manual,1999_uv/run1563.root
1564,1999_uv,P,UV,P_UV,manual,1999_uv/run1564.root
1565,1999_uv,P,UV,P_UV,manual,1999_uv/run1565.root
1566,1999_uv,P,UV,P_UV,manual,1999_uv/run1566.root
1567,1999_uv,P,UV,P_UV,manual,1999_uv/run1567.root
1568,1999_uv,P,UV,P_UV,manual,1999_uv/run1568.root
1569,1999_uv,P,UV,P_UV,manual,1999_uv/run1569.root
1570,1999_uv,P,UV,P_UV,manual,1999_uv/run1570.root
1571,1999_uv,P,UV,P_UV,manual,1999_uv/run1571.root
1572,1999_uv,P,UV,P_UV,manual,1999_uv/run1572.root
1573,1999_uv,P,UV,P_UV,manual,1999_uv/run1573.root
1574,1999_uv,P,UV,P_UV,manual,1999_uv/run1574.root
1575,1999_uv,P,UV,P_UV,manual,1999_uv/run1575.root
1576,1999_uv,P,UV,P_UV,manual,1999_uv/run1576.root
1577,1999_uv,P,UV,P_UV,manual,1999_uv/run1577.root
1578,1999_uv,P,UV,P_UV,manual,1999_uv/run1578.root
1579,1999_uv,P,UV,P_UV,manual,1999_uv/run1579.root
1580,1999_uv,P,UV,P_UV,manual,1999_uv/run1580.root
1581,1999_uv,P,UV,P_UV,manual,1999_uv/run1581.root
1582,1999_uv,P,UV,P_UV,manual,1999_uv/run1582.root
1583,1999_uv,P,UV,P_UV,manual,1999_uv/run1583.root
1585,1999_uv,P,UV,P_UV,manual,1999_uv/run1585.root
1588,1999_uv,P,UV,P_UV,manual,1999_uv/run1588.root
1589,1999_uv,P,UV,P_UV,manual,1999_uv/run1589.root
1590,1999_uv,P,UV,P_UV,manual,1999_uv/run1590.root
1591,1999_uv,P,UV,P_UV,manual,1999_uv/run1591.root
1592,1999_uv,P,UV,P_UV,manual,1999_uv/run1592.root
1593,1999_uv,P,UV,P_UV,manual,1999_uv/run1593.root
1594,1999_uv,P,UV,P_UV,manual,1999_uv/run1594.root
1595,1999_uv,P,UV,P_UV,manual,1999_uv/run1595.root
1596,1999_uv,P,UV,P_UV,manual,1999_uv/run1596.root
1597,1999_uv,P,UV,P_UV,manual,1999_uv/run1597.root
1598,1999_uv,P,UV,P_UV,manual,1999_uv/run1598.root
1599,1999_uv,P,UV,P_UV,manual,1999_uv/run1599.root
1600,1999_uv,P,UV,P_UV,manual,1999_uv/run1600.root
1601,1999_uv,P,UV,P_UV,manual,1999_uv/run1601.root
1602,1999_uv,P,UV,P_UV,manual,1999_uv/run1602.root
1603,1999_uv,P,UV,P_UV,manual,1999_uv/run1603.root
1604,1999_uv,P,UV,P_UV,manual,1999_uv/run1604.root
1605,1999_uv,P,UV,P_UV,manual,1999_uv/run1605.root
1607,1999_uv,P,UV,P_UV,manual,1999_uv/run1607.root
1608,1999_uv,P,UV,P_UV,manual,1999_uv/run1608.root
1609,1999_uv,P,UV,P_UV,manual,1999_uv/run1609.root
1610,1999_uv,P,UV,P_UV,manual,1999_uv/run1610.root
1611,1999_uv,P,UV,P_UV,manual,1999_uv/run1611.root
1612,1999_uv,P,UV,P_UV,manual,1999_uv/run1612.root
1613,1999_uv,P,UV,P_UV,manual,1999_uv/run1613.root
1616,1999_uv,P,UV,P_UV,manual,1999_uv/run1616.root
1617,1999_uv,P,UV,P_UV,manual,1999_uv/run1617.root
1618,1999_uv,P,UV,P_UV,manual,1999_uv/run1618.root
1619,1999_uv,P,UV,P_UV,manual,1999_uv/run1619.root
1622,1999_uv,P,UV,P_UV,manual,1999_uv/run1622.root
1623,1999_uv,P,UV,P_UV,manual,1999_uv/run1623.root
1624,1999_uv,P,UV,P_UV,manual,1999_uv/run1624.root
1625,1999_uv,P,UV,P_UV,manual,1999_uv/run1625.root
1627,1999_uv,P,UV,P_UV,manual,1999_uv/run1627.root
1629,1999_uv,P,UV,P_UV,manual,1999_uv/run1629.root
1630,1999_uv,P,UV,P_UV,manual,1999_uv/run1630.root
1631,1999_uv,P,UV,P_UV,manual,1999_uv/run1631.root
1632,1999_uv,P,UV,P_UV,manual,1999_uv/run1632.root
1633,1999_uv,P,UV,P_UV,manual,1999_uv/run1633.root
1635,1999_uv,P,UV,P_UV,manual,1999_uv/run1635.root
1636,1999_uv,P,UV,P_UV,manual,1999_uv/run1636.root
1637,1999_uv,P,UV,P_UV,manual,1999_uv/run1637.root
1638,1999_uv,P,UV,P_UV,manual,1999_uv/run1638.root
1639,1999_uv,P,UV,P_UV,manual,1999_uv/run1639.root
1640,1999_uv,P,UV,P_UV,manual,1999_uv/run1640.root
1641,1999_uv,P,UV,P_UV,manual,1999_uv/run1641.root
1642,1999_uv,P,UV,P_UV,manual,1999_uv/run1642.root
1644,1999_uv,P,UV,P_UV,manual,1999_uv/run1644.root
1645,1999_uv,P,UV,P_UV,manual,1999_uv/run1645.root
1646,1999_uv,P,UV,P_UV,manual,1999_uv/run1646.root
1647,1999_uv,P,UV,P_UV,manual,1999_uv/run1647.root
1648,1999_uv,P,UV,P_UV,manual,1999_uv/run1648.root
1649,1999_uv,P,UV,P_UV,manual,1999_uv/run1649.root
1650,1999_uv,P,UV,P_UV,manual,1999_uv/run1650.root
1651,1999_uv,P,UV,P_UV,manual,1999_uv/run1651.root
1652,1999_uv,P,UV,P_UV,manual,1999_uv/run1652.root
1654,1999_uv,P,UV,P_UV,manual,1999_uv/run1654.root
1655,1999_uv,P,UV,P_UV,manual,1999_uv/run1655.root
1657,1999_uv,P,UV,P_UV,manual,1999_uv/run1657.root
1658,1999_uv,P,UV,P_UV,manual,1999_uv/run1658.root
1659,1999_uv,P,UV,P_UV,manual,1999_uv/run1659.root
1660,1999_uv,P,UV,P_UV,manual,1999_uv/run1660.root
1661,1999_uv,P,UV,P_UV,manual,1999_uv/run1661.root
1662,1999_uv,P,UV,P_UV,manual,1999_uv/run1662.root
1663,1999_uv,P,UV,P_UV,manual,1999_uv/run1663.root
1664,1999_uv,P,UV,P_UV,manual,1999_uv/run1664.root
1665,1999_uv,P,UV,P_UV,manual,1999_uv/run1665.root
1666,1999_uv,P,UV,P_UV,manual,1999_uv/run1666.root
1667,1999_uv,P,UV,P_UV,manual,1999_uv/run1667.root
1668,1999_uv,P,UV,P_UV,manual,1999_uv/run1668.root
1669,1999_uv,P,UV,P_UV,manual,1999_uv/run1669.root
1670,1999_uv,P,UV,P_UV,manual,1999_uv/run1670.root
1671,1999_uv,P,UV,P_UV,manual,1999_uv/run1671.root
1672,1999_uv,P,UV,P_UV,manual,1999_uv/run1672.root
1673,1999_uv,P,UV,P_UV,manual,1999_uv/run1673.root
1674,1999_uv,P,UV,P_UV,manual,1999_uv/run1674.root
1676,1999_uv,P,UV,P_UV,manual,1999_uv/run1676.root
1678,1999_uv,P,UV,P_UV,manual,1999_uv/run1678.root
1679,1999_uv,P,UV,P_UV,manual,1999_uv/run1679.root
1680,1999_uv,P,UV,P_UV,manual,1999_uv/run1680.root
1681,1999_uv,P,UV,P_UV,manual,1999_uv/run1681.root
1682,1999_uv,P,UV,P_UV,manual,1999_uv/run1682.root
1683,1999_uv,P,UV,P_UV,manual,1999_uv/run1683.root
1684,1999_uv,P,UV,P_UV,manual,1999_uv/run1684.root
1685,1999_uv,P,UV,P_UV,manual,1999_uv/run1685.root
1686,1999_uv,P,UV,P_UV,manual,1999_uv/run1686.root
1687,1999_uv,P,UV,P_UV,manual,1999_uv/run1687.root
1689,1999_uv,P,UV,P_UV,manual,1999_uv/run1689.root
1692,1999_uv,P,UV,P_UV,manual,1999_uv/run1692.root
1693,1999_uv,P,UV,P_UV,manual,1999_uv/run1693.root
1694,1999_uv,P,UV,P_UV,manual,1999_uv/run1694.root
1695,1999_uv,P,UV,P_UV,manual,1999_uv/run1695.root
1696,1999_uv,P,UV,P_UV,manual,1999_uv/run1696.root
1697,1999_uv,P,UV,P_UV,manual,1999_uv/run1697.root
1698,1999_uv,P,UV,P_UV,manual,1999_uv/run1698.root
1699,1999_uv,P,UV,P_UV,manual,1999_uv/run1699.root
1700,1999_uv,P,UV,P_UV,manual,1999_uv/run1700.root
1702,1999_uv,P,UV,P_UV,manual,1999_uv/run1702.root
1703,1999_uv,P,UV,P_UV,manual,1999_uv/run1703.root
1704,1999_uv,P,UV,P_UV,manual,1999_uv/run1704.root
1707,1999_uv,P,UV,P_UV,manual,1999_uv/run1707.root
1708,1999_uv,P,UV,P_UV,manual,1999_uv/run1708.root
1709,1999_uv,P,UV,P_UV,manual,1999_uv/run1709.root
1710,1999_uv,P,UV,P_UV,manual,1999_uv/run1710.root
1712,1999_uv,P,UV,P_UV,manual,1999_uv/run1712.root
1713,1999_uv,P,UV,P_UV,manual,1999_uv/run1713.root
1714,1999_uv,P,UV,P_UV,manual,1999_uv/run1714.root
1715,1999_uv,P,UV,P_UV,manual,1999_uv/run1715.root
1716,1999_uv,P,UV,P_UV,manual,1999_uv/run1716.root
1717,1999_uv,P,UV,P_UV,manual,1999_uv/run1717.root
1718,1999_uv,P,UV,P_UV,manual,1999_uv/run1718.root
1719,1999_uv,P,UV,P_UV,manual,1999_uv/run1719.root
1721,1999_uv,P,UV,P_UV,manual,1999_uv/run1721.root
1722,1999_uv,P,UV,P_UV,manual,1999_uv/run1722.root
1723,1999_uv,P,UV,P_UV,manual,1999_uv/run1723.root
1724,1999_uv,P,UV,P_UV,manual,1999_uv/run1724.root
1725,1999_uv,P,UV,P_UV,manual,1999_uv/run1725.root
1726,1999_uv,P,UV,P_UV,manual,1999_uv/run1726.root
1727,1999_uv,P,UV,P_UV,manual,1999_uv/run1727.root
1728,1999_uv,P,UV,P_UV,manual,1999_uv/run1728.root
1730,1999_uv,P,UV,P_UV,manual,1999_uv/run1730.root
1735,1999_uv,P,UV,P_UV,manual,1999_uv/run1735.root
1738,1999_uv,P,UV,P_UV,manual,1999_uv/run1738.root
1740,1999_uv,P,UV,P_UV,manual,1999_uv/run1740.root
1741,1999_uv,P,UV,P_UV,manual,1999_uv/run1741.root
1742,1999_uv,P,UV,P_UV,manual,1999_uv/run1742.root
1743,1999_uv,P,UV,P_UV,manual,1999_uv/run1743.root
1744,1999_uv,P,UV,P_UV,manual,1999_uv/run1744.root
1745,1999_uv,P,UV,P_UV,manual,1999_uv/run1745.root
1746,1999_uv,P,UV,P_UV,manual,1999_uv/run1746.root
1747,1999_uv,P,UV,P_UV,manual,1999_uv/run1747.root
1748,1999_uv,P,UV,P_UV,manual,1999_uv/run1748.root
1749,1999_uv,P,UV,P_UV,manual,1999_uv/run1749.root
1750,1999_uv,P,UV,P_UV,manual,1999_uv/run1750.root
1751,1999_uv,P,UV,P_UV,manual,1999_uv/run1751.root
1752,1999_uv,P,UV,P_UV,manual,1999_uv/run1752.root
1753,1999_uv,P,UV,P_UV,manual,1999_uv/run1753.root
1754,1999_uv,P,UV,P_UV,manual,1999_uv/run1754.root
1755,1999_uv,P,UV,P_UV,manual,1999_uv/run1755.root
1756,1999_uv,P,UV,P_UV,manual,1999_uv/run1756.root
1757,1999_uv,P,UV,P_UV,manual,1999_uv/run1757.root
1758,1999_uv,P,UV,P_UV,manual,1999_uv/run1758.root
1759,1999_uv,P,UV,P_UV,manual,1999_uv/run1759.root
1768,1999_uv,P,UV,P_UV,manual,1999_uv/run1768.root
1769,1999_uv,P,UV,P_UV,manual,1999_uv/run1769.root
1770,1999_uv,P,UV,P_UV,manual,1999_uv/run1770.root
1771,1999_uv,P,UV,P_UV,manual,1999_uv/run1771.root
1772,1999_uv,P,UV,P_UV,manual,1999_uv/run1772.root
1773,1999_uv,P,UV,P_UV,manual,1999_uv/run1773.root
1774,1999_uv,P,UV,P_UV,manual,1999_uv/run1774.root
1775,1999_uv,P,UV,P_UV,manual,1999_uv/run1775.root
1776,1999_uv,P,UV,P_UV,manual,1999_uv/run1776.root
1777,1999_uv,P,UV,P_UV,manual,1999_uv/run1777.root
1782,1999_uv,P,UV,P_UV,manual,1999_uv/run1782.root
1783,1999_uv,P,UV,P_UV,manual,1999_uv/run1783.root
1784,1999_uv,P,UV,P_UV,manual,1999_uv/run1784.root
1785,1999_uv,P,UV,P_UV,manual,1999_uv/run1785.root
1786,1999_uv,P,UV,P_UV,manual,1999_uv/run1786.root
1787,1999_uv,P,UV,P_UV,manual,1999_uv/run1787.root
1788,1999_uv,P,UV,P_UV,manual,1999_uv/run1788.root
1789,1999_uv,P,UV,P_UV,manual,1999_uv/run1789.root
1790,1999_uv,P,UV,P_UV,manual,1999_uv/run1790.root
1791,1999_uv,P,UV,P_UV,manual,1999_uv/run1791.root
1792,1999_uv,P,UV,P_UV,manual,1999_uv/run1792.root
1793,1999_uv,P,UV,P_UV,manual,1999_uv/run1793.root
1794,1999_uv,P,UV,P_UV,manual,1999_uv/run1794.root
1795,1999_uv,P,UV,P_UV,manual,1999_uv/run1795.root
1797,1999_uv,P,UV,P_UV,manual,1999_uv/run1797.root
1798,1999_uv,P,UV,P_UV,manual,1999_uv/run1798.root
1799,1999_uv,P,UV,P_UV,manual,1999_uv/run1799.root
1801,1999_uv,P,UV,P_UV,manual,1999_uv/run1801.root
1802,1999_uv,P,UV,P_UV,manual,1999_uv/run1802.root
1803,1999_uv,P,UV,P_UV,manual,1999_uv/run1803.root
1804,1999_uv,P,UV,P_UV,manual,1999_uv/run1804.root
1805,1999_uv,P,UV,P_UV,manual,1999_uv/run1805.root
1808,1999_uv,P,UV,P_UV,manual,1999_uv/run1808.root
1809,1999_uv,P,UV,P_UV,manual,1999_uv/run1809.root
1810,1999_uv,P,UV,P_UV,manual,1999_uv/run1810.root
1812,1999_uv,P,UV,P_UV,manual,1999_uv/run1812.root
1813,1999_uv,P,UV,P_UV,manual,1999_uv/run1813.root
1814,1999_uv,P,UV,P_UV,manual,1999_uv/run1814.root
1815,1999_uv,P,UV,P_UV,manual,1999_uv/run1815.root
1817,1999_uv,P,UV,P_UV,manual,1999_uv/run1817.root
1818,1999_uv,P,UV,P_UV,manual,1999_uv/run1818.root
1820,1999_uv,P,UV,P_UV,manual,1999_uv/run1820.root
1821,1999_uv,P,UV,P_UV,manual,1999_uv/run1821.root
1822,1999_uv,P,UV,P_UV,manual,1999_uv/run1822.root
1823,1999_uv,P,UV,P_UV,manual,1999_uv/run1823.root
1824,1999_uv,P,UV,P_UV,manual,1999_uv/run1824.root
1826,1999_uv,P,UV,P_UV,manual,1999_uv/run1826.root
1827,1999_uv,P,UV,P_UV,manual,1999_uv/run1827.root
1828,1999_uv,P,UV,P_UV,manual,1999_uv/run1828.root
1829,1999_uv,P,UV,P_UV,manual,1999_uv/run1829.root
1831,1999_uv,P,UV,P_UV,manual,1999_uv/run1831.root
1833,1999_uv,P,UV,P_UV,manual,1999_uv/run1833.root
1834,1999_uv,P,UV,P_UV,manual,1999_uv/run1834.root
1835,1999_uv,P,UV,P_UV,manual,1999_uv/run1835.root
1836,1999_uv,P,UV,P_UV,manual,1999_uv/run1836.root
1837,1999_uv,P,UV,P_UV,manual,1999_uv/run1837.root
1838,1999_uv,P,UV,P_UV,manual,1999_uv/run1838.root
1839,1999_uv,P,UV,P_UV,manual,1999_uv/run1839.root
1841,1999_uv,P,UV,P_UV,manual,1999_uv/run1841.root
1842,1999_uv,P,UV,P_UV,manual,1999_uv/run1842.root
1843,1999_uv,P,UV,P_UV,manual,1999_uv/run1843.root
1844,1999_uv,P,UV,P_UV,manual,1999_uv/run1844.root
1845,1999_uv,P,UV,P_UV,manual,1999_uv/run1845.root
1846,1999_uv,P,UV,P_UV,manual,1999_uv/run1846.root
1847,1999_uv,P,UV,P_UV,manual,1999_uv/run1847.root
1848,1999_uv,P,UV,P_UV,manual,1999_uv/run1848.root
1849,1999_uv,P,UV,P_UV,manual,1999_uv/run1849.root
1850,1999_uv,P,UV,P_UV,manual,1999_uv/run1850.root
1851,1999_uv,P,UV,P_UV,manual,1999_uv/run1851.root
1852,1999_uv,P,UV,P_UV,manual,1999_uv/run1852.root
1854,1999_uv,P,UV,P_UV,manual,1999_uv/run1854.root
1855,1999_uv,P,UV,P_UV,manual,1999_uv/run1855.root
1856,1999_uv,P,UV,P_UV,manual,1999_uv/run1856.root
1857,1999_uv,P,UV,P_UV,manual,1999_uv/run1857.root
1859,1999_uv,P,UV,P_UV,manual,1999_uv/run1859.root
1860,1999_uv,P,UV,P_UV,manual,1999_uv/run1860.root
1862,1999_uv,P,UV,P_UV,manual,1999_uv/run1862.root
1863,1999_uv,P,UV,P_UV,manual,1999_uv/run1863.root
1864,1999_uv,P,UV,P_UV,manual,1999_uv/run1864.root
1865,1999_uv,P,UV,P_UV,manual,1999_uv/run1865.root
1866,1999_uv,P,UV,P_UV,manual,1999_uv/run1866.root
1869,1999_uv,P,UV,P_UV,manual,1999_uv/run1869.root
1870,1999_uv,P,UV,P_UV,manual,1999_uv/run1870.root
1872,1999_uv,P,UV,P_UV,manual,1999_uv/run1872.root
1873,1999_uv,P,UV,P_UV,manual,1999_uv/run1873.root
1874,1999_uv,P,UV,P_UV,manual,1999_uv/run1874.root
1875,1999_uv,P,UV,P_UV,manual,1999_uv/run1875.root
1882,1999_uv,P,UV,P_UV,manual,1999_uv/run1882.root
1883,1999_uv,P,UV,P_UV,manual,1999_uv/run1883.root
1884,1999_uv,P,UV,P_UV,manual,1999_uv/run1884.root
1885,1999_uv,P,UV,P_UV,manual,1999_uv/run1885.root
1886,1999_uv,P,UV,P_UV,manual,1999_uv/run1886.root
1888,1999_uv,P,UV,P_UV,manual,1999_uv/run1888.root
1890,1999_uv,P,UV,P_UV,manual,1999_uv/run1890.root
1891,1999_uv,P,UV,P_UV,manual,1999_uv/run1891.root
1892,1999_uv,P,UV,P_UV,manual,1999_uv/run1892.root
1893,1999_uv,P,UV,P_UV,manual,1999_uv/run1893.root
1894,1999_uv,P,UV,P_UV,manual,1999_uv/run1894.root
1895,1999_uv,P,UV,P_UV,manual,1999_uv/run1895.root
1896,1999_uv,P,UV,P_UV,manual,1999_uv/run1896.root
1897,1999_uv,P,UV,P_UV,manual,1999_uv/run1897.root
1898,1999_uv,P,UV,P_UV,manual,1999_uv/run1898.root
1899,1999_uv,P,UV,P_UV,manual,1999_uv/run1899.root
1900,1999_uv,P,UV,P_UV,manual,1999_uv/run1900.root
1901,1999_uv,P,UV,P_UV,manual,1999_uv/run1901.root
1902,1999_uv,P,UV,P_UV,manual,1999_uv/run1902.root
1903,1999_uv,P,UV,P_UV,manual,1999_uv/run1903.root
1904,1999_uv,P,UV,P_UV,manual,1999_uv/run1904.root
1905,1999_uv,P,UV,P_UV,manual,1999_uv/run1905.root
1906,1999_uv,P,UV,P_UV,manual,1999_uv/run1906.root
1907,1999_uv,P,UV,P_UV,manual,1999_uv/run1907.root
1908,1999_uv,P,UV,P_UV,manual,1999_uv/run1908.root
1909,1999_uv,P,UV,P_UV,manual,1999_uv/run1909.root
1910,1999_uv,P,UV,P_UV,manual,1999_uv/run1910.root
1911,1999_uv,P,UV,P_UV,manual,1999_uv/run1911.root
1912,1999_uv,P,UV,P_UV,manual,1999_uv/run1912.root
1913,1999_uv,P,UV,P_UV,manual,1999_uv/run1913.root
1914,1999_uv,P,UV,P_UV,manual,1999_uv/run1914.root
1915,1999_uv,P,UV,P_UV,manual,1999_uv/run1915.root
1916,1999_uv,P,UV,P_UV,manual,1999_uv/run1916.root
1917,1999_uv,P,UV,P_UV,manual,1999_uv/run1917.root
1918,1999_uv,P,UV,P_UV,manual,1999_uv/run1918.root
1919,1999_uv,P,UV,P_UV,manual,1999_uv/run1919.root
1920,1999_uv,P,UV,P_UV,manual,1999_uv/run1920.root
1921,1999_uv,P,UV,P_UV,manual,1999_uv/run1921.root
1922,1999_uv,P,UV,P_UV,manual,1999_uv/run1922.root
1923,1999_uv,P,UV,P_UV,manual,1999_uv/run1923.root
1925,1999_uv,P,UV,P_UV,manual,1999_uv/run1925.root
1926,1999_uv,P,UV,P_UV,manual,1999_uv/run1926.root
1927,1999_uv,P,UV,P_UV,manual,1999_uv/run1927.root
1928,1999_uv,P,UV,P_UV,manual,1999_uv/run1928.root
1930,1999_uv,P,UV,P_UV,manual,1999_uv/run1930.root
1931,1999_uv,P,UV,P_UV,manual,1999_uv/run1931.root
1932,1999_uv,P,UV,P_UV,manual,1999_uv/run1932.root
1935,1999_uv,P,UV,P_UV,manual,1999_uv/run1935.root
1936,1999_uv,P,UV,P_UV,manual,1999_uv/run1936.root
1937,1999_uv,P,UV,P_UV,manual,1999_uv/run1937.root
1938,1999_uv,P,UV,P_UV,manual,1999_uv/run1938.root
1939,1999_uv,P,UV,P_UV,manual,1999_uv/run1939.root
1940,1999_uv,P,UV,P_UV,manual,1999_uv/run1940.root
1942,1999_uv,P,UV,P_UV,manual,1999_uv/run1942.root
1943,1999_uv,P,UV,P_UV,manual,1999_uv/run1943.root
1944,1999_uv,P,UV,P_UV,manual,1999_uv/run1944.root
1945,1999_uv,P,UV,P_UV,manual,1999_uv/run1945.root
1946,1999_uv,P,UV,P_UV,manual,1999_uv/run1946.root
1947,1999_uv,P,UV,P_UV,manual,1999_uv/run1947.root
1948,1999_uv,P,UV,P_UV,manual,1999_uv/run1948.root
1949,1999_uv,P,UV,P_UV,manual,1999_uv/run1949.root
1950,1999_uv,P,UV,P_UV,manual,1999_uv/run1950.root
1951,1999_uv,P,UV,P_UV,manual,1999_uv/run1951.root
1952,1999_uv,P,UV,P_UV,manual,1999_uv/run1952.root
1953,1999_uv,P,UV,P_UV,manual,1999_uv/run1953.root
1954,1999_uv,P,UV,P_UV,manual,1999_uv/run1954.root
1955,1999_uv,P,UV,P_UV,manual,1999_uv/run1955.root
1956,1999_uv,P,UV,P_UV,manual,1999_uv/run1956.root
1957,1999_uv,P,UV,P_UV,manual,1999_uv/run1957.root
1959,1999_uv,P,UV,P_UV,manual,1999_uv/run1959.root
1960,1999_uv,P,UV,P_UV,manual,1999_uv/run1960.root
1961,1999_uv,P,UV,P_UV,manual,1999_uv/run1961.root
1962,1999_uv,P,UV,P_UV,manual,1999_uv/run1962.root
1964,1999_vis,P,VIS,P_VIS,manual,1999_vis/run1964.root
1965,1999_vis,P,VIS,P_VIS,manual,1999_vis/run1965.root
1970,1999_vis,P,VIS,P_VIS,manual,1999_vis/run1970.root
1973,1999_vis,P,VIS,P_VIS,manual,1999_vis/run1973.root
1974,1999_vis,P,VIS,P_VIS,manual,1999_vis/run1974.root
1975,1999_vis,P,VIS,P_VIS,manual,1999_vis/run1975.root
1976,1999_vis,P,VIS,P_VIS,manual,1999_vis/run1976.root
1978,1999_vis,P,VIS,P_VIS,manual,1999_vis/run1978.root
1979,1999_vis,P,VIS,P_VIS,manual,1999_vis/run1979.root
1983,1999_vis,P,VIS,P_VIS,manual,1999_vis/run1983.root
1988,1999_vis,P,VIS,P_VIS,manual,1999_vis/run1988.root
1990,1999_vis,P,VIS,P_VIS,manual,1999_vis/run1990.root
1992,1999_vis,P,VIS,P_VIS,manual,1999_vis/run1992.root
1993,1999_vis,P,VIS,P_VIS,manual,1999_vis/run1993.root
1995,1999_vis,P,VIS,P_VIS,manual,1999_vis/run1995.root
1996,1999_vis,P,VIS,P_VIS,manual,1999_vis/run1996.root
1997,1999_vis,P,VIS,P_VIS,manual,1999_vis/run1997.root
1999,1999_vis,P,VIS,P_VIS,manual,1999_vis/run1999.root
2000,1999_vis,P,VIS,P_VIS,manual,1999_vis/run2000.root
2001,1999_vis,P,VIS,P_VIS,manual,1999_vis/run2001.root
2002,1999_vis,P,VIS,P_VIS,manual,1999_vis/run2002.root
2010,1999_vis,P,VIS,P_VIS,manual,1999_vis/run2010.root
2011,1999_vis,P,VIS,P_VIS,manual,1999_vis/run2011.root
2012,1999_vis,P,VIS,P_VIS,manual,1999_vis/run2012.root
2014,1999_vis,P,VIS,P_VIS,manual,1999_vis/run2014.root
2015,1999_vis,P,VIS,P_VIS,manual,1999_vis/run2015.root
2017,1999_vis,P,VIS,P_VIS,manual,1999_vis/run2017.root
2018,1999_vis,P,VIS,P_VIS,manual,1999_vis/run2018.root
2021,1999_vis,P,VIS,P_VIS,manual,1999_vis/run2021.root
2022,1999_vis,P,VIS,P_VIS,manual,1999_vis/run2022.root
2023,1999_vis,P,VIS,P_VIS,manual,1999_vis/run2023.root
2025,1999_vis,P,VIS,P_VIS,manual,1999_vis/run2025.root
2026,1999_vis,P,VIS,P_VIS,manual,1999_vis/run2026.root
2028,1999_vis,P,VIS,P_VIS,manual,1999_vis/run2028.root
2029,1999_vis,P,VIS,P_VIS,manual,1999_vis/run2029.root
2032,1999_vis,P,VIS,P_VIS,manual,1999_vis/run2032.root
2034,1999_vis,P,VIS,P_VIS,manual,1999_vis/run2034.root
2037,1999_vis,P,VIS,P_VIS,manual,1999_vis/run2037.root
2039,1999_vis,P,VIS,P_VIS,manual,1999_vis/run2039.root
2040,1999_vis,P,VIS,P_VIS,manual,1999_vis/run2040.root
2041,1999_vis,P,VIS,P_VIS,manual,1999_vis/run2041.root
2042,1999_vis,P,VIS,P_VIS,manual,1999_vis/run2042.root
2043,1999_vis,P,VIS,P_VIS,manual,1999_vis/run2043.root
2047,1999_vis,P,VIS,P_VIS,manual,1999_vis/run2047.root
2048,1999_vis,P,VIS,P_VIS,manual,1999_vis/run2048.root
2049,1999_vis,P,VIS,P_VIS,manual,1999_vis/run2049.root
2050,1999_vis,P,VIS,P_VIS,manual,1999_vis/run2050.root
2051,1999_vis,P,VIS,P_VIS,manual,1999_vis/run2051.root
2052,1999_vis,P,VIS,P_VIS,manual,1999_vis/run2052.root
2054,1999_vis,P,VIS,P_VIS,manual,1999_vis/run2054.root
2055,1999_vis,P,VIS,P_VIS,manual,1999_vis/run2055.root
2057,1999_vis,P,VIS,P_VIS,manual,1999_vis/run2057.root
2058,1999_vis,P,VIS,P_VIS,manual,1999_vis/run2058.root
2059,1999_vis,P,VIS,P_VIS,manual,1999_vis/run2059.root
2061,1999_vis,P,VIS,P_VIS,manual,1999_vis/run2061.root
2063,1999_vis,P,VIS,P_VIS,manual,1999_vis/run2063.root
2064,1999_vis,P,VIS,P_VIS,manual,1999_vis/run2064.root
2066,1999_vis,P,VIS,P_VIS,manual,1999_vis/run2066.root
2067,1999_vis,P,VIS,P_VIS,manual,1999_vis/run2067.root
2070,1999_vis,P,VIS,P_VIS,manual,1999_vis/run2070.root
2071,1999_vis,P,VIS,P_VIS,manual,1999_vis/run2071.root
2072,1999_vis,P,VIS,P_VIS,manual,1999_vis/run2072.root
2074,1999_vis,P,VIS,P_VIS,manual,1999_vis/run2074.root
2075,1999_vis,P,VIS,P_VIS,manual,1999_vis/run2075.root
2076,1999_vis,P,VIS,P_VIS,manual,1999_vis/run2076.root
2077,1999_vis,P,VIS,P_VIS,manual,1999_vis/run2077.root
2080,1999_vis,P,VIS,P_VIS,manual,1999_vis/run2080.root
2081,1999_vis,P,VIS,P_VIS,manual,1999_vis/run2081.root
2083,1999_vis,P,VIS,P_VIS,manual,1999_vis/run2083.root
2085,1999_vis,P,VIS,P_VIS,manual,1999_vis/run2085.root
2087,1999_vis,P,VIS,P_VIS,manual,1999_vis/run2087.root
2088,1999_vis,P,VIS,P_VIS,manual,1999_vis/run2088.root
2089,1999_vis,P,VIS,P_VIS,manual,1999_vis/run2089.root
2090,1999_vis,P,VIS,P_VIS,manual,1999_vis/run2090.root
2091,1999_vis,P,VIS,P_VIS,manual,1999_vis/run2091.root
2092,1999_vis,P,VIS,P_VIS,manual,1999_vis/run2092.root
2096,1999_vis,P,VIS,P_VIS,manual,1999_vis/run2096.root
2097,1999_vis,P,VIS,P_VIS,manual,1999_vis/run2097.root
2098,1999_vis,P,VIS,P_VIS,manual,1999_vis/run2098.root
2099,1999_vis,P,VIS,P_VIS,manual,1999_vis/run2099.root
2101,1999_vis,P,VIS,P_VIS,manual,1999_vis/run2101.root
2103,1999_vis,P,VIS,P_VIS,manual,1999_vis/run2103.root
2110,1999_vis,P,VIS,P_VIS,manual,1999_vis/run2110.root
2112,1999_vis,P,VIS,P_VIS,manual,1999_vis/run2112.root
2114,1999_vis,P,VIS,P_VIS,manual,1999_vis/run2114.root
2115,1999_vis,P,VIS,P_VIS,manual,1999_vis/run2115.root
2116,1999_vis,P,VIS,P_VIS,manual,1999_vis/run2116.root
2121,1999_vis,P,VIS,P_VIS,manual,1999_vis/run2121.root
2122,1999_vis,P,VIS,P_VIS,manual,1999_vis/run2122.root
2123,1999_vis,P,VIS,P_VIS,manual,1999_vis/run2123.root
2125,1999_vis,P,VIS,P_VIS,manual,1999_vis/run2125.root
2126,1999_vis,P,VIS,P_VIS,manual,1999_vis/run2126.root
2128,1999_vis,P,VIS,P_VIS,manual,1999_vis/run2128.root
2132,1999_vis,P,VIS,P_VIS,manual,1999_vis/run2132.root
2133,1999_vis,P,VIS,P_VIS,manual,1999_vis/run2133.root
2135,1999_vis,P,VIS,P_VIS,manual,1999_vis/run2135.root
2136,1999_vis,P,VIS,P_VIS,manual,1999_vis/run2136.root
2139,1999_vis,P,VIS,P_VIS,manual,1999_vis/run2139.root
2141,1999_vis,P,VIS,P_VIS,manual,1999_vis/run2141.root
2142,1999_vis,P,VIS,P_VIS,manual,1999_vis/run2142.root
2143,1999_vis,P,VIS,P_VIS,manual,1999_vis/run2143.root
2146,1999_vis,P,VIS,P_VIS,manual,1999_vis/run2146.root
2147,1999_vis,P,VIS,P_VIS,manual,1999_vis/run2147.root
2150,1999_vis,P,VIS,P_VIS,manual,1999_vis/run2150.root
2151,1999_vis,P,VIS,P_VIS,manual,1999_vis/run2151.root
2152,1999_vis,P,VIS,P_VIS,manual,1999_vis/run2152.root
2153,1999_vis,P,VIS,P_VIS,manual,1999_vis/run2153.root
2154,1999_vis,P,VIS,P_VIS,manual,1999_vis/run2154.root
2155,1999_vis,P,VIS,P_VIS,manual,1999_vis/run2155.root
2156,1999_vis,P,VIS,P_VIS,manual,1999_vis/run2156.root
2159,1999_d1,D,VIS,D_VIS,manual,1999_d1/run2159.root
2160,1999_d1,D,VIS,D_VIS,manual,1999_d1/run2160.root
2161,1999_d1,D,VIS,D_VIS,manual,1999_d1/run2161.root
2162,1999_d1,D,VIS,D_VIS,manual,1999_d1/run2162.root
2164,1999_d1,D,VIS,D_VIS,manual,1999_d1/run2164.root
2165,1999_d1,D,VIS,D_VIS,manual,1999_d1/run2165.root
2166,1999_d1,D,VIS,D_VIS,manual,1999_d1/run2166.root
2167,1999_d1,D,VIS,D_VIS,manual,1999_d1/run2167.root
2168,1999_d1,D,VIS,D_VIS,manual,1999_d1/run2168.root
2169,1999_d1,D,VIS,D_VIS,manual,1999_d1/run2169.root
2170,1999_d1,D,VIS,D_VIS,manual,1999_d1/run2170.root
2171,1999_d1,D,VIS,D_VIS,manual,1999_d1/run2171.root
2172,1999_d1,D,VIS,D_VIS,manual,1999_d1/run2172.root
2173,1999_d1,D,VIS,D_VIS,manual,1999_d1/run2173.root
2175,1999_d1,D,VIS,D_VIS,manual,1999_d1/run2175.root
2176,1999_d1,D,VIS,D_VIS,manual,1999_d1/run2176.root
2177,1999_d1,D,VIS,D_VIS,manual,1999_d1/run2177.root
2178,1999_d1,D,VIS,D_VIS,manual,1999_d1/run2178.root
2180,1999_d1,D,VIS,D_VIS,manual,1999_d1/run2180.root
2181,1999_d1,D,VIS,D_VIS,manual,1999_d1/run2181.root
2184,1999_d1,D,VIS,D_VIS,manual,1999_d1/run2184.root
2185,1999_d1,D,VIS,D_VIS,manual,1999_d1/run2185.root
2186,1999_d1,D,VIS,D_VIS,manual,1999_d1/run2186.root
2188,1999_d1,D,VIS,D_VIS,manual,1999_d1/run2188.root
2189,1999_d1,D,VIS,D_VIS,manual,1999_d1/run2189.root
2190,1999_d1,D,VIS,D_VIS,manual,1999_d1/run2190.root
2191,1999_d1,D,VIS,D_VIS,manual,1999_d1/run2191.root
2192,1999_d1,D,VIS,D_VIS,manual,1999_d1/run2192.root
2193,1999_d1,D,VIS,D_VIS,manual,1999_d1/run2193.root
2194,1999_d1,D,VIS,D_VIS,manual,1999_d1/run2194.root
2195,1999_d1,D,VIS,D_VIS,manual,1999_d1/run2195.root
2196,1999_d1,D,VIS,D_VIS,manual,1999_d1/run2196.root
2197,1999_d1,D,VIS,D_VIS,manual,1999_d1/run2197.root
2198,1999_d1,D,VIS,D_VIS,manual,1999_d1/run2198.root
2200,1999_d1,D,VIS,D_VIS,manual,1999_d1/run2200.root
2201,1999_d1,D,VIS,D_VIS,manual,1999_d1/run2201.root
2203,1999_d1,D,VIS,D_VIS,manual,1999_d1/run2203.root
2204,1999_d1,D,VIS,D_VIS,manual,1999_d1/run2204.root
2205,1999_d1,D,VIS,D_VIS,manual,1999_d1/run2205.root
2206,1999_d1,D,VIS,D_VIS,manual,1999_d1/run2206.root
2207,1999_d1,D,VIS,D_VIS,manual,1999_d1/run2207.root
2208,1999_d1,D,VIS,D_VIS,manual,1999_d1/run2208.root
2209,1999_d1,D,VIS,D_VIS,manual,1999_d1/run2209.root
2210,1999_d1,D,VIS,D_VIS,manual,1999_d1/run2210.root
2212,1999_d1,D,VIS,D_VIS,manual,1999_d1/run2212.root
2213,1999_d1,D,VIS,D_VIS,manual,1999_d1/run2213.root
2214,1999_d1,D,VIS,D_VIS,manual,1999_d1/run2214.root
2217,1999_d1,D,VIS,D_VIS,manual,1999_d1/run2217.root
2218,1999_d1,D,VIS,D_VIS,manual,1999_d1/run2218.root
2219,1999_d1,D,VIS,D_VIS,manual,1999_d1/run2219.root
2220,1999_d1,D,VIS,D_VIS,manual,1999_d1/run2220.root
2221,1999_d1,D,VIS,D_VIS,manual,1999_d1/run2221.root
2222,1999_d1,D,VIS,D_VIS,manual,1999_d1/run2222.root
2223,1999_d1,D,VIS,D_VIS,manual,1999_d1/run2223.root
2224,1999_d1,D,VIS,D_VIS,manual,1999_d1/run2224.root
2225,1999_d1,D,VIS,D_VIS,manual,1999_d1/run2225.root
2227,1999_d1,D,VIS,D_VIS,manual,1999_d1/run2227.root
2228,1999_d1,D,VIS,D_VIS,manual,1999_d1/run2228.root
2229,1999_d1,D,VIS,D_VIS,manual,1999_d1/run2229.root
2230,1999_d1,D,VIS,D_VIS,manual,1999_d1/run2230.root
2232,1999_d1,D,VIS,D_VIS,manual,1999_d1/run2232.root
2233,1999_d1,D,VIS,D_VIS,manual,1999_d1/run2233.root
2234,1999_d1,D,VIS,D_VIS,manual,1999_d1/run2234.root
2236,1999_d1,D,VIS,D_VIS,manual,1999_d1/run2236.root
2237,1999_d1,D,VIS,D_VIS,manual,1999_d1/run2237.root
2238,1999_d1,D,VIS,D_VIS,manual,1999_d1/run2238.root
2239,1999_d1,D,VIS,D_VIS,manual,1999_d1/run2239.root
2240,1999_d1,D,VIS,D_VIS,manual,1999_d1/run2240.root
2241,1999_d1,D,VIS,D_VIS,manual,1999_d1/run2241.root
2242,1999_d2,D,VIS,D_VIS,manual,1999_d2/run2242.root
2243,1999_d2,D,VIS,D_VIS,manual,1999_d2/run2243.root
2244,1999_d2,D,VIS,D_VIS,manual,1999_d2/run2244.root
2245,1999_d2,D,VIS,D_VIS,manual,1999_d2/run2245.root
2247,1999_d2,D,VIS,D_VIS,manual,1999_d2/run2247.root
2248,1999_d2,D,VIS,D_VIS,manual,1999_d2/run2248.root
2249,1999_d2,D,VIS,D_VIS,manual,1999_d2/run2249.root
2250,1999_d2,D,VIS,D_VIS,manual,1999_d2/run2250.root
2251,1999_d2,D,VIS,D_VIS,manual,1999_d2/run2251.root
2252,1999_d2,D,VIS,D_VIS,manual,1999_d2/run2252.root
2253,1999_d2,D,VIS,D_VIS,manual,1999_d2/run2253.root
2254,1999_d2,D,VIS,D_VIS,manual,1999_d2/run2254.root
2255,1999_d2,D,VIS,D_VIS,manual,1999_d2/run2255.root
2256,1999_d2,D,VIS,D_VIS,manual,1999_d2/run2256.root
2257,1999_d2,D,VIS,D_VIS,manual,1999_d2/run2257.root
2259,1999_d2,D,VIS,D_VIS,manual,1999_d2/run2259.root
2260,1999_d2,D,VIS,D_VIS,manual,1999_d2/run2260.root
2263,1999_d2,D,VIS,D_VIS,manual,1999_d2/run2263.root
2264,1999_d2,D,VIS,D_VIS,manual,1999_d2/run2264.root
2265,1999_d2,D,VIS,D_VIS,manual,1999_d2/run2265.root
2266,1999_d2,D,VIS,D_VIS,manual,1999_d2/run2266.root
2267,1999_d2,D,VIS,D_VIS,manual,1999_d2/run2267.root
2268,1999_d2,D,VIS,D_VIS,manual,1999_d2/run2268.root
2269,1999_d2,D,VIS,D_VIS,manual,1999_d2/run2269.root
2270,1999_d2,D,VIS,D_VIS,manual,1999_d2/run2270.root
2272,1999_d2,D,VIS,D_VIS,manual,1999_d2/run2272.root
2273,1999_d2,D,VIS,D_VIS,manual,1999_d2/run2273.root
2274,1999_d2,D,VIS,D_VIS,manual,1999_d2/run2274.root
2275,1999_d2,D,VIS,D_VIS,manual,1999_d2/run2275.root
2276,1999_d2,D,VIS,D_VIS,manual,1999_d2/run2276.root
2277,1999_d2,D,VIS,D_VIS,manual,1999_d2/run2277.root
2278,1999_d2,D,VIS,D_VIS,manual,1999_d2/run2278.root
2279,1999_d2,D,VIS,D_VIS,manual,1999_d2/run2279.root
2280,1999_d2,D,VIS,D_VIS,manual,1999_d2/run2280.root
2281,1999_d2,D,VIS,D_VIS,manual,1999_d2/run2281.root
2282,1999_d2,D,VIS,D_VIS,manual,1999_d2/run2282.root
2283,1999_d2,D,VIS,D_VIS,manual,1999_d2/run2283.root
2284,1999_d2,D,VIS,D_VIS,manual,1999_d2/run2284.root
2285,1999_d2,D,VIS,D_VIS,manual,1999_d2/run2285.root
2287,1999_d2,D,VIS,D_VIS,manual,1999_d2/run2287.root
2288,1999_d2,D,VIS,D_VIS,manual,1999_d2/run2288.root
2290,1999_d2,D,VIS,D_VIS,manual,1999_d2/run2290.root
2291,1999_d2,D,VIS,D_VIS,manual,1999_d2/run2291.root
2292,1999_d2,D,VIS,D_VIS,manual,1999_d2/run2292.root
2294,1999_d2,D,VIS,D_VIS,manual,1999_d2/run2294.root
2295,1999_d2,D,VIS,D_VIS,manual,1999_d2/run2295.root
2296,1999_d2,D,VIS,D_VIS,manual,1999_d2/run2296.root
2297,1999_d2,D,VIS,D_VIS,manual,1999_d2/run2297.root
2298,1999_d2,D,VIS,D_VIS,manual,1999_d2/run2298.root
2299,1999_d2,D,VIS,D_VIS,manual,1999_d2/run2299.root
2300,1999_d2,D,VIS,D_VIS,manual,1999_d2/run2300.root
2301,1999_d2,D,VIS,D_VIS,manual,1999_d2/run2301.root
2302,1999_d2,D,VIS,D_VIS,manual,1999_d2/run2302.root
2303,1999_d2,D,VIS,D_VIS,manual,1999_d2/run2303.root
2305,1999_d2,D,VIS,D_VIS,manual,1999_d2/run2305.root
2306,1999_d2,D,VIS,D_VIS,manual,1999_d2/run2306.root
2307,1999_d2,D,VIS,D_VIS,manual,1999_d2/run2307.root
2308,1999_d2,D,VIS,D_VIS,manual,1999_d2/run2308.root
2309,1999_d2,D,VIS,D_VIS,manual,1999_d2/run2309.root
2310,1999_d2,D,VIS,D_VIS,manual,1999_d2/run2310.root
2311,1999_d2,D,VIS,D_VIS,manual,1999_d2/run2311.root
2313,1999_d2,D,VIS,D_VIS,manual,1999_d2/run2313.root
2315,1999_d2,D,VIS,D_VIS,manual,1999_d2/run2315.root
2316,1999_d2,D,VIS,D_VIS,manual,1999_d2/run2316.root
2317,1999_d2,D,VIS,D_VIS,manual,1999_d2/run2317.root
2318,1999_d2,D,VIS,D_VIS,manual,1999_d2/run2318.root
2319,1999_d2,D,VIS,D_VIS,manual,1999_d2/run2319.root
2320,1999_d2,D,VIS,D_VIS,manual,1999_d2/run2320.root
2321,1999_d2,D,VIS,D_VIS,manual,1999_d2/run2321.root
2322,1999_d2,D,VIS,D_VIS,manual,1999_d2/run2322.root
2338,1999_d2,D,VIS,D_VIS,manual,1999_d2/run2338.root
2339,1999_d2,D,VIS,D_VIS,manual,1999_d2/run2339.root
2340,1999_d2,D,VIS,D_VIS,manual,1999_d2/run2340.root
2341,1999_d2,D,VIS,D_VIS,manual,1999_d2/run2341.root
2342,1999_d2,D,VIS,D_VIS,manual,1999_d2/run2342.root
2343,1999_d2,D,VIS,D_VIS,manual,1999_d2/run2343.root
2344,1999_d2,D,VIS,D_VIS,manual,1999_d2/run2344.root
2345,1999_d2,D,VIS,D_VIS,manual,1999_d2/run2345.root
2346,1999_d2,D,VIS,D_VIS,manual,1999_d2/run2346.root
2347,1999_d2,D,VIS,D_VIS,manual,1999_d2/run2347.root
2348,1999_d2,D,VIS,D_VIS,manual,1999_d2/run2348.root
2349,1999_d2,D,VIS,D_VIS,manual,1999_d2/run2349.root
2350,1999_d2,D,VIS,D_VIS,manual,1999_d2/run2350.root
2351,1999_d2,D,VIS,D_VIS,manual,1999_d2/run2351.root
2352,1999_d2,D,VIS,D_VIS,manual,1999_d2/run2352.root
2353,1999_d2,D,VIS,D_VIS,manual,1999_d2/run2353.root
2355,1999_d2,D,VIS,D_VIS,manual,1999_d2/run2355.root
2356,1999_d2,D,VIS,D_VIS,manual,1999_d2/run2356.root
2357,1999_d2,D,VIS,D_VIS,manual,1999_d2/run2357.root
2358,1999_d2,D,VIS,D_VIS,manual,1999_d2/run2358.root
2359,1999_d2,D,VIS,D_VIS,manual,1999_d2/run2359.root
2360,1999_d2,D,VIS,D_VIS,manual,1999_d2/run2360.root
2361,1999_d2,D,VIS,D_VIS,manual,1999_d2/run2361.root
2363,1999_d2,D,VIS,D_VIS,manual,1999_d2/run2363.root
2364,1999_d2,D,VIS,D_VIS,manual,1999_d2/run2364.root
2366,1999_d2,D,VIS,D_VIS,manual,1999_d2/run2366.root
2367,1999_d2,D,VIS,D_VIS,manual,1999_d2/run2367.root
2388,2000_uv1,P,UV,P_UV,manual,2000_uv1/run2388.root
2389,2000_uv1,P,UV,P_UV,manual,2000_uv1/run2389.root
2390,2000_uv1,P,UV,P_UV,manual,2000_uv1/run2390.root
2391,2000_uv1,P,UV,P_UV,manual,2000_uv1/run2391.root
2392,2000_uv1,P,UV,P_UV,manual,2000_uv1/run2392.root
2393,2000_uv1,P,UV,P_UV,manual,2000_uv1/run2393.root
2395,2000_uv1,P,UV,P_UV,manual,2000_uv1/run2395.root
2396,2000_uv1,P,UV,P_UV,manual,2000_uv1/run2396.root
2397,2000_uv1,P,UV,P_UV,manual,2000_uv1/run2397.root
2399,2000_uv1,P,UV,P_UV,manual,2000_uv1/run2399.root
2400,2000_uv1,P,UV,P_UV,manual,2000_uv1/run2400.root
2401,2000_uv1,P,UV,P_UV,manual,2000_uv1/run2401.root
2402,2000_uv1,P,UV,P_UV,manual,2000_uv1/run2402.root
2403,2000_uv1,P,UV,P_UV,manual,2000_uv1/run2403.root
2404,2000_uv1,P,UV,P_UV,manual,2000_uv1/run2404.root
2406,2000_uv1,P,UV,P_UV,manual,2000_uv1/run2406.root
2407,2000_uv1,P,UV,P_UV,manual,2000_uv1/run2407.root
2408,2000_uv1,P,UV,P_UV,manual,2000_uv1/run2408.root
2409,2000_uv1,P,UV,P_UV,manual,2000_uv1/run2409.root
2410,2000_uv1,P,UV,P_UV,manual,2000_uv1/run2410.root
2413,2000_uv1,P,UV,P_UV,manual,2000_uv1/run2413.root
2415,2000_uv1,P,UV,P_UV,manual,2000_uv1/run2415.root
2418,2000_uv1,P,UV,P_UV,manual,2000_uv1/run2418.root
2419,2000_uv1,P,UV,P_UV,manual,2000_uv1/run2419.root
2421,2000_uv1,P,UV,P_UV,manual,2000_uv1/run2421.root
2423,2000_uv1,P,UV,P_UV,manual,2000_uv1/run2423.root
2424,2000_uv1,P,UV,P_UV,manual,2000_uv1/run2424.root
2425,2000_uv1,P,UV,P_UV,manual,2000_uv1/run2425.root
2426,2000_uv1,P,UV,P_UV,manual,2000_uv1/run2426.root
2427,2000_uv1,P,UV,P_UV,manual,2000_uv1/run2427.root
2430,2000_uv1,P,UV,P_UV,manual,2000_uv1/run2430.root
2431,2000_uv1,P,UV,P_UV,manual,2000_uv1/run2431.root
2432,2000_uv1,P,UV,P_UV,manual,2000_uv1/run2432.root
2434,2000_uv1,P,UV,P_UV,manual,2000_uv1/run2434.root
2435,2000_uv1,P,UV,P_UV,manual,2000_uv1/run2435.root
2436,2000_uv1,P,UV,P_UV,manual,2000_uv1/run2436.root
2437,2000_uv1,P,UV,P_UV,manual,2000_uv1/run2437.root
2438,2000_uv1,P,UV,P_UV,manual,2000_uv1/run2438.root
2439,2000_uv1,P,UV,P_UV,manual,2000_uv1/run2439.root
2441,2000_uv1,P,UV,P_UV,manual,2000_uv1/run2441.root
2442,2000_uv1,P,UV,P_UV,manual,2000_uv1/run2442.root
2443,2000_uv1,P,UV,P_UV,manual,2000_uv1/run2443.root
2444,2000_uv1,P,UV,P_UV,manual,2000_uv1/run2444.root
2446,2000_uv1,P,UV,P_UV,manual,2000_uv1/run2446.root
2447,2000_uv1,P,UV,P_UV,manual,2000_uv1/run2447.root
2448,2000_uv1,P,UV,P_UV,manual,2000_uv1/run2448.root
2449,2000_uv1,P,UV,P_UV,manual,2000_uv1/run2449.root
2450,2000_uv1,P,UV,P_UV,manual,2000_uv1/run2450.root
2451,2000_uv1,P,UV,P_UV,manual,2000_uv1/run2451.root
2452,2000_uv1,P,UV,P_UV,manual,2000_uv1/run2452.root
2453,2000_uv1,P,UV,P_UV,manual,2000_uv1/run2453.root
2454,2000_uv1,P,UV,P_UV,manual,2000_uv1/run2454.root
2455,2000_uv1,P,UV,P_UV,manual,2000_uv1/run2455.root
2456,2000_uv1,P,UV,P_UV,manual,2000_uv1/run2456.root
2457,2000_uv1,P,UV,P_UV,manual,2000_uv1/run2457.root
2459,2000_uv1,P,UV,P_UV,manual,2000_uv1/run2459.root
2460,2000_uv1,P,UV,P_UV,manual,2000_uv1/run2460.root
2461,2000_uv1,P,UV,P_UV,manual,2000_uv1/run2461.root
2462,2000_uv1,P,UV,P_UV,manual,2000_uv1/run2462.root
2463,2000_uv1,P,UV,P_UV,manual,2000_uv1/run2463.root
2464,2000_uv1,P,UV,P_UV,manual,2000_uv1/run2464.root
2465,2000_uv1,P,UV,P_UV,manual,2000_uv1/run2465.root
2467,2000_uv1,P,UV,P_UV,manual,2000_uv1/run2467.root
2468,2000_uv1,P,UV,P_UV,manual,2000_uv1/run2468.root
2469,2000_uv1,P,UV,P_UV,manual,2000_uv1/run2469.root
2470,2000_uv1,P,UV,P_UV,manual,2000_uv1/run2470.root
2473,2000_uv1,P,UV,P_UV,manual,2000_uv1/run2473.root
2474,2000_uv1,P,UV,P_UV,manual,2000_uv1/run2474.root
2475,2000_uv1,P,UV,P_UV,manual,2000_uv1/run2475.root
2476,2000_uv1,P,UV,P_UV,manual,2000_uv1/run2476.root
2477,2000_uv1,P,UV,P_UV,manual,2000_uv1/run2477.root
2479,2000_uv1,P,UV,P_UV,manual,2000_uv1/run2479.root
2480,2000_uv1,P,UV,P_UV,manual,2000_uv1/run2480.root
2481,2000_uv1,P,UV,P_UV,manual,2000_uv1/run2481.root
2482,2000_uv1,P,UV,P_UV,manual,2000_uv1/run2482.root
2483,2000_uv1,P,UV,P_UV,manual,2000_uv1/run2483.root
2484,2000_uv1,P,UV,P_UV,manual,2000_uv1/run2484.root
2485,2000_uv1,P,UV,P_UV,manual,2000_uv1/run2485.root
2487,2000_uv1,P,UV,P_UV,manual,2000_uv1/run2487.root
2488,2000_uv1,P,UV,P_UV,manual,2000_uv1/run2488.root
2489,2000_uv1,P,UV,P_UV,manual,2000_uv1/run2489.root
2490,2000_uv1,P,UV,P_UV,manual,2000_uv1/run2490.root
2491,2000_uv1,P,UV,P_UV,manual,2000_uv1/run2491.root
2492,2000_uv1,P,UV,P_UV,manual,2000_uv1/run2492.root
2493,2000_uv1,P,UV,P_UV,manual,2000_uv1/run2493.root
2494,2000_uv1,P,UV,P_UV,manual,2000_uv1/run2494.root
2495,2000_uv1,P,UV,P_UV,manual,2000_uv1/run2495.root
2496,2000_uv1,P,UV,P_UV,manual,2000_uv1/run2496.root
2497,2000_uv1,P,UV,P_UV,manual,2000_uv1/run2497.root
2498,2000_uv1,P,UV,P_UV,manual,2000_uv1/run2498.root
2499,2000_uv1,P,UV,P_UV,manual,2000_uv1/run2499.root
2500,2000_uv1,P,UV,P_UV,manual,2000_uv1/run2500.root
2501,2000_uv1,P,UV,P_UV,manual,2000_uv1/run2501.root
2502,2000_uv1,P,UV,P_UV,manual,2000_uv1/run2502.root
2503,2000_uv1,P,UV,P_UV,manual,2000_uv1/run2503.root
2504,2000_uv1,P,UV,P_UV,manual,2000_uv1/run2504.root
2505,2000_uv1,P,UV,P_UV,manual,2000_uv1/run2505.root
2506,2000_uv1,P,UV,P_UV,manual,2000_uv1/run2506.root
2507,2000_uv1,P,UV,P_UV,manual,2000_uv1/run2507.root
2508,2000_uv1,P,UV,P_UV,manual,2000_uv1/run2508.root
2509,2000_uv1,P,UV,P_UV,manual,2000_uv1/run2509.root
2510,2000_uv1,P,UV,P_UV,manual,2000_uv1/run2510.root
2511,2000_uv1,P,UV,P_UV,manual,2000_uv1/run2511.root
2512,2000_uv1,P,UV,P_UV,manual,2000_uv1/run2512.root
2513,2000_uv1,P,UV,P_UV,manual,2000_uv1/run2513.root
2514,2000_uv1,P,UV,P_UV,manual,2000_uv1/run2514.root
2516,2000_uv1,P,UV,P_UV,manual,2000_uv1/run2516.root
2517,2000_uv1,P,UV,P_UV,manual,2000_uv1/run2517.root
2518,2000_uv1,P,UV,P_UV,manual,2000_uv1/run2518.root
2520,2000_uv1,P,UV,P_UV,manual,2000_uv1/run2520.root
2521,2000_uv1,P,UV,P_UV,manual,2000_uv1/run2521.root
2523,2000_uv1,P,UV,P_UV,manual,2000_uv1/run2523.root
2524,2000_uv1,P,UV,P_UV,manual,2000_uv1/run2524.root
2525,2000_uv1,P,UV,P_UV,manual,2000_uv1/run2525.root
2526,2000_uv1,P,UV,P_UV,manual,2000_uv1/run2526.root
2527,2000_uv1,P,UV,P_UV,manual,2000_uv1/run2527.root
2528,2000_uv1,P,UV,P_UV,manual,2000_uv1/run2528.root
2529,2000_uv1,P,UV,P_UV,manual,2000_uv1/run2529.root
2530,2000_uv1,P,UV,P_UV,manual,2000_uv1/run2530.root
2531,2000_uv1,P,UV,P_UV,manual,2000_uv1/run2531.root
2532,2000_uv1,P,UV,P_UV,manual,2000_uv1/run2532.root
2533,2000_uv1,P,UV,P_UV,manual,2000_uv1/run2533.root
2534,2000_uv1,P,UV,P_UV,manual,2000_uv1/run2534.root
2535,2000_uv1,P,UV,P_UV,manual,2000_uv1/run2535.root
2536,2000_uv1,P,UV,P_UV,manual,2000_uv1/run2536.root
2539,2000_uv1,P,UV,P_UV,manual,2000_uv1/run2539.root
2540,2000_uv1,P,UV,P_UV,manual,2000_uv1/run2540.root
2541,2000_uv1,P,UV,P_UV,manual,2000_uv1/run2541.root
2542,2000_uv1,P,UV,P_UV,manual,2000_uv1/run2542.root
2543,2000_uv1,P,UV,P_UV,manual,2000_uv1/run2543.root
2544,2000_uv1,P,UV,P_UV,manual,2000_uv1/run2544.root
2545,2000_uv1,P,UV,P_UV,manual,2000_uv1/run2545.root
2546,2000_uv1,P,UV,P_UV,manual,2000_uv1/run2546.root
2547,2000_uv1,P,UV,P_UV,manual,2000_uv1/run2547.root
2548,2000_uv1,P,UV,P_UV,manual,2000_uv1/run2548.root
2549,2000_uv1,P,UV,P_UV,manual,2000_uv1/run2549.root
2550,2000_uv1,P,UV,P_UV,manual,2000_uv1/run2550.root
2551,2000_uv1,P,UV,P_UV,manual,2000_uv1/run2551.root
2552,2000_uv1,P,UV,P_UV,manual,2000_uv1/run2552.root
2553,2000_uv1,P,UV,P_UV,manual,2000_uv1/run2553.root
2554,2000_uv1,P,UV,P_UV,manual,2000_uv1/run2554.root
2555,2000_uv1,P,UV,P_UV,manual,2000_uv1/run2555.root
2556,2000_uv1,P,UV,P_UV,manual,2000_uv1/run2556.root
2558,2000_uv1,P,UV,P_UV,manual,2000_uv1/run2558.root
2559,2000_uv1,P,UV,P_UV,manual,2000_uv1/run2559.root
2560,2000_uv1,P,UV,P_UV,manual,2000_uv1/run2560.root
2561,2000_uv1,P,UV,P_UV,manual,2000_uv1/run2561.root
2563,2000_uv1,P,UV,P_UV,manual,2000_uv1/run2563.root
2564,2000_uv1,P,UV,P_UV,manual,2000_uv1/run2564.root
2565,2000_uv1,P,UV,P_UV,manual,2000_uv1/run2565.root
2566,2000_uv1,P,UV,P_UV,manual,2000_uv1/run2566.root
2567,2000_uv1,P,UV,P_UV,manual,2000_uv1/run2567.root
2568,2000_uv1,P,UV,P_UV,manual,2000_uv1/run2568.root
2569,2000_uv1,P,UV,P_UV,manual,2000_uv1/run2569.root
2570,2000_uv1,P,UV,P_UV,manual,2000_uv1/run2570.root
2571,2000_uv1,P,UV,P_UV,manual,2000_uv1/run2571.root
2573,2000_uv1,P,UV,P_UV,manual,2000_uv1/run2573.root
2574,2000_uv1,P,UV,P_UV,manual,2000_uv1/run2574.root
2575,2000_uv1,P,UV,P_UV,manual,2000_uv1/run2575.root
2576,2000_uv1,P,UV,P_UV,manual,2000_uv1/run2576.root
2577,2000_uv1,P,UV,P_UV,manual,2000_uv1/run2577.root
2578,2000_uv1,P,UV,P_UV,manual,2000_uv1/run2578.root
2580,2000_uv1,P,UV,P_UV,manual,2000_uv1/run2580.root
2581,2000_uv1,P,UV,P_UV,manual,2000_uv1/run2581.root
2582,2000_uv1,P,UV,P_UV,manual,2000_uv1/run2582.root
2583,2000_uv1,P,UV,P_UV,manual,2000_uv1/run2583.root
2584,2000_uv1,P,UV,P_UV,manual,2000_uv1/run2584.root
2585,2000_uv1,P,UV,P_UV,manual,2000_uv1/run2585.root
2586,2000_uv1,P,UV,P_UV,manual,2000_uv1/run2586.root
2587,2000_uv1,P,UV,P_UV,manual,2000_uv1/run2587.root
2588,2000_uv1,P,UV,P_UV,manual,2000_uv1/run2588.root
2589,2000_uv1,P,UV,P_UV,manual,2000_uv1/run2589.root
2590,2000_uv1,P,UV,P_UV,manual,2000_uv1/run2590.root
2591,2000_uv1,P,UV,P_UV,manual,2000_uv1/run2591.root
2592,2000_uv1,P,UV,P_UV,manual,2000_uv1/run2592.root
2593,2000_uv1,P,UV,P_UV,manual,2000_uv1/run2593.root
2595,2000_uv1,P,UV,P_UV,manual,2000_uv1/run2595.root
2596,2000_uv1,P,UV,P_UV,manual,2000_uv1/run2596.root
2598,2000_uv1,P,UV,P_UV,manual,2000_uv1/run2598.root
2599,2000_uv1,P,UV,P_UV,manual,2000_uv1/run2599.root
2600,2000_uv1,P,UV,P_UV,manual,2000_uv1/run2600.root
2601,2000_uv1,P,UV,P_UV,manual,2000_uv1/run2601.root
2602,2000_uv1,P,UV,P_UV,manual,2000_uv1/run2602.root
2603,2000_uv1,P,UV,P_UV,manual,2000_uv1/run2603.root
2604,2000_uv1,P,UV,P_UV,manual,2000_uv1/run2604.root
2605,2000_uv1,P,UV,P_UV,manual,2000_uv1/run2605.root
2606,2000_uv1,P,UV,P_UV,manual,2000_uv1/run2606.root
2607,2000_uv1,P,UV,P_UV,manual,2000_uv1/run2607.root
2609,2000_uv1,P,UV,P_UV,manual,2000_uv1/run2609.root
2610,2000_uv1,P,UV,P_UV,manual,2000_uv1/run2610.root
2611,2000_uv1,P,UV,P_UV,manual,2000_uv1/run2611.root
2613,2000_uv1,P,UV,P_UV,manual,2000_uv1/run2613.root
2614,2000_uv1,P,UV,P_UV,manual,2000_uv1/run2614.root
2615,2000_uv1,P,UV,P_UV,manual,2000_uv1/run2615.root
2616,2000_uv1,P,UV,P_UV,manual,2000_uv1/run2616.root
2617,2000_uv1,P,UV,P_UV,manual,2000_uv1/run2617.root
2618,2000_uv1,P,UV,P_UV,manual,2000_uv1/run2618.root
2619,2000_uv1,P,UV,P_UV,manual,2000_uv1/run2619.root
2620,2000_uv1,P,UV,P_UV,manual,2000_uv1/run2620.root
2621,2000_uv1,P,UV,P_UV,manual,2000_uv1/run2621.root
2622,2000_uv1,P,UV,P_UV,manual,2000_uv1/run2622.root
2623,2000_uv1,P,UV,P_UV,manual,2000_uv1/run2623.root
2624,2000_uv1,P,UV,P_UV,manual,2000_uv1/run2624.root
2625,2000_uv1,P,UV,P_UV,manual,2000_uv1/run2625.root
2643,2000_fuv,P,UV,P_UV,manual,2000_fuv/run2643.root
2644,2000_fuv,P,UV,P_UV,manual,2000_fuv/run2644.root
2646,2000_fuv,P,UV,P_UV,manual,2000_fuv/run2646.root
2647,2000_fuv,P,UV,P_UV,manual,2000_fuv/run2647.root
2648,2000_fuv,P,UV,P_UV,manual,2000_fuv/run2648.root
2649,2000_fuv,P,UV,P_UV,manual,2000_fuv/run2649.root
2650,2000_fuv,P,UV,P_UV,manual,2000_fuv/run2650.root
2651,2000_fuv,P,UV,P_UV,manual,2000_fuv/run2651.root
2652,2000_fuv,P,UV,P_UV,manual,2000_fuv/run2652.root
2654,2000_fuv,P,UV,P_UV,manual,2000_fuv/run2654.root
2655,2000_fuv,P,UV,P_UV,manual,2000_fuv/run2655.root
2656,2000_fuv,P,UV,P_UV,manual,2000_fuv/run2656.root
2657,2000_fuv,P,UV,P_UV,manual,2000_fuv/run2657.root
2659,2000_fuv,P,UV,P_UV,manual,2000_fuv/run2659.root
2661,2000_fuv,P,UV,P_UV,manual,2000_fuv/run2661.root
2662,2000_fuv,P,UV,P_UV,manual,2000_fuv/run2662.root
2663,2000_fuv,P,UV,P_UV,manual,2000_fuv/run2663.root
2665,2000_fuv,P,UV,P_UV,manual,2000_fuv/run2665.root
2666,2000_fuv,P,UV,P_UV,manual,2000_fuv/run2666.root
2667,2000_fuv,P,UV,P_UV,manual,2000_fuv/run2667.root
2668,2000_fuv,P,UV,P_UV,manual,2000_fuv/run2668.root
2672,2000_fuv,P,UV,P_UV,manual,2000_fuv/run2672.root
2674,2000_fuv,P,UV,P_UV,manual,2000_fuv/run2674.root
2675,2000_fuv,P,UV,P_UV,manual,2000_fuv/run2675.root
2676,2000_fuv,P,UV,P_UV,manual,2000_fuv/run2676.root
2677,2000_fuv,P,UV,P_UV,manual,2000_fuv/run2677.root
2678,2000_fuv,P,UV,P_UV,manual,2000_fuv/run2678.root
2679,2000_fuv,P,UV,P_UV,manual,2000_fuv/run2679.root
2680,2000_fuv,P,UV,P_UV,manual,2000_fuv/run2680.root
2681,2000_fuv,P,UV,P_UV,manual,2000_fuv/run2681.root
2682,2000_fuv,P,UV,P_UV,manual,2000_fuv/run2682.root
2683,2000_fuv,P,UV,P_UV,manual,2000_fuv/run2683.root
2684,2000_fuv,P,UV,P_UV,manual,2000_fuv/run2684.root
2685,2000_fuv,P,UV,P_UV,manual,2000_fuv/run2685.root
2686,2000_fuv,P,UV,P_UV,manual,2000_fuv/run2686.root
2687,2000_fuv,P,UV,P_UV,manual,2000_fuv/run2687.root
2688,2000_fuv,P,UV,P_UV,manual,2000_fuv/run2688.root
2689,2000_fuv,P,UV,P_UV,manual,2000_fuv/run2689.root
2691,2000_fuv,P,UV,P_UV,manual,2000_fuv/run2691.root
2692,2000_fuv,P,UV,P_UV,manual,2000_fuv/run2692.root
2693,2000_fuv,P,UV,P_UV,manual,2000_fuv/run2693.root
2694,2000_fuv,P,UV,P_UV,manual,2000_fuv/run2694.root
2696,2000_fuv,P,UV,P_UV,manual,2000_fuv/run2696.root
2697,2000_fuv,P,UV,P_UV,manual,2000_fuv/run2697.root
2698,2000_fuv,P,UV,P_UV,manual,2000_fuv/run2698.root
2700,2000_fuv,P,UV,P_UV,manual,2000_fuv/run2700.root
2701,2000_fuv,P,UV,P_UV,manual,2000_fuv/run2701.root
2702,2000_fuv,P,UV,P_UV,manual,2000_fuv/run2702.root
2703,2000_fuv,P,UV,P_UV,manual,2000_fuv/run2703.root
2704,2000_fuv,P,UV,P_UV,manual,2000_fuv/run2704.root
2705,2000_fuv,P,UV,P_UV,manual,2000_fuv/run2705.root
2706,2000_fuv,P,UV,P_UV,manual,2000_fuv/run2706.root
2707,2000_fuv,P,UV,P_UV,manual,2000_fuv/run2707.root
2708,2000_fuv,P,UV,P_UV,manual,2000_fuv/run2708.root
2709,2000_fuv,P,UV,P_UV,manual,2000_fuv/run2709.root
2710,2000_fuv,P,UV,P_UV,manual,2000_fuv/run2710.root
2711,2000_fuv,P,UV,P_UV,manual,2000_fuv/run2711.root
2712,2000_fuv,P,UV,P_UV,manual,2000_fuv/run2712.root
2713,2000_fuv,P,UV,P_UV,manual,2000_fuv/run2713.root
2714,2000_fuv,P,UV,P_UV,manual,2000_fuv/run2714.root
2715,2000_fuv,P,UV,P_UV,manual,2000_fuv/run2715.root
2716,2000_fuv,P,UV,P_UV,manual,2000_fuv/run2716.root
2718,2000_fuv,P,UV,P_UV,manual,2000_fuv/run2718.root
2719,2000_fuv,P,UV,P_UV,manual,2000_fuv/run2719.root
2720,2000_fuv,P,UV,P_UV,manual,2000_fuv/run2720.root
2722,2000_fuv,P,UV,P_UV,manual,2000_fuv/run2722.root
2723,2000_fuv,P,UV,P_UV,manual,2000_fuv/run2723.root
2724,2000_fuv,P,UV,P_UV,manual,2000_fuv/run2724.root
2725,2000_fuv,P,UV,P_UV,manual,2000_fuv/run2725.root
2726,2000_fuv,P,UV,P_UV,manual,2000_fuv/run2726.root
2727,2000_fuv,P,UV,P_UV,manual,2000_fuv/run2727.root
2728,2000_fuv,P,UV,P_UV,manual,2000_fuv/run2728.root
2729,2000_fuv,P,UV,P_UV,manual,2000_fuv/run2729.root
2730,2000_fuv,P,UV,P_UV,manual,2000_fuv/run2730.root
2731,2000_fuv,P,UV,P_UV,manual,2000_fuv/run2731.root
2732,2000_fuv,P,UV,P_UV,manual,2000_fuv/run2732.root
2733,2000_fuv,P,UV,P_UV,manual,2000_fuv/run2733.root
2734,2000_fuv,P,UV,P_UV,manual,2000_fuv/run2734.root
2735,2000_fuv,P,UV,P_UV,manual,2000_fuv/run2735.root
2736,2000_fuv,P,UV,P_UV,manual,2000_fuv/run2736.root
2737,2000_fuv,P,UV,P_UV,manual,2000_fuv/run2737.root
2738,2000_fuv,P,UV,P_UV,manual,2000_fuv/run2738.root
2739,2000_fuv,P,UV,P_UV,manual,2000_fuv/run2739.root
2740,2000_fuv,P,UV,P_UV,manual,2000_fuv/run2740.root
2741,2000_fuv,P,UV,P_UV,manual,2000_fuv/run2741.root
2742,2000_fuv,P,UV,P_UV,manual,2000_fuv/run2742.root
2746,2000_fuv,P,UV,P_UV,manual,2000_fuv/run2746.root
2747,2000_fuv,P,UV,P_UV,manual,2000_fuv/run2747.root
2748,2000_fuv,P,UV,P_UV,manual,2000_fuv/run2748.root
2749,2000_fuv,P,UV,P_UV,manual,2000_fuv/run2749.root
2752,2000_fuv,P,UV,P_UV,manual,2000_fuv/run2752.root
2753,2000_fuv,P,UV,P_UV,manual,2000_fuv/run2753.root
2754,2000_fuv,P,UV,P_UV,manual,2000_fuv/run2754.root
2755,2000_fuv,P,UV,P_UV,manual,2000_fuv/run2755.root
2756,2000_fuv,P,UV,P_UV,manual,2000_fuv/run2756.root
2757,2000_fuv,P,UV,P_UV,manual,2000_fuv/run2757.root
2759,2000_fuv,P,UV,P_UV,manual,2000_fuv/run2759.root
2760,2000_fuv,P,UV,P_UV,manual,2000_fuv/run2760.root
2761,2000_fuv,P,UV,P_UV,manual,2000_fuv/run2761.root
2762,2000_fuv,P,UV,P_UV,manual,2000_fuv/run2762.root
2763,2000_fuv,P,UV,P_UV,manual,2000_fuv/run2763.root
2764,2000_fuv,P,UV,P_UV,manual,2000_fuv/run2764.root
2765,2000_fuv,P,UV,P_UV,manual,2000_fuv/run2765.root
2766,2000_fuv,P,UV,P_UV,manual,2000_fuv/run2766.root
2767,2000_fuv,P,UV,P_UV,manual,2000_fuv/run2767.root
2768,2000_fuv,P,UV,P_UV,manual,2000_fuv/run2768.root
2769,2000_fuv,P,UV,P_UV,manual,2000_fuv/run2769.root
2770,2000_fuv,P,UV,P_UV,manual,2000_fuv/run2770.root
2771,2000_fuv,P,UV,P_UV,manual,2000_fuv/run2771.root
2772,2000_fuv,P,UV,P_UV,manual,2000_fuv/run2772.root
2773,2000_fuv,P,UV,P_UV,manual,2000_fuv/run2773.root
2774,2000_fuv,P,UV,P_UV,manual,2000_fuv/run2774.root
2775,2000_fuv,P,UV,P_UV,manual,2000_fuv/run2775.root
2776,2000_fuv,P,UV,P_UV,manual,2000_fuv/run2776.root
2777,2000_fuv,P,UV,P_UV,manual,2000_fuv/run2777.root
2781,2000_fuv,P,UV,P_UV,manual,2000_fuv/run2781.root
2784,2000_fuv,P,UV,P_UV,manual,2000_fuv/run2784.root
2785,2000_fuv,P,UV,P_UV,manual,2000_fuv/run2785.root
2786,2000_fuv,P,UV,P_UV,manual,2000_fuv/run2786.root
2787,2000_fuv,P,UV,P_UV,manual,2000_fuv/run2787.root
2788,2000_fuv,P,UV,P_UV,manual,2000_fuv/run2788.root
2789,2000_fuv,P,UV,P_UV,manual,2000_fuv/run2789.root
2790,2000_fuv,P,UV,P_UV,manual,2000_fuv/run2790.root
2791,2000_fuv,P,UV,P_UV,manual,2000_fuv/run2791.root
2792,2000_fuv,P,UV,P_UV,manual,2000_fuv/run2792.root
2793,2000_fuv,P,UV,P_UV,manual,2000_fuv/run2793.root
2794,2000_fuv,P,UV,P_UV,manual,2000_fuv/run2794.root
2795,2000_fuv,P,UV,P_UV,manual,2000_fuv/run2795.root
2796,2000_fuv,P,UV,P_UV,manual,2000_fuv/run2796.root
2797,2000_fuv,P,UV,P_UV,manual,2000_fuv/run2797.root
2798,2000_fuv,P,UV,P_UV,manual,2000_fuv/run2798.root
2799,2000_fuv,P,UV,P_UV,manual,2000_fuv/run2799.root
2804,2000_fuv,P,UV,P_UV,manual,2000_fuv/run2804.root
2805,2000_fuv,P,UV,P_UV,manual,2000_fuv/run2805.root
2807,2000_fuv,P,UV,P_UV,manual,2000_fuv/run2807.root
2808,2000_fuv,P,UV,P_UV,manual,2000_fuv/run2808.root
2809,2000_fuv,P,UV,P_UV,manual,2000_fuv/run2809.root
2810,2000_fuv,P,UV,P_UV,manual,2000_fuv/run2810.root
2811,2000_fuv,P,UV,P_UV,manual,2000_fuv/run2811.root
2812,2000_fuv,P,UV,P_UV,manual,2000_fuv/run2812.root
2814,2000_fuv,P,UV,P_UV,manual,2000_fuv/run2814.root
2815,2000_fuv,P,UV,P_UV,manual,2000_fuv/run2815.root
2816,2000_fuv,P,UV,P_UV,manual,2000_fuv/run2816.root
2820,2000_fuv,P,UV,P_UV,manual,2000_fuv/run2820.root
2821,2000_fuv,P,UV,P_UV,manual,2000_fuv/run2821.root
2822,2000_fuv,P,UV,P_UV,manual,2000_fuv/run2822.root
2823,2000_fuv,P,UV,P_UV,manual,2000_fuv/run2823.root
2826,2000_vis,P,VIS,P_VIS,manual,2000_vis/run2826.root
2828,2000_vis,P,VIS,P_VIS,manual,2000_vis/run2828.root
2829,2000_vis,P,VIS,P_VIS,manual,2000_vis/run2829.root
2831,2000_vis,P,VIS,P_VIS,manual,2000_vis/run2831.root
2836,2000_vis,P,VIS,P_VIS,manual,2000_vis/run2836.root
2839,2000_vis,P,VIS,P_VIS,manual,2000_vis/run2839.root
2842,2000_vis,P,VIS,P_VIS,manual,2000_vis/run2842.root
2845,2000_vis,P,VIS,P_VIS,manual,2000_vis/run2845.root
2846,2000_vis,P,VIS,P_VIS,manual,2000_vis/run2846.root
2847,2000_vis,P,VIS,P_VIS,manual,2000_vis/run2847.root
2853,2000_vis,P,VIS,P_VIS,manual,2000_vis/run2853.root
2856,2000_vis,P,VIS,P_VIS,manual,2000_vis/run2856.root
2860,2000_vis,P,VIS,P_VIS,manual,2000_vis/run2860.root
2861,2000_vis,P,VIS,P_VIS,manual,2000_vis/run2861.root
2862,2000_vis,P,VIS,P_VIS,manual,2000_vis/run2862.root
2863,2000_vis,P,VIS,P_VIS,manual,2000_vis/run2863.root
2864,2000_vis,P,VIS,P_VIS,manual,2000_vis/run2864.root
2865,2000_vis,P,VIS,P_VIS,manual,2000_vis/run2865.root
2866,2000_vis,P,VIS,P_VIS,manual,2000_vis/run2866.root
2869,2000_vis,P,VIS,P_VIS,manual,2000_vis/run2869.root
2872,2000_vis,P,VIS,P_VIS,manual,2000_vis/run2872.root
2876,2000_vis,P,VIS,P_VIS,manual,2000_vis/run2876.root
2880,2000_vis,P,VIS,P_VIS,manual,2000_vis/run2880.root
2881,2000_vis,P,VIS,P_VIS,manual,2000_vis/run2881.root
2883,2000_vis,P,VIS,P_VIS,manual,2000_vis/run2883.root
2884,2000_vis,P,VIS,P_VIS,manual,2000_vis/run2884.root
2885,2000_vis,P,VIS,P_VIS,manual,2000_vis/run2885.root
2890,2000_vis,P,VIS,P_VIS,manual,2000_vis/run2890.root
2892,2000_vis,P,VIS,P_VIS,manual,2000_vis/run2892.root
2897,2000_vis,P,VIS,P_VIS,manual,2000_vis/run2897.root
2898,2000_vis,P,VIS,P_VIS,manual,2000_vis/run2898.root
2899,2000_vis,P,VIS,P_VIS,manual,2000_vis/run2899.root
2901,2000_vis,P,VIS,P_VIS,manual,2000_vis/run2901.root
2902,2000_vis,P,VIS,P_VIS,manual,2000_vis/run2902.root
2905,2000_vis,P,VIS,P_VIS,manual,2000_vis/run2905.root
2908,2000_vis,P,VIS,P_VIS,manual,2000_vis/run2908.root
2909,2000_vis,P,VIS,P_VIS,manual,2000_vis/run2909.root
2910,2000_vis,P,VIS,P_VIS,manual,2000_vis/run2910.root
2911,2000_vis,P,VIS,P_VIS,manual,2000_vis/run2911.root
2913,2000_vis,P,VIS,P_VIS,manual,2000_vis/run2913.root
2914,2000_vis,P,VIS,P_VIS,manual,2000_vis/run2914.root
2916,2000_vis,P,VIS,P_VIS,manual,2000_vis/run2916.root
2917,2000_vis,P,VIS,P_VIS,manual,2000_vis/run2917.root
2918,2000_vis,P,VIS,P_VIS,manual,2000_vis/run2918.root
2919,2000_vis,P,VIS,P_VIS,manual,2000_vis/run2919.root
2920,2000_vis,P,VIS,P_VIS,manual,2000_vis/run2920.root
2922,2000_vis,P,VIS,P_VIS,manual,2000_vis/run2922.root
2923,2000_vis,P,VIS,P_VIS,manual,2000_vis/run2923.root
2924,2000_vis,P,VIS,P_VIS,manual,2000_vis/run2924.root
2925,2000_vis,P,VIS,P_VIS,manual,2000_vis/run2925.root
2927,2000_vis,P,VIS,P_VIS,manual,2000_vis/run2927.root
2928,2000_vis,P,VIS,P_VIS,manual,2000_vis/run2928.root
2929,2000_vis,P,VIS,P_VIS,manual,2000_vis/run2929.root
2930,2000_vis,P,VIS,P_VIS,manual,2000_vis/run2930.root
2931,2000_vis,P,VIS,P_VIS,manual,2000_vis/run2931.root
2932,2000_vis,P,VIS,P_VIS,manual,2000_vis/run2932.root
2933,2000_vis,P,VIS,P_VIS,manual,2000_vis/run2933.root
2934,2000_vis,P,VIS,P_VIS,manual,2000_vis/run2934.root
2935,2000_vis,P,VIS,P_VIS,manual,2000_vis/run2935.root
2936,2000_vis,P,VIS,P_VIS,manual,2000_vis/run2936.root
2938,2000_vis,P,VIS,P_VIS,manual,2000_vis/run2938.root
2940,2000_vis,P,VIS,P_VIS,manual,2000_vis/run2940.root
2943,2000_vis,P,VIS,P_VIS,manual,2000_vis/run2943.root
2944,2000_vis,P,VIS,P_VIS,manual,2000_vis/run2944.root
2945,2000_vis,P,VIS,P_VIS,manual,2000_vis/run2945.root
2947,2000_vis,P,VIS,P_VIS,manual,2000_vis/run2947.root
2949,2000_vis,P,VIS,P_VIS,manual,2000_vis/run2949.root
2950,2000_vis,P,VIS,P_VIS,manual,2000_vis/run2950.root
2951,2000_vis,P,VIS,P_VIS,manual,2000_vis/run2951.root
2955,2000_vis,P,VIS,P_VIS,manual,2000_vis/run2955.root
2956,2000_vis,P,VIS,P_VIS,manual,2000_vis/run2956.root
2958,2000_vis,P,VIS,P_VIS,manual,2000_vis/run2958.root
2959,2000_vis,P,VIS,P_VIS,manual,2000_vis/run2959.root
2960,2000_vis,P,VIS,P_VIS,manual,2000_vis/run2960.root
2962,2000_vis,P,VIS,P_VIS,manual,2000_vis/run2962.root
2963,2000_vis,P,VIS,P_VIS,manual,2000_vis/run2963.root
2964,2000_vis,P,VIS,P_VIS,manual,2000_vis/run2964.root
2965,2000_vis,P,VIS,P_VIS,manual,2000_vis/run2965.root
2966,2000_vis,P,VIS,P_VIS,manual,2000_vis/run2966.root
2967,2000_vis,P,VIS,P_VIS,manual,2000_vis/run2967.root
2968,2000_vis,P,VIS,P_VIS,manual,2000_vis/run2968.root
2970,2000_vis,P,VIS,P_VIS,manual,2000_vis/run2970.root
2971,2000_vis,P,VIS,P_VIS,manual,2000_vis/run2971.root
2972,2000_vis,P,VIS,P_VIS,manual,2000_vis/run2972.root
2973,2000_vis,P,VIS,P_VIS,manual,2000_vis/run2973.root
2974,2000_vis,P,VIS,P_VIS,manual,2000_vis/run2974.root
2975,2000_vis,P,VIS,P_VIS,manual,2000_vis/run2975.root
2976,2000_vis,P,VIS,P_VIS,manual,2000_vis/run2976.root
2977,2000_vis,P,VIS,P_VIS,manual,2000_vis/run2977.root
2978,2000_vis,P,VIS,P_VIS,manual,2000_vis/run2978.root
2979,2000_vis,P,VIS,P_VIS,manual,2000_vis/run2979.root
2980,2000_vis,P,VIS,P_VIS,manual,2000_vis/run2980.root
2981,2000_vis,P,VIS,P_VIS,manual,2000_vis/run2981.root
2982,2000_vis,P,VIS,P_VIS,manual,2000_vis/run2982.root
2984,2000_vis,P,VIS,P_VIS,manual,2000_vis/run2984.root
2985,2000_vis,P,VIS,P_VIS,manual,2000_vis/run2985.root
2987,2000_vis,P,VIS,P_VIS,manual,2000_vis/run2987.root
2988,2000_vis,P,VIS,P_VIS,manual,2000_vis/run2988.root
2989,2000_vis,P,VIS,P_VIS,manual,2000_vis/run2989.root
2990,2000_vis,P,VIS,P_VIS,manual,2000_vis/run2990.root
2991,2000_vis,P,VIS,P_VIS,manual,2000_vis/run2991.root
2992,2000_vis,P,VIS,P_VIS,manual,2000_vis/run2992.root
2993,2000_vis,P,VIS,P_VIS,manual,2000_vis/run2993.root
2994,2000_vis,P,VIS,P_VIS,manual,2000_vis/run2994.root
2996,2000_vis,P,VIS,P_VIS,manual,2000_vis/run2996.root
2997,2000_vis,P,VIS,P_VIS,manual,2000_vis/run2997.root
2998,2000_vis,P,VIS,P_VIS,manual,2000_vis/run2998.root
3001,2000_vis,P,VIS,P_VIS,manual,2000_vis/run3001.root
3002,2000_vis,P,VIS,P_VIS,manual,2000_vis/run3002.root
3003,2000_vis,P,VIS,P_VIS,manual,2000_vis/run3003.root
3004,2000_vis,P,VIS,P_VIS,manual,2000_vis/run3004.root
3005,2000_vis,P,VIS,P_VIS,manual,2000_vis/run3005.root
3006,2000_vis,P,VIS,P_VIS,manual,2000_vis/run3006.root
3007,2000_vis,P,VIS,P_VIS,manual,2000_vis/run3007.root
3009,2000_vis,P,VIS,P_VIS,manual,2000_vis/run3009.root
3010,2000_vis,P,VIS,P_VIS,manual,2000_vis/run3010.root
3011,2000_vis,P,VIS,P_VIS,manual,2000_vis/run3011.root
3012,2000_vis,P,VIS,P_VIS,manual,2000_vis/run3012.root
3013,2000_vis,P,VIS,P_VIS,manual,2000_vis/run3013.root
3014,2000_vis,P,VIS,P_VIS,manual,2000_vis/run3014.root
3015,2000_vis,P,VIS,P_VIS,manual,2000_vis/run3015.root
3016,2000_vis,P,VIS,P_VIS,manual,2000_vis/run3016.root
3017,2000_vis,P,VIS,P_VIS,manual,2000_vis/run3017.root
3018,2000_vis,P,VIS,P_VIS,manual,2000_vis/run3018.root
3019,2000_vis,P,VIS,P_VIS,manual,2000_vis/run3019.root
3021,2000_vis,P,VIS,P_VIS,manual,2000_vis/run3021.root
3022,2000_vis,P,VIS,P_VIS,manual,2000_vis/run3022.root
3023,2000_vis,P,VIS,P_VIS,manual,2000_vis/run3023.root
3024,2000_vis,P,VIS,P_VIS,manual,2000_vis/run3024.root
3026,2000_uv2,P,UV,P_UV,manual,2000_uv2/run3026.root
3028,2000_uv2,P,UV,P_UV,manual,2000_uv2/run3028.root
3029,2000_uv2,P,UV,P_UV,manual,2000_uv2/run3029.root
3030,2000_uv2,P,UV,P_UV,manual,2000_uv2/run3030.root
3031,2000_uv2,P,UV,P_UV,manual,2000_uv2/run3031.root
3032,2000_uv2,P,UV,P_UV,manual,2000_uv2/run3032.root
3033,2000_uv2,P,UV,P_UV,manual,2000_uv2/run3033.root
3034,2000_uv2,P,UV,P_UV,manual,2000_uv2/run3034.root
3036,2000_uv2,P,UV,P_UV,manual,2000_uv2/run3036.root
3037,2000_uv2,P,UV,P_UV,manual,2000_uv2/run3037.root
3038,2000_uv2,P,UV,P_UV,manual,2000_uv2/run3038.root
3039,2000_uv2,P,UV,P_UV,manual,2000_uv2/run3039.root
3040,2000_uv2,P,UV,P_UV,manual,2000_uv2/run3040.root
3042,2000_uv2,P,UV,P_UV,manual,2000_uv2/run3042.root
3043,2000_uv2,P,UV,P_UV,manual,2000_uv2/run3043.root
3044,2000_uv2,P,UV,P_UV,manual,2000_uv2/run3044.root
3045,2000_uv2,P,UV,P_UV,manual,2000_uv2/run3045.root
3046,2000_uv2,P,UV,P_UV,manual,2000_uv2/run3046.root
3048,2000_uv2,P,UV,P_UV,manual,2000_uv2/run3048.root
3049,2000_uv2,P,UV,P_UV,manual,2000_uv2/run3049.root
3050,2000_uv2,P,UV,P_UV,manual,2000_uv2/run3050.root
3051,2000_uv2,P,UV,P_UV,manual,2000_uv2/run3051.root
3052,2000_uv2,P,UV,P_UV,manual,2000_uv2/run3052.root
3055,2000_uv2,P,UV,P_UV,manual,2000_uv2/run3055.root
3056,2000_uv2,P,UV,P_UV,manual,2000_uv2/run3056.root
3057,2000_uv2,P,UV,P_UV,manual,2000_uv2/run3057.root
3058,2000_uv2,P,UV,P_UV,manual,2000_uv2/run3058.root
3059,2000_uv2,P,UV,P_UV,manual,2000_uv2/run3059.root
3060,2000_uv2,P,UV,P_UV,manual,2000_uv2/run3060.root
3061,2000_uv2,P,UV,P_UV,manual,2000_uv2/run3061.root
3062,2000_uv2,P,UV,P_UV,manual,2000_uv2/run3062.root
3066,2000_uv2,P,UV,P_UV,manual,2000_uv2/run3066.root
3067,2000_uv2,P,UV,P_UV,manual,2000_uv2/run3067.root
3068,2000_uv2,P,UV,P_UV,manual,2000_uv2/run3068.root
3070,2000_uv2,P,UV,P_UV,manual,2000_uv2/run3070.root
3071,2000_uv2,P,UV,P_UV,manual,2000_uv2/run3071.root
3073,2000_uv2,P,UV,P_UV,manual,2000_uv2/run3073.root
3074,2000_uv2,P,UV,P_UV,manual,2000_uv2/run3074.root
3075,2000_uv2,P,UV,P_UV,manual,2000_uv2/run3075.root
3076,2000_uv2,P,UV,P_UV,manual,2000_uv2/run3076.root
3077,2000_uv2,P,UV,P_UV,manual,2000_uv2/run3077.root
3078,2000_uv2,P,UV,P_UV,manual,2000_uv2/run3078.root
3079,2000_uv2,P,UV,P_UV,manual,2000_uv2/run3079.root
3080,2000_uv2,P,UV,P_UV,manual,2000_uv2/run3080.root
3081,2000_uv2,P,UV,P_UV,manual,2000_uv2/run3081.root
3082,2000_uv2,P,UV,P_UV,manual,2000_uv2/run3082.root
3086,2000_uv2,P,UV,P_UV,manual,2000_uv2/run3086.root
3087,2000_uv2,P,UV,P_UV,manual,2000_uv2/run3087.root
3089,2000_uv2,P,UV,P_UV,manual,2000_uv2/run3089.root
3094,2000_uv2,P,UV,P_UV,manual,2000_uv2/run3094.root
3095,2000_uv2,P,UV,P_UV,manual,2000_uv2/run3095.root
3096,2000_uv2,P,UV,P_UV,manual,2000_uv2/run3096.root
3097,2000_uv2,P,UV,P_UV,manual,2000_uv2/run3097.root
3100,2000_uv2,P,UV,P_UV,manual,2000_uv2/run3100.root
3101,2000_uv2,P,UV,P_UV,manual,2000_uv2/run3101.root
3102,2000_uv2,P,UV,P_UV,manual,2000_uv2/run3102.root
3104,2000_uv2,P,UV,P_UV,manual,2000_uv2/run3104.root
3106,2000_uv2,P,UV,P_UV,manual,2000_uv2/run3106.root
3112,2000_uv2,P,UV,P_UV,manual,2000_uv2/run3112.root
3113,2000_uv2,P,UV,P_UV,manual,2000_uv2/run3113.root
3114,2000_uv2,P,UV,P_UV,manual,2000_uv2/run3114.root
3116,2000_uv2,P,UV,P_UV,manual,2000_uv2/run3116.root
3117,2000_uv2,P,UV,P_UV,manual,2000_uv2/run3117.root
3118,2000_uv2,P,UV,P_UV,manual,2000_uv2/run3118.root
3119,2000_uv2,P,UV,P_UV,manual,2000_uv2/run3119.root
3120,2000_uv2,P,UV,P_UV,manual,2000_uv2/run3120.root
3121,2000_uv2,P,UV,P_UV,manual,2000_uv2/run3121.root
3122,2000_uv2,P,UV,P_UV,manual,2000_uv2/run3122.root
3125,2000_uv2,P,UV,P_UV,manual,2000_uv2/run3125.root
3126,2000_uv2,P,UV,P_UV,manual,2000_uv2/run3126.root
3127,2000_uv2,P,UV,P_UV,manual,2000_uv2/run3127.root
3128,2000_uv2,P,UV,P_UV,manual,2000_uv2/run3128.root
3129,2000_uv2,P,UV,P_UV,manual,2000_uv2/run3129.root
3130,2000_uv2,P,UV,P_UV,manual,2000_uv2/run3130.root
3132,2000_uv2,P,UV,P_UV,manual,2000_uv2/run3132.root
3133,2000_uv2,P,UV,P_UV,manual,2000_uv2/run3133.root
3135,2000_uv2,P,UV,P_UV,manual,2000_uv2/run3135.root
3136,2000_uv2,P,UV,P_UV,manual,2000_uv2/run3136.root
3138,2000_uv2,P,UV,P_UV,manual,2000_uv2/run3138.root
3139,2000_uv2,P,UV,P_UV,manual,2000_uv2/run3139.root
3140,2000_uv2,P,UV,P_UV,manual,2000_uv2/run3140.root
3142,2000_uv2,P,UV,P_UV,manual,2000_uv2/run3142.root
3143,2000_uv2,P,UV,P_UV,manual,2000_uv2/run3143.root
3144,2000_uv2,P,UV,P_UV,manual,2000_uv2/run3144.root
3145,2000_uv2,P,UV,P_UV,manual,2000_uv2/run3145.root
3147,2000_uv2,P,UV,P_UV,manual,2000_uv2/run3147.root
3148,2000_uv2,P,UV,P_UV,manual,2000_uv2/run3148.root
3149,2000_uv2,P,UV,P_UV,manual,2000_uv2/run3149.root
3150,2000_uv2,P,UV,P_UV,manual,2000_uv2/run3150.root
3153,2000_uv2,P,UV,P_UV,manual,2000_uv2/run3153.root
3154,2000_uv2,P,UV,P_UV,manual,2000_uv2/run3154.root
3155,2000_uv2,P,UV,P_UV,manual,2000_uv2/run3155.root
3157,2000_uv2,P,UV,P_UV,manual,2000_uv2/run3157.root
3158,2000_uv2,P,UV,P_UV,manual,2000_uv2/run3158.root
3159,2000_uv2,P,UV,P_UV,manual,2000_uv2/run3159.root
3160,2000_uv2,P,UV,P_UV,manual,2000_uv2/run3160.root
3161,2000_uv2,P,UV,P_UV,manual,2000_uv2/run3161.root
3162,2000_uv2,P,UV,P_UV,manual,2000_uv2/run3162.root
3164,2000_uv2,P,UV,P_UV,manual,2000_uv2/run3164.root
3165,2000_uv2,P,UV,P_UV,manual,2000_uv2/run3165.root
3166,2000_uv2,P,UV,P_UV,manual,2000_uv2/run3166.root
3167,2000_uv2,P,UV,P_UV,manual,2000_uv2/run3167.root
3174,2001_uv,P,UV,P_UV,manual,2001_uv/run3174.root
3175,2001_uv,P,UV,P_UV,manual,2001_uv/run3175.root
3177,2001_uv,P,UV,P_UV,manual,2001_uv/run3177.root
3180,2001_uv,P,UV,P_UV,manual,2001_uv/run3180.root
3181,2001_uv,P,UV,P_UV,manual,2001_uv/run3181.root
3182,2001_uv,P,UV,P_UV,manual,2001_uv/run3182.root
3183,2001_uv,P,UV,P_UV,manual,2001_uv/run3183.root
3184,2001_uv,P,UV,P_UV,manual,2001_uv/run3184.root
3185,2001_uv,P,UV,P_UV,manual,2001_uv/run3185.root
3186,2001_uv,P,UV,P_UV,manual,2001_uv/run3186.root
3188,2001_uv,P,UV,P_UV,manual,2001_uv/run3188.root
3189,2001_uv,P,UV,P_UV,manual,2001_uv/run3189.root
3190,2001_uv,P,UV,P_UV,manual,2001_uv/run3190.root
3191,2001_uv,P,UV,P_UV,manual,2001_uv/run3191.root
3192,2001_uv,P,UV,P_UV,manual,2001_uv/run3192.root
3193,2001_uv,P,UV,P_UV,manual,2001_uv/run3193.root
3194,2001_uv,P,UV,P_UV,manual,2001_uv/run3194.root
3195,2001_uv,P,UV,P_UV,manual,2001_uv/run3195.root
3196,2001_uv,P,UV,P_UV,manual,2001_uv/run3196.root
3197,2001_uv,P,UV,P_UV,manual,2001_uv/run3197.root
3198,2001_uv,P,UV,P_UV,manual,2001_uv/run3198.root
3199,2001_uv,P,UV,P_UV,manual,2001_uv/run3199.root
3200,2001_uv,P,UV,P_UV,manual,2001_uv/run3200.root
3201,2001_uv,P,UV,P_UV,manual,2001_uv/run3201.root
3202,2001_uv,P,UV,P_UV,manual,2001_uv/run3202.root
3205,2001_uv,P,UV,P_UV,manual,2001_uv/run3205.root
3206,2001_uv,P,UV,P_UV,manual,2001_uv/run3206.root
3208,2001_uv,P,UV,P_UV,manual,2001_uv/run3208.root
3209,2001_uv,P,UV,P_UV,manual,2001_uv/run3209.root
3210,2001_uv,P,UV,P_UV,manual,2001_uv/run3210.root
3211,2001_uv,P,UV,P_UV,manual,2001_uv/run3211.root
3212,2001_uv,P,UV,P_UV,manual,2001_uv/run3212.root
3213,2001_uv,P,UV,P_UV,manual,2001_uv/run3213.root
3214,2001_uv,P,UV,P_UV,manual,2001_uv/run3214.root
3215,2001_uv,P,UV,P_UV,manual,2001_uv/run3215.root
3216,2001_uv,P,UV,P_UV,manual,2001_uv/run3216.root
3217,2001_uv,P,UV,P_UV,manual,2001_uv/run3217.root
3218,2001_uv,P,UV,P_UV,manual,2001_uv/run3218.root
3219,2001_uv,P,UV,P_UV,manual,2001_uv/run3219.root
3220,2001_uv,P,UV,P_UV,manual,2001_uv/run3220.root
3221,2001_uv,P,UV,P_UV,manual,2001_uv/run3221.root
3222,2001_uv,P,UV,P_UV,manual,2001_uv/run3222.root
3223,2001_uv,P,UV,P_UV,manual,2001_uv/run3223.root
3224,2001_uv,P,UV,P_UV,manual,2001_uv/run3224.root
3225,2001_uv,P,UV,P_UV,manual,2001_uv/run3225.root
3227,2001_uv,P,UV,P_UV,manual,2001_uv/run3227.root
3229,2001_uv,P,UV,P_UV,manual,2001_uv/run3229.root
3230,2001_uv,P,UV,P_UV,manual,2001_uv/run3230.root
3231,2001_uv,P,UV,P_UV,manual,2001_uv/run3231.root
3233,2001_uv,P,UV,P_UV,manual,2001_uv/run3233.root
3235,2001_uv,P,UV,P_UV,manual,2001_uv/run3235.root
3236,2001_uv,P,UV,P_UV,manual,2001_uv/run3236.root
3237,2001_uv,P,UV,P_UV,manual,2001_uv/run3237.root
3238,2001_uv,P,UV,P_UV,manual,2001_uv/run3238.root
3239,2001_uv,P,UV,P_UV,manual,2001_uv/run3239.root
3240,2001_uv,P,UV,P_UV,manual,2001_uv/run3240.root
3241,2001_uv,P,UV,P_UV,manual,2001_uv/run3241.root
3242,2001_uv,P,UV,P_UV,manual,2001_uv/run3242.root
3243,2001_uv,P,UV,P_UV,manual,2001_uv/run3243.root
3244,2001_uv,P,UV,P_UV,manual,2001_uv/run3244.root
3245,2001_uv,P,UV,P_UV,manual,2001_uv/run3245.root
3246,2001_uv,P,UV,P_UV,manual,2001_uv/run3246.root
3247,2001_uv,P,UV,P_UV,manual,2001_uv/run3247.root
3248,2001_uv,P,UV,P_UV,manual,2001_uv/run3248.root
3249,2001_uv,P,UV,P_UV,manual,2001_uv/run3249.root
3250,2001_uv,P,UV,P_UV,manual,2001_uv/run3250.root
3251,2001_uv,P,UV,P_UV,manual,2001_uv/run3251.root
3252,2001_uv,P,UV,P_UV,manual,2001_uv/run3252.root
3253,2001_uv,P,UV,P_UV,manual,2001_uv/run3253.root
3254,2001_uv,P,UV,P_UV,manual,2001_uv/run3254.root
3255,2001_uv,P,UV,P_UV,manual,2001_uv/run3255.root
3256,2001_uv,P,UV,P_UV,manual,2001_uv/run3256.root
3257,2001_uv,P,UV,P_UV,manual,2001_uv/run3257.root
3258,2001_uv,P,UV,P_UV,manual,2001_uv/run3258.root
3259,2001_uv,P,UV,P_UV,manual,2001_uv/run3259.root
3261,2001_uv,P,UV,P_UV,manual,2001_uv/run3261.root
3262,2001_uv,P,UV,P_UV,manual,2001_uv/run3262.root
3263,2001_uv,P,UV,P_UV,manual,2001_uv/run3263.root
3264,2001_uv,P,UV,P_UV,manual,2001_uv/run3264.root
3265,2001_uv,P,UV,P_UV,manual,2001_uv/run3265.root
3266,2001_uv,P,UV,P_UV,manual,2001_uv/run3266.root
3267,2001_uv,P,UV,P_UV,manual,2001_uv/run3267.root
3268,2001_uv,P,UV,P_UV,manual,2001_uv/run3268.root
3269,2001_uv,P,UV,P_UV,manual,2001_uv/run3269.root
3270,2001_uv,P,UV,P_UV,manual,2001_uv/run3270.root
3271,2001_uv,P,UV,P_UV,manual,2001_uv/run3271.root
3273,2001_uv,P,UV,P_UV,manual,2001_uv/run3273.root
3274,2001_uv,P,UV,P_UV,manual,2001_uv/run3274.root
3275,2001_uv,P,UV,P_UV,manual,2001_uv/run3275.root
3283,2001_uv,P,UV,P_UV,manual,2001_uv/run3283.root
3285,2001_uv,P,UV,P_UV,manual,2001_uv/run3285.root
3286,2001_uv,P,UV,P_UV,manual,2001_uv/run3286.root
3287,2001_uv,P,UV,P_UV,manual,2001_uv/run3287.root
3288,2001_uv,P,UV,P_UV,manual,2001_uv/run3288.root
3289,2001_uv,P,UV,P_UV,manual,2001_uv/run3289.root
3290,2001_uv,P,UV,P_UV,manual,2001_uv/run3290.root
3292,2001_uv,P,UV,P_UV,manual,2001_uv/run3292.root
3293,2001_uv,P,UV,P_UV,manual,2001_uv/run3293.root
3294,2001_uv,P,UV,P_UV,manual,2001_uv/run3294.root
3295,2001_uv,P,UV,P_UV,manual,2001_uv/run3295.root
3296,2001_uv,P,UV,P_UV,manual,2001_uv/run3296.root
3297,2001_uv,P,UV,P_UV,manual,2001_uv/run3297.root
3298,2001_uv,P,UV,P_UV,manual,2001_uv/run3298.root
3299,2001_uv,P,UV,P_UV,manual,2001_uv/run3299.root
3300,2001_uv,P,UV,P_UV,manual,2001_uv/run3300.root
3302,2001_uv,P,UV,P_UV,manual,2001_uv/run3302.root
3303,2001_uv,P,UV,P_UV,manual,2001_uv/run3303.root
3304,2001_uv,P,UV,P_UV,manual,2001_uv/run3304.root
3305,2001_uv,P,UV,P_UV,manual,2001_uv/run3305.root
3306,2001_uv,P,UV,P_UV,manual,2001_uv/run3306.root
3307,2001_uv,P,UV,P_UV,manual,2001_uv/run3307.root
3308,2001_uv,P,UV,P_UV,manual,2001_uv/run3308.root
3309,2001_uv,P,UV,P_UV,manual,2001_uv/run3309.root
3310,2001_uv,P,UV,P_UV,manual,2001_uv/run3310.root
3311,2001_uv,P,UV,P_UV,manual,2001_uv/run3311.root
3312,2001_uv,P,UV,P_UV,manual,2001_uv/run3312.root
3313,2001_uv,P,UV,P_UV,manual,2001_uv/run3313.root
3314,2001_uv,P,UV,P_UV,manual,2001_uv/run3314.root
3315,2001_uv,P,UV,P_UV,manual,2001_uv/run3315.root
3316,2001_uv,P,UV,P_UV,manual,2001_uv/run3316.root
3317,2001_uv,P,UV,P_UV,manual,2001_uv/run3317.root
3318,2001_uv,P,UV,P_UV,manual,2001_uv/run3318.root
3319,2001_uv,P,UV,P_UV,manual,2001_uv/run3319.root
3320,2001_uv,P,UV,P_UV,manual,2001_uv/run3320.root
3321,2001_uv,P,UV,P_UV,manual,2001_uv/run3321.root
3322,2001_uv,P,UV,P_UV,manual,2001_uv/run3322.root
3323,2001_uv,P,UV,P_UV,manual,2001_uv/run3323.root
3324,2001_uv,P,UV,P_UV,manual,2001_uv/run3324.root
3325,2001_uv,P,UV,P_UV,manual,2001_uv/run3325.root
3327,2001_uv,P,UV,P_UV,manual,2001_uv/run3327.root
3328,2001_uv,P,UV,P_UV,manual,2001_uv/run3328.root
3329,2001_uv,P,UV,P_UV,manual,2001_uv/run3329.root
3331,2001_uv,P,UV,P_UV,manual,2001_uv/run3331.root
3332,2001_uv,P,UV,P_UV,manual,2001_uv/run3332.root
3334,2001_uv,P,UV,P_UV,manual,2001_uv/run3334.root
3337,2001_uv,P,UV,P_UV,manual,2001_uv/run3337.root
3338,2001_uv,P,UV,P_UV,manual,2001_uv/run3338.root
3344,2001_d,D,VIS,D_VIS,manual,2001_d/run3344.root
3346,2001_d,D,VIS,D_VIS,manual,2001_d/run3346.root
3349,2001_d,D,VIS,D_VIS,manual,2001_d/run3349.root
3350,2001_d,D,VIS,D_VIS,manual,2001_d/run3350.root
3351,2001_d,D,VIS,D_VIS,manual,2001_d/run3351.root
3352,2001_d,D,VIS,D_VIS,manual,2001_d/run3352.root
3353,2001_d,D,VIS,D_VIS,manual,2001_d/run3353.root
3356,2001_d,D,VIS,D_VIS,manual,2001_d/run3356.root
3359,2001_d,D,VIS,D_VIS,manual,2001_d/run3359.root
3360,2001_d,D,VIS,D_VIS,manual,2001_d/run3360.root
3361,2001_d,D,VIS,D_VIS,manual,2001_d/run3361.root
3363,2001_d,D,VIS,D_VIS,manual,2001_d/run3363.root
3365,2001_d,D,VIS,D_VIS,manual,2001_d/run3365.root
3366,2001_d,D,VIS,D_VIS,manual,2001_d/run3366.root
3367,2001_d,D,VIS,D_VIS,manual,2001_d/run3367.root
3369,2001_d,D,VIS,D_VIS,manual,2001_d/run3369.root
3370,2001_d,D,VIS,D_VIS,manual,2001_d/run3370.root
3372,2001_d,D,VIS,D_VIS,manual,2001_d/run3372.root
3373,2001_d,D,VIS,D_VIS,manual,2001_d/run3373.root
3374,2001_d,D,VIS,D_VIS,manual,2001_d/run3374.root
3375,2001_d,D,VIS,D_VIS,manual,2001_d/run3375.root
3377,2001_d,D,VIS,D_VIS,manual,2001_d/run3377.root
3378,2001_d,D,VIS,D_VIS,manual,2001_d/run3378.root
3379,2001_d,D,VIS,D_VIS,manual,2001_d/run3379.root
3380,2001_d,D,VIS,D_VIS,manual,2001_d/run3380.root
3381,2001_d,D,VIS,D_VIS,manual,2001_d/run3381.root
3382,2001_d,D,VIS,D_VIS,manual,2001_d/run3382.root
3383,2001_d,D,VIS,D_VIS,manual,2001_d/run3383.root
3384,2001_d,D,VIS,D_VIS,manual,2001_d/run3384.root
3385,2001_d,D,VIS,D_VIS,manual,2001_d/run3385.root
3386,2001_d,D,VIS,D_VIS,manual,2001_d/run3386.root
3387,2001_d,D,VIS,D_VIS,manual,2001_d/run3387.root
3388,2001_d,D,VIS,D_VIS,manual,2001_d/run3388.root
3389,2001_d,D,VIS,D_VIS,manual,2001_d/run3389.root
3390,2001_d,D,VIS,D_VIS,manual,2001_d/run3390.root
3391,2001_d,D,VIS,D_VIS,manual,2001_d/run3391.root
3392,2001_d,D,VIS,D_VIS,manual,2001_d/run3392.root
3394,2001_d,D,VIS,D_VIS,manual,2001_d/run3394.root
3395,2001_d,D,VIS,D_VIS,manual,2001_d/run3395.root
3396,2001_d,D,VIS,D_VIS,manual,2001_d/run3396.root
3397,2001_d,D,VIS,D_VIS,manual,2001_d/run3397.root
3398,2001_d,D,VIS,D_VIS,manual,2001_d/run3398.root
3399,2001_d,D,VIS,D_VIS,manual,2001_d/run3399.root
3400,2001_d,D,VIS,D_VIS,manual,2001_d/run3400.root
3401,2001_d,D,VIS,D_VIS,manual,2001_d/run3401.root
3402,2001_d,D,VIS,D_VIS,manual,2001_d/run3402.root
3405,2001_d,D,VIS,D_VIS,manual,2001_d/run3405.root
3407,2001_d,D,VIS,D_VIS,manual,2001_d/run3407.root
3409,2001_d,D,VIS,D_VIS,manual,2001_d/run3409.root
3412,2001_d,D,VIS,D_VIS,manual,2001_d/run3412.root
3413,2001_d,D,VIS,D_VIS,manual,2001_d/run3413.root
3414,2001_d,D,VIS,D_VIS,manual,2001_d/run3414.root
3415,2001_d,D,VIS,D_VIS,manual,2001_d/run3415.root
3416,2001_d,D,VIS,D_VIS,manual,2001_d/run3416.root
3417,2001_d,D,VIS,D_VIS,manual,2001_d/run3417.root
3418,2001_d,D,VIS,D_VIS,manual,2001_d/run3418.root
3419,2001_d,D,VIS,D_VIS,manual,2001_d/run3419.root
3420,2001_d,D,VIS,D_VIS,manual,2001_d/run3420.root
3423,2001_d,D,VIS,D_VIS,manual,2001_d/run3423.root
3424,2001_d,D,VIS,D_VIS,manual,2001_d/run3424.root
3425,2001_d,D,VIS,D_VIS,manual,2001_d/run3425.root
3426,2001_d,D,VIS,D_VIS,manual,2001_d/run3426.root
3427,2001_d,D,VIS,D_VIS,manual,2001_d/run3427.root
3428,2001_d,D,VIS,D_VIS,manual,2001_d/run3428.root
3429,2001_d,D,VIS,D_VIS,manual,2001_d/run3429.root
3430,2001_d,D,VIS,D_VIS,manual,2001_d/run3430.root
3432,2001_d,D,VIS,D_VIS,manual,2001_d/run3432.root
3433,2001_d,D,VIS,D_VIS,manual,2001_d/run3433.root
3434,2001_d,D,VIS,D_VIS,manual,2001_d/run3434.root
3435,2001_d,D,VIS,D_VIS,manual,2001_d/run3435.root
3436,2001_d,D,VIS,D_VIS,manual,2001_d/run3436.root
3439,2001_d,D,VIS,D_VIS,manual,2001_d/run3439.root
3440,2001_d,D,VIS,D_VIS,manual,2001_d/run3440.root
3441,2001_d,D,VIS,D_VIS,manual,2001_d/run3441.root
3442,2001_d,D,VIS,D_VIS,manual,2001_d/run3442.root
3443,2001_d,D,VIS,D_VIS,manual,2001_d/run3443.root
3445,2001_d,D,VIS,D_VIS,manual,2001_d/run3445.root
3446,2001_d,D,VIS,D_VIS,manual,2001_d/run3446.root
3447,2001_d,D,VIS,D_VIS,manual,2001_d/run3447.root
3448,2001_d,D,VIS,D_VIS,manual,2001_d/run3448.root
3451,2001_d,D,VIS,D_VIS,manual,2001_d/run3451.root
3452,2001_d,D,VIS,D_VIS,manual,2001_d/run3452.root
3453,2001_d,D,VIS,D_VIS,manual,2001_d/run3453.root
3454,2001_d,D,VIS,D_VIS,manual,2001_d/run3454.root
3455,2001_d,D,VIS,D_VIS,manual,2001_d/run3455.root
3456,2001_d,D,VIS,D_VIS,manual,2001_d/run3456.root
3458,2001_d,D,VIS,D_VIS,manual,2001_d/run3458.root
3460,2001_d,D,VIS,D_VIS,manual,2001_d/run3460.root
3461,2001_d,D,VIS,D_VIS,manual,2001_d/run3461.root
3464,2001_d,D,VIS,D_VIS,manual,2001_d/run3464.root
3465,2001_d,D,VIS,D_VIS,manual,2001_d/run3465.root
3467,2001_d,D,VIS,D_VIS,manual,2001_d/run3467.root
3468,2001_d,D,VIS,D_VIS,manual,2001_d/run3468.root
3469,2001_d,D,VIS,D_VIS,manual,2001_d/run3469.root
3470,2001_d,D,VIS,D_VIS,manual,2001_d/run3470.root
3471,2001_d,D,VIS,D_VIS,manual,2001_d/run3471.root
3475,2001_d,D,VIS,D_VIS,manual,2001_d/run3475.root
3478,2001_d,D,VIS,D_VIS,manual,2001_d/run3478.root
3479,2001_d,D,VIS,D_VIS,manual,2001_d/run3479.root
3480,2001_d,D,VIS,D_VIS,manual,2001_d/run3480.root
3481,2001_d,D,VIS,D_VIS,manual,2001_d/run3481.root
3484,2001_d,D,VIS,D_VIS,manual,2001_d/run3484.root
3485,2001_d,D,VIS,D_VIS,manual,2001_d/run3485.root
3486,2001_d,D,VIS,D_VIS,manual,2001_d/run3486.root
3487,2001_d,D,VIS,D_VIS,manual,2001_d/run3487.root
3489,2001_d,D,VIS,D_VIS,manual,2001_d/run3489.root
3490,2001_d,D,VIS,D_VIS,manual,2001_d/run3490.root
3491,2001_d,D,VIS,D_VIS,manual,2001_d/run3491.root
3492,2001_d,D,VIS,D_VIS,manual,2001_d/run3492.root
3493,2001_d,D,VIS,D_VIS,manual,2001_d/run3493.root
3494,2001_d,D,VIS,D_VIS,manual,2001_d/run3494.root
3495,2002_vis1,P,VIS,P_VIS,manual,2002_vis1/run3495.root
3496,2002_vis1,P,VIS,P_VIS,manual,2002_vis1/run3496.root
3497,2002_vis1,P,VIS,P_VIS,manual,2002_vis1/run3497.root
3498,2002_vis1,P,VIS,P_VIS,manual,2002_vis1/run3498.root
3499,2002_vis1,P,VIS,P_VIS,manual,2002_vis1/run3499.root
3500,2002_vis1,P,VIS,P_VIS,manual,2002_vis1/run3500.root
3501,2002_vis1,P,VIS,P_VIS,manual,2002_vis1/run3501.root
3505,2002_vis1,P,VIS,P_VIS,manual,2002_vis1/run3505.root
3506,2002_vis1,P,VIS,P_VIS,manual,2002_vis1/run3506.root
3509,2002_vis1,P,VIS,P_VIS,manual,2002_vis1/run3509.root
3510,2002_vis1,P,VIS,P_VIS,manual,2002_vis1/run3510.root
3511,2002_vis1,P,VIS,P_VIS,manual,2002_vis1/run3511.root
3512,2002_vis1,P,VIS,P_VIS,manual,2002_vis1/run3512.root
3515,2002_vis1,P,VIS,P_VIS,manual,2002_vis1/run3515.root
3516,2002_vis1,P,VIS,P_VIS,manual,2002_vis1/run3516.root
3517,2002_vis1,P,VIS,P_VIS,manual,2002_vis1/run3517.root
3518,2002_vis1,P,VIS,P_VIS,manual,2002_vis1/run3518.root
3519,2002_vis1,P,VIS,P_VIS,manual,2002_vis1/run3519.root
3520,2002_vis1,P,VIS,P_VIS,manual,2002_vis1/run3520.root
3521,2002_vis1,P,VIS,P_VIS,manual,2002_vis1/run3521.root
3522,2002_vis1,P,VIS,P_VIS,manual,2002_vis1/run3522.root
3526,2002_vis1,P,VIS,P_VIS,manual,2002_vis1/run3526.root
3527,2002_vis1,P,VIS,P_VIS,manual,2002_vis1/run3527.root
3528,2002_vis1,P,VIS,P_VIS,manual,2002_vis1/run3528.root
3529,2002_vis1,P,VIS,P_VIS,manual,2002_vis1/run3529.root
3530,2002_vis1,P,VIS,P_VIS,manual,2002_vis1/run3530.root
3531,2002_vis1,P,VIS,P_VIS,manual,2002_vis1/run3531.root
3533,2002_vis1,P,VIS,P_VIS,manual,2002_vis1/run3533.root
3534,2002_vis1,P,VIS,P_VIS,manual,2002_vis1/run3534.root
3535,2002_vis1,P,VIS,P_VIS,manual,2002_vis1/run3535.root
3537,2002_vis1,P,VIS,P_VIS,manual,2002_vis1/run3537.root
3538,2002_vis1,P,VIS,P_VIS,manual,2002_vis1/run3538.root
3539,2002_vis1,P,VIS,P_VIS,manual,2002_vis1/run3539.root
3541,2002_vis1,P,VIS,P_VIS,manual,2002_vis1/run3541.root
3542,2002_vis1,P,VIS,P_VIS,manual,2002_vis1/run3542.root
3543,2002_vis1,P,VIS,P_VIS,manual,2002_vis1/run3543.root
3545,2002_vis1,P,VIS,P_VIS,manual,2002_vis1/run3545.root
3547,2002_vis1,P,VIS,P_VIS,manual,2002_vis1/run3547.root
3548,2002_vis1,P,VIS,P_VIS,manual,2002_vis1/run3548.root
3549,2002_vis1,P,VIS,P_VIS,manual,2002_vis1/run3549.root
3550,2002_vis1,P,VIS,P_VIS,manual,2002_vis1/run3550.root
3551,2002_vis1,P,VIS,P_VIS,manual,2002_vis1/run3551.root
3552,2002_vis1,P,VIS,P_VIS,manual,2002_vis1/run3552.root
3553,2002_vis1,P,VIS,P_VIS,manual,2002_vis1/run3553.root
3554,2002_vis1,P,VIS,P_VIS,manual,2002_vis1/run3554.root
3555,2002_vis1,P,VIS,P_VIS,manual,2002_vis1/run3555.root
3557,2002_vis1,P,VIS,P_VIS,manual,2002_vis1/run3557.root
3558,2002_vis1,P,VIS,P_VIS,manual,2002_vis1/run3558.root
3559,2002_vis1,P,VIS,P_VIS,manual,2002_vis1/run3559.root
3560,2002_vis1,P,VIS,P_VIS,manual,2002_vis1/run3560.root
3561,2002_vis1,P,VIS,P_VIS,manual,2002_vis1/run3561.root
3562,2002_vis1,P,VIS,P_VIS,manual,2002_vis1/run3562.root
3563,2002_vis1,P,VIS,P_VIS,manual,2002_vis1/run3563.root
3564,2002_vis1,P,VIS,P_VIS,manual,2002_vis1/run3564.root
3565,2002_vis1,P,VIS,P_VIS,manual,2002_vis1/run3565.root
3566,2002_vis1,P,VIS,P_VIS,manual,2002_vis1/run3566.root
3567,2002_vis1,P,VIS,P_VIS,manual,2002_vis1/run3567.root
3568,2002_vis1,P,VIS,P_VIS,manual,2002_vis1/run3568.root
3569,2002_vis1,P,VIS,P_VIS,manual,2002_vis1/run3569.root
3570,2002_vis1,P,VIS,P_VIS,manual,2002_vis1/run3570.root
3571,2002_vis1,P,VIS,P_VIS,manual,2002_vis1/run3571.root
3573,2002_vis1,P,VIS,P_VIS,manual,2002_vis1/run3573.root
3574,2002_vis1,P,VIS,P_VIS,manual,2002_vis1/run3574.root
3575,2002_vis1,P,VIS,P_VIS,manual,2002_vis1/run3575.root
3576,2002_vis1,P,VIS,P_VIS,manual,2002_vis1/run3576.root
3577,2002_vis1,P,VIS,P_VIS,manual,2002_vis1/run3577.root
3582,2002_vis1,P,VIS,P_VIS,manual,2002_vis1/run3582.root
3583,2002_vis1,P,VIS,P_VIS,manual,2002_vis1/run3583.root
3584,2002_vis1,P,VIS,P_VIS,manual,2002_vis1/run3584.root
3585,2002_vis1,P,VIS,P_VIS,manual,2002_vis1/run3585.root
3587,2002_vis1,P,VIS,P_VIS,manual,2002_vis1/run3587.root
3589,2002_vis1,P,VIS,P_VIS,manual,2002_vis1/run3589.root
3595,2002_vis1,P,VIS,P_VIS,manual,2002_vis1/run3595.root
3596,2002_vis1,P,VIS,P_VIS,manual,2002_vis1/run3596.root
3599,2002_vis1,P,VIS,P_VIS,manual,2002_vis1/run3599.root
3600,2002_vis1,P,VIS,P_VIS,manual,2002_vis1/run3600.root
3601,2002_vis1,P,VIS,P_VIS,manual,2002_vis1/run3601.root
3604,2002_vis1,P,VIS,P_VIS,manual,2002_vis1/run3604.root
3606,2002_vis1,P,VIS,P_VIS,manual,2002_vis1/run3606.root
3609,2002_vis1,P,VIS,P_VIS,manual,2002_vis1/run3609.root
3610,2002_vis1,P,VIS,P_VIS,manual,2002_vis1/run3610.root
3613,2002_vis1,P,VIS,P_VIS,manual,2002_vis1/run3613.root
3614,2002_vis1,P,VIS,P_VIS,manual,2002_vis1/run3614.root
3615,2002_vis1,P,VIS,P_VIS,manual,2002_vis1/run3615.root
3616,2002_vis1,P,VIS,P_VIS,manual,2002_vis1/run3616.root
3617,2002_vis1,P,VIS,P_VIS,manual,2002_vis1/run3617.root
3618,2002_vis1,P,VIS,P_VIS,manual,2002_vis1/run3618.root
3619,2002_vis1,P,VIS,P_VIS,manual,2002_vis1/run3619.root
3622,2002_vis1,P,VIS,P_VIS,manual,2002_vis1/run3622.root
3623,2002_vis1,P,VIS,P_VIS,manual,2002_vis1/run3623.root
3624,2002_vis1,P,VIS,P_VIS,manual,2002_vis1/run3624.root
3625,2002_vis1,P,VIS,P_VIS,manual,2002_vis1/run3625.root
3626,2002_vis1,P,VIS,P_VIS,manual,2002_vis1/run3626.root
3628,2002_vis1,P,VIS,P_VIS,manual,2002_vis1/run3628.root
3629,2002_uv1,P,UV,P_UV,manual,2002_uv1/run3629.root
3630,2002_uv1,P,UV,P_UV,manual,2002_uv1/run3630.root
3631,2002_uv1,P,UV,P_UV,manual,2002_uv1/run3631.root
3632,2002_uv1,P,UV,P_UV,manual,2002_uv1/run3632.root
3634,2002_uv1,P,UV,P_UV,manual,2002_uv1/run3634.root
3635,2002_uv1,P,UV,P_UV,manual,2002_uv1/run3635.root
3636,2002_uv1,P,UV,P_UV,manual,2002_uv1/run3636.root
3637,2002_uv1,P,UV,P_UV,manual,2002_uv1/run3637.root
3638,2002_uv1,P,UV,P_UV,manual,2002_uv1/run3638.root
3639,2002_uv1,P,UV,P_UV,manual,2002_uv1/run3639.root
3640,2002_uv1,P,UV,P_UV,manual,2002_uv1/run3640.root
3641,2002_uv1,P,UV,P_UV,manual,2002_uv1/run3641.root
3642,2002_uv1,P,UV,P_UV,manual,2002_uv1/run3642.root
3644,2002_uv1,P,UV,P_UV,manual,2002_uv1/run3644.root
3645,2002_uv1,P,UV,P_UV,manual,2002_uv1/run3645.root
3646,2002_uv1,P,UV,P_UV,manual,2002_uv1/run3646.root
3648,2002_uv1,P,UV,P_UV,manual,2002_uv1/run3648.root
3649,2002_uv1,P,UV,P_UV,manual,2002_uv1/run3649.root
3651,2002_uv1,P,UV,P_UV,manual,2002_uv1/run3651.root
3652,2002_uv1,P,UV,P_UV,manual,2002_uv1/run3652.root
3655,2002_uv1,P,UV,P_UV,manual,2002_uv1/run3655.root
3656,2002_uv1,P,UV,P_UV,manual,2002_uv1/run3656.root
3657,2002_uv1,P,UV,P_UV,manual,2002_uv1/run3657.root
3658,2002_uv1,P,UV,P_UV,manual,2002_uv1/run3658.root
3659,2002_uv1,P,UV,P_UV,manual,2002_uv1/run3659.root
3660,2002_uv1,P,UV,P_UV,manual,2002_uv1/run3660.root
3661,2002_uv1,P,UV,P_UV,manual,2002_uv1/run3661.root
3662,2002_uv1,P,UV,P_UV,manual,2002_uv1/run3662.root
3663,2002_uv1,P,UV,P_UV,manual,2002_uv1/run3663.root
3664,2002_uv1,P,UV,P_UV,manual,2002_uv1/run3664.root
3665,2002_uv1,P,UV,P_UV,manual,2002_uv1/run3665.root
3666,2002_uv1,P,UV,P_UV,manual,2002_uv1/run3666.root
3670,2002_uv1,P,UV,P_UV,manual,2002_uv1/run3670.root
3671,2002_uv1,P,UV,P_UV,manual,2002_uv1/run3671.root
3672,2002_uv1,P,UV,P_UV,manual,2002_uv1/run3672.root
3673,2002_uv1,P,UV,P_UV,manual,2002_uv1/run3673.root
3674,2002_uv1,P,UV,P_UV,manual,2002_uv1/run3674.root
3675,2002_uv1,P,UV,P_UV,manual,2002_uv1/run3675.root
3677,2002_uv1,P,UV,P_UV,manual,2002_uv1/run3677.root
3678,2002_uv1,P,UV,P_UV,manual,2002_uv1/run3678.root
3679,2002_uv1,P,UV,P_UV,manual,2002_uv1/run3679.root
3680,2002_uv1,P,UV,P_UV,manual,2002_uv1/run3680.root
3681,2002_uv1,P,UV,P_UV,manual,2002_uv1/run3681.root
3682,2002_uv1,P,UV,P_UV,manual,2002_uv1/run3682.root
3683,2002_uv1,P,UV,P_UV,manual,2002_uv1/run3683.root
3685,2002_uv1,P,UV,P_UV,manual,2002_uv1/run3685.root
3686,2002_uv1,P,UV,P_UV,manual,2002_uv1/run3686.root
3687,2002_uv1,P,UV,P_UV,manual,2002_uv1/run3687.root
3690,2002_uv1,P,UV,P_UV,manual,2002_uv1/run3690.root
3691,2002_uv1,P,UV,P_UV,manual,2002_uv1/run3691.root
3692,2002_uv1,P,UV,P_UV,manual,2002_uv1/run3692.root
3693,2002_uv1,P,UV,P_UV,manual,2002_uv1/run3693.root
3694,2002_uv1,P,UV,P_UV,manual,2002_uv1/run3694.root
3695,2002_uv1,P,UV,P_UV,manual,2002_uv1/run3695.root
3696,2002_uv1,P,UV,P_UV,manual,2002_uv1/run3696.root
3697,2002_uv1,P,UV,P_UV,manual,2002_uv1/run3697.root
3698,2002_uv1,P,UV,P_UV,manual,2002_uv1/run3698.root
3699,2002_uv1,P,UV,P_UV,manual,2002_uv1/run3699.root
3700,2002_uv1,P,UV,P_UV,manual,2002_uv1/run3700.root
3701,2002_uv1,P,UV,P_UV,manual,2002_uv1/run3701.root
3702,2002_uv1,P,UV,P_UV,manual,2002_uv1/run3702.root
3703,2002_uv1,P,UV,P_UV,manual,2002_uv1/run3703.root
3704,2002_uv1,P,UV,P_UV,manual,2002_uv1/run3704.root
3705,2002_uv1,P,UV,P_UV,manual,2002_uv1/run3705.root
3706,2002_uv1,P,UV,P_UV,manual,2002_uv1/run3706.root
3707,2002_uv1,P,UV,P_UV,manual,2002_uv1/run3707.root
3708,2002_uv1,P,UV,P_UV,manual,2002_uv1/run3708.root
3709,2002_uv1,P,UV,P_UV,manual,2002_uv1/run3709.root
3710,2002_uv1,P,UV,P_UV,manual,2002_uv1/run3710.root
3711,2002_uv1,P,UV,P_UV,manual,2002_uv1/run3711.root
3712,2002_uv1,P,UV,P_UV,manual,2002_uv1/run3712.root
3713,2002_uv1,P,UV,P_UV,manual,2002_uv1/run3713.root
3714,2002_uv1,P,UV,P_UV,manual,2002_uv1/run3714.root
3715,2002_uv1,P,UV,P_UV,manual,2002_uv1/run3715.root
3716,2002_uv1,P,UV,P_UV,manual,2002_uv1/run3716.root
3718,2002_uv1,P,UV,P_UV,manual,2002_uv1/run3718.root
3719,2002_uv1,P,UV,P_UV,manual,2002_uv1/run3719.root
3720,2002_uv1,P,UV,P_UV,manual,2002_uv1/run3720.root
3721,2002_uv1,P,UV,P_UV,manual,2002_uv1/run3721.root
3722,2002_uv1,P,UV,P_UV,manual,2002_uv1/run3722.root
3723,2002_uv1,P,UV,P_UV,manual,2002_uv1/run3723.root
3724,2002_uv1,P,UV,P_UV,manual,2002_uv1/run3724.root
3725,2002_uv1,P,UV,P_UV,manual,2002_uv1/run3725.root
3726,2002_uv1,P,UV,P_UV,manual,2002_uv1/run3726.root
3727,2002_uv1,P,UV,P_UV,manual,2002_uv1/run3727.root
3728,2002_uv1,P,UV,P_UV,manual,2002_uv1/run3728.root
3729,2002_uv1,P,UV,P_UV,manual,2002_uv1/run3729.root
3730,2002_uv1,P,UV,P_UV,manual,2002_uv1/run3730.root
3731,2002_uv1,P,UV,P_UV,manual,2002_uv1/run3731.root
3732,2002_uv1,P,UV,P_UV,manual,2002_uv1/run3732.root
3733,2002_uv1,P,UV,P_UV,manual,2002_uv1/run3733.root
3734,2002_uv1,P,UV,P_UV,manual,2002_uv1/run3734.root
3735,2002_uv1,P,UV,P_UV,manual,2002_uv1/run3735.root
3736,2002_uv1,P,UV,P_UV,manual,2002_uv1/run3736.root
3737,2002_uv1,P,UV,P_UV,manual,2002_uv1/run3737.root
3738,2002_uv1,P,UV,P_UV,manual,2002_uv1/run3738.root
3739,2002_uv1,P,UV,P_UV,manual,2002_uv1/run3739.root
3740,2002_uv1,P,UV,P_UV,manual,2002_uv1/run3740.root
3741,2002_uv1,P,UV,P_UV,manual,2002_uv1/run3741.root
3742,2002_uv1,P,UV,P_UV,manual,2002_uv1/run3742.root
3743,2002_uv1,P,UV,P_UV,manual,2002_uv1/run3743.root
3744,2002_uv1,P,UV,P_UV,manual,2002_uv1/run3744.root
3745,2002_uv1,P,UV,P_UV,manual,2002_uv1/run3745.root
3746,2002_uv1,P,UV,P_UV,manual,2002_uv1/run3746.root
3747,2002_uv1,P,UV,P_UV,manual,2002_uv1/run3747.root
3748,2002_uv1,P,UV,P_UV,manual,2002_uv1/run3748.root
3749,2002_uv1,P,UV,P_UV,manual,2002_uv1/run3749.root
3750,2002_uv1,P,UV,P_UV,manual,2002_uv1/run3750.root
3751,2002_uv1,P,UV,P_UV,manual,2002_uv1/run3751.root
3752,2002_uv1,P,UV,P_UV,manual,2002_uv1/run3752.root
3753,2002_uv1,P,UV,P_UV,manual,2002_uv1/run3753.root
3754,2002_uv1,P,UV,P_UV,manual,2002_uv1/run3754.root
3755,2002_uv1,P,UV,P_UV,manual,2002_uv1/run3755.root
3756,2002_uv1,P,UV,P_UV,manual,2002_uv1/run3756.root
3757,2002_uv1,P,UV,P_UV,manual,2002_uv1/run3757.root
3760,2002_uv1,P,UV,P_UV,manual,2002_uv1/run3760.root
3761,2002_uv1,P,UV,P_UV,manual,2002_uv1/run3761.root
3763,2002_uv1,P,UV,P_UV,manual,2002_uv1/run3763.root
3767,2002_uv1,P,UV,P_UV,manual,2002_uv1/run3767.root
3768,2002_uv1,P,UV,P_UV,manual,2002_uv1/run3768.root
3769,2002_uv1,P,UV,P_UV,manual,2002_uv1/run3769.root
3770,2002_uv1,P,UV,P_UV,manual,2002_uv1/run3770.root
3771,2002_uv1,P,UV,P_UV,manual,2002_uv1/run3771.root
3772,2002_uv1,P,UV,P_UV,manual,2002_uv1/run3772.root
3773,2002_uv1,P,UV,P_UV,manual,2002_uv1/run3773.root
3774,2002_uv1,P,UV,P_UV,manual,2002_uv1/run3774.root
3775,2002_uv1,P,UV,P_UV,manual,2002_uv1/run3775.root
3776,2002_uv1,P,UV,P_UV,manual,2002_uv1/run3776.root
3778,2002_uv2,P,UV,P_UV,manual,2002_uv2/run3778.root
3779,2002_uv2,P,UV,P_UV,manual,2002_uv2/run3779.root
3780,2002_uv2,P,UV,P_UV,manual,2002_uv2/run3780.root
3781,2002_uv2,P,UV,P_UV,manual,2002_uv2/run3781.root
3783,2002_uv2,P,UV,P_UV,manual,2002_uv2/run3783.root
3784,2002_uv2,P,UV,P_UV,manual,2002_uv2/run3784.root
3785,2002_uv2,P,UV,P_UV,manual,2002_uv2/run3785.root
3786,2002_uv2,P,UV,P_UV,manual,2002_uv2/run3786.root
3787,2002_uv2,P,UV,P_UV,manual,2002_uv2/run3787.root
3788,2002_uv2,P,UV,P_UV,manual,2002_uv2/run3788.root
3789,2002_uv2,P,UV,P_UV,manual,2002_uv2/run3789.root
3790,2002_uv2,P,UV,P_UV,manual,2002_uv2/run3790.root
3791,2002_uv2,P,UV,P_UV,manual,2002_uv2/run3791.root
3792,2002_uv2,P,UV,P_UV,manual,2002_uv2/run3792.root
3793,2002_uv2,P,UV,P_UV,manual,2002_uv2/run3793.root
3794,2002_uv2,P,UV,P_UV,manual,2002_uv2/run3794.root
3795,2002_uv2,P,UV,P_UV,manual,2002_uv2/run3795.root
3797,2002_uv2,P,UV,P_UV,manual,2002_uv2/run3797.root
3798,2002_uv2,P,UV,P_UV,manual,2002_uv2/run3798.root
3799,2002_uv2,P,UV,P_UV,manual,2002_uv2/run3799.root
3800,2002_uv2,P,UV,P_UV,manual,2002_uv2/run3800.root
3801,2002_uv2,P,UV,P_UV,manual,2002_uv2/run3801.root
3802,2002_uv2,P,UV,P_UV,manual,2002_uv2/run3802.root
3803,2002_uv2,P,UV,P_UV,manual,2002_uv2/run3803.root
3804,2002_uv2,P,UV,P_UV,manual,2002_uv2/run3804.root
3805,2002_uv2,P,UV,P_UV,manual,2002_uv2/run3805.root
3807,2002_uv2,P,UV,P_UV,manual,2002_uv2/run3807.root
3808,2002_uv2,P,UV,P_UV,manual,2002_uv2/run3808.root
3809,2002_uv2,P,UV,P_UV,manual,2002_uv2/run3809.root
3811,2002_uv2,P,UV,P_UV,manual,2002_uv2/run3811.root
3812,2002_uv2,P,UV,P_UV,manual,2002_uv2/run3812.root
3813,2002_uv2,P,UV,P_UV,manual,2002_uv2/run3813.root
3814,2002_uv2,P,UV,P_UV,manual,2002_uv2/run3814.root
3815,2002_uv2,P,UV,P_UV,manual,2002_uv2/run3815.root
3816,2002_uv2,P,UV,P_UV,manual,2002_uv2/run3816.root
3817,2002_uv2,P,UV,P_UV,manual,2002_uv2/run3817.root
3818,2002_uv2,P,UV,P_UV,manual,2002_uv2/run3818.root
3819,2002_uv2,P,UV,P_UV,manual,2002_uv2/run3819.root
3820,2002_uv2,P,UV,P_UV,manual,2002_uv2/run3820.root
3821,2002_uv2,P,UV,P_UV,manual,2002_uv2/run3821.root
3823,2002_uv2,P,UV,P_UV,manual,2002_uv2/run3823.root
3824,2002_uv2,P,UV,P_UV,manual,2002_uv2/run3824.root
3825,2002_uv2,P,UV,P_UV,manual,2002_uv2/run3825.root
3826,2002_uv2,P,UV,P_UV,manual,2002_uv2/run3826.root
3828,2002_uv2,P,UV,P_UV,manual,2002_uv2/run3828.root
3829,2002_uv2,P,UV,P_UV,manual,2002_uv2/run3829.root
3830,2002_uv2,P,UV,P_UV,manual,2002_uv2/run3830.root
3831,2002_uv2,P,UV,P_UV,manual,2002_uv2/run3831.root
3832,2002_uv2,P,UV,P_UV,manual,2002_uv2/run3832.root
3833,2002_uv2,P,UV,P_UV,manual,2002_uv2/run3833.root
3834,2002_uv2,P,UV,P_UV,manual,2002_uv2/run3834.root
3835,2002_uv2,P,UV,P_UV,manual,2002_uv2/run3835.root
3836,2002_uv2,P,UV,P_UV,manual,2002_uv2/run3836.root
3837,2002_uv2,P,UV,P_UV,manual,2002_uv2/run3837.root
3838,2002_uv2,P,UV,P_UV,manual,2002_uv2/run3838.root
3839,2002_uv2,P,UV,P_UV,manual,2002_uv2/run3839.root
3840,2002_uv2,P,UV,P_UV,manual,2002_uv2/run3840.root
3841,2002_uv2,P,UV,P_UV,manual,2002_uv2/run3841.root
3842,2002_uv2,P,UV,P_UV,manual,2002_uv2/run3842.root
3843,2002_uv2,P,UV,P_UV,manual,2002_uv2/run3843.root
3844,2002_uv2,P,UV,P_UV,manual,2002_uv2/run3844.root
3845,2002_uv2,P,UV,P_UV,manual,2002_uv2/run3845.root
3847,2002_uv2,P,UV,P_UV,manual,2002_uv2/run3847.root
3848,2002_uv2,P,UV,P_UV,manual,2002_uv2/run3848.root
3849,2002_uv2,P,UV,P_UV,manual,2002_uv2/run3849.root
3850,2002_uv2,P,UV,P_UV,manual,2002_uv2/run3850.root
3851,2002_uv2,P,UV,P_UV,manual,2002_uv2/run3851.root
3852,2002_uv2,P,UV,P_UV,manual,2002_uv2/run3852.root
3853,2002_uv2,P,UV,P_UV,manual,2002_uv2/run3853.root
3854,2002_uv2,P,UV,P_UV,manual,2002_uv2/run3854.root
3855,2002_uv2,P,UV,P_UV,manual,2002_uv2/run3855.root
3856,2002_uv2,P,UV,P_UV,manual,2002_uv2/run3856.root
3857,2002_uv2,P,UV,P_UV,manual,2002_uv2/run3857.root
3858,2002_uv2,P,UV,P_UV,manual,2002_uv2/run3858.root
3859,2002_uv2,P,UV,P_UV,manual,2002_uv2/run3859.root
3860,2002_uv2,P,UV,P_UV,manual,2002_uv2/run3860.root
3861,2002_uv2,P,UV,P_UV,manual,2002_uv2/run3861.root
3862,2002_uv2,P,UV,P_UV,manual,2002_uv2/run3862.root
3863,2002_uv2,P,UV,P_UV,manual,2002_uv2/run3863.root
3864,2002_uv2,P,UV,P_UV,manual,2002_uv2/run3864.root
3865,2002_uv2,P,UV,P_UV,manual,2002_uv2/run3865.root
3866,2002_uv2,P,UV,P_UV,manual,2002_uv2/run3866.root
3867,2002_uv2,P,UV,P_UV,manual,2002_uv2/run3867.root
3868,2002_uv2,P,UV,P_UV,manual,2002_uv2/run3868.root
3869,2002_uv2,P,UV,P_UV,manual,2002_uv2/run3869.root
3870,2002_uv2,P,UV,P_UV,manual,2002_uv2/run3870.root
3871,2002_uv2,P,UV,P_UV,manual,2002_uv2/run3871.root
3872,2002_uv2,P,UV,P_UV,manual,2002_uv2/run3872.root
3873,2002_uv2,P,UV,P_UV,manual,2002_uv2/run3873.root
3875,2002_uv2,P,UV,P_UV,manual,2002_uv2/run3875.root
3876,2002_uv2,P,UV,P_UV,manual,2002_uv2/run3876.root
3877,2002_uv2,P,UV,P_UV,manual,2002_uv2/run3877.root
3878,2002_uv2,P,UV,P_UV,manual,2002_uv2/run3878.root
3879,2002_uv2,P,UV,P_UV,manual,2002_uv2/run3879.root
3880,2002_uv2,P,UV,P_UV,manual,2002_uv2/run3880.root
3881,2002_uv2,P,UV,P_UV,manual,2002_uv2/run3881.root
3882,2002_uv2,P,UV,P_UV,manual,2002_uv2/run3882.root
3883,2002_uv2,P,UV,P_UV,manual,2002_uv2/run3883.root
3884,2002_uv2,P,UV,P_UV,manual,2002_uv2/run3884.root
3885,2002_uv2,P,UV,P_UV,manual,2002_uv2/run3885.root
3887,2002_uv2,P,UV,P_UV,manual,2002_uv2/run3887.root
3888,2002_uv2,P,UV,P_UV,manual,2002_uv2/run3888.root
3889,2002_uv2,P,UV,P_UV,manual,2002_uv2/run3889.root
3892,2002_uv2,P,UV,P_UV,manual,2002_uv2/run3892.root
3893,2002_uv2,P,UV,P_UV,manual,2002_uv2/run3893.root
3894,2002_uv2,P,UV,P_UV,manual,2002_uv2/run3894.root
3895,2002_uv2,P,UV,P_UV,manual,2002_uv2/run3895.root
3896,2002_uv2,P,UV,P_UV,manual,2002_uv2/run3896.root
3897,2002_uv2,P,UV,P_UV,manual,2002_uv2/run3897.root
3899,2002_uv2,P,UV,P_UV,manual,2002_uv2/run3899.root
3900,2002_uv2,P,UV,P_UV,manual,2002_uv2/run3900.root
3901,2002_uv2,P,UV,P_UV,manual,2002_uv2/run3901.root
3902,2002_uv2,P,UV,P_UV,manual,2002_uv2/run3902.root
3903,2002_uv2,P,UV,P_UV,manual,2002_uv2/run3903.root
3904,2002_uv2,P,UV,P_UV,manual,2002_uv2/run3904.root
3905,2002_uv2,P,UV,P_UV,manual,2002_uv2/run3905.root
3906,2002_uv2,P,UV,P_UV,manual,2002_uv2/run3906.root
3907,2002_uv2,P,UV,P_UV,manual,2002_uv2/run3907.root
3908,2002_uv2,P,UV,P_UV,manual,2002_uv2/run3908.root
3909,2002_uv2,P,UV,P_UV,manual,2002_uv2/run3909.root
3910,2002_uv2,P,UV,P_UV,manual,2002_uv2/run3910.root
3911,2002_uv2,P,UV,P_UV,manual,2002_uv2/run3911.root
3913,2002_uv2,P,UV,P_UV,manual,2002_uv2/run3913.root
3914,2002_uv2,P,UV,P_UV,manual,2002_uv2/run3914.root
3915,2002_uv2,P,UV,P_UV,manual,2002_uv2/run3915.root
3916,2002_uv2,P,UV,P_UV,manual,2002_uv2/run3916.root
3917,2002_uv2,P,UV,P_UV,manual,2002_uv2/run3917.root
3918,2002_uv2,P,UV,P_UV,manual,2002_uv2/run3918.root
3919,2002_uv2,P,UV,P_UV,manual,2002_uv2/run3919.root
3920,2002_uv2,P,UV,P_UV,manual,2002_uv2/run3920.root
3921,2002_uv2,P,UV,P_UV,manual,2002_uv2/run3921.root
3922,2002_uv2,P,UV,P_UV,manual,2002_uv2/run3922.root
3923,2002_uv2,P,UV,P_UV,manual,2002_uv2/run3923.root
3924,2002_uv2,P,UV,P_UV,manual,2002_uv2/run3924.root
3925,2002_uv2,P,UV,P_UV,manual,2002_uv2/run3925.root
3926,2002_uv2,P,UV,P_UV,manual,2002_uv2/run3926.root
3927,2002_uv2,P,UV,P_UV,manual,2002_uv2/run3927.root
3929,2002_uv2,P,UV,P_UV,manual,2002_uv2/run3929.root
3930,2002_uv2,P,UV,P_UV,manual,2002_uv2/run3930.root
3931,2002_uv2,P,UV,P_UV,manual,2002_uv2/run3931.root
3932,2002_uv2,P,UV,P_UV,manual,2002_uv2/run3932.root
3933,2002_uv2,P,UV,P_UV,manual,2002_uv2/run3933.root
3934,2002_uv2,P,UV,P_UV,manual,2002_uv2/run3934.root
3935,2002_uv2,P,UV,P_UV,manual,2002_uv2/run3935.root
3936,2002_uv2,P,UV,P_UV,manual,2002_uv2/run3936.root
3938,2002_uv2,P,UV,P_UV,manual,2002_uv2/run3938.root
3940,2002_uv2,P,UV,P_UV,manual,2002_uv2/run3940.root
3941,2002_uv2,P,UV,P_UV,manual,2002_uv2/run3941.root
3942,2002_uv2,P,UV,P_UV,manual,2002_uv2/run3942.root
3943,2002_uv2,P,UV,P_UV,manual,2002_uv2/run3943.root
3944,2002_uv2,P,UV,P_UV,manual,2002_uv2/run3944.root
3945,2002_uv2,P,UV,P_UV,manual,2002_uv2/run3945.root
3946,2002_uv2,P,UV,P_UV,manual,2002_uv2/run3946.root
3947,2002_uv2,P,UV,P_UV,manual,2002_uv2/run3947.root
3949,2002_uv2,P,UV,P_UV,manual,2002_uv2/run3949.root
3950,2002_uv2,P,UV,P_UV,manual,2002_uv2/run3950.root
3951,2002_uv2,P,UV,P_UV,manual,2002_uv2/run3951.root
3952,2002_uv2,P,UV,P_UV,manual,2002_uv2/run3952.root
3953,2002_uv2,P,UV,P_UV,manual,2002_uv2/run3953.root
3954,2002_uv2,P,UV,P_UV,manual,2002_uv2/run3954.root
3955,2002_uv2,P,UV,P_UV,manual,2002_uv2/run3955.root
3956,2002_uv2,P,UV,P_UV,manual,2002_uv2/run3956.root
3957,2002_uv2,P,UV,P_UV,manual,2002_uv2/run3957.root
3958,2002_uv2,P,UV,P_UV,manual,2002_uv2/run3958.root
3959,2002_uv2,P,UV,P_UV,manual,2002_uv2/run3959.root
3960,2002_uv2,P,UV,P_UV,manual,2002_uv2/run3960.root
3962,2002_uv2,P,UV,P_UV,manual,2002_uv2/run3962.root
3963,2002_uv2,P,UV,P_UV,manual,2002_uv2/run3963.root
3964,2002_uv2,P,UV,P_UV,manual,2002_uv2/run3964.root
3965,2002_uv2,P,UV,P_UV,manual,2002_uv2/run3965.root
3966,2002_uv2,P,UV,P_UV,manual,2002_uv2/run3966.root
3967,2002_uv2,P,UV,P_UV,manual,2002_uv2/run3967.root
3968,2002_uv2,P,UV,P_UV,manual,2002_uv2/run3968.root
3969,2002_uv2,P,UV,P_UV,manual,2002_uv2/run3969.root
3971,2002_uv2,P,UV,P_UV,manual,2002_uv2/run3971.root
3972,2002_uv2,P,UV,P_UV,manual,2002_uv2/run3972.root
3973,2002_uv2,P,UV,P_UV,manual,2002_uv2/run3973.root
3974,2002_uv2,P,UV,P_UV,manual,2002_uv2/run3974.root
3975,2002_uv2,P,UV,P_UV,manual,2002_uv2/run3975.root
3976,2002_uv2,P,UV,P_UV,manual,2002_uv2/run3976.root
3977,2002_uv2,P,UV,P_UV,manual,2002_uv2/run3977.root
3978,2002_uv2,P,UV,P_UV,manual,2002_uv2/run3978.root
3979,2002_uv2,P,UV,P_UV,manual,2002_uv2/run3979.root
3980,2002_uv2,P,UV,P_UV,manual,2002_uv2/run3980.root
3981,2002_uv2,P,UV,P_UV,manual,2002_uv2/run3981.root
3982,2002_uv2,P,UV,P_UV,manual,2002_uv2/run3982.root
3983,2002_uv2,P,UV,P_UV,manual,2002_uv2/run3983.root
3984,2002_uv2,P,UV,P_UV,manual,2002_uv2/run3984.root
3985,2002_uv2,P,UV,P_UV,manual,2002_uv2/run3985.root
3986,2002_uv2,P,UV,P_UV,manual,2002_uv2/run3986.root
3987,2002_d1,D,UV,D_UV,manual,2002_d1/run3987.root
3988,2002_d1,D,UV,D_UV,manual,2002_d1/run3988.root
3990,2002_d1,D,UV,D_UV,manual,2002_d1/run3990.root
3991,2002_d1,D,UV,D_UV,manual,2002_d1/run3991.root
3992,2002_d1,D,UV,D_UV,manual,2002_d1/run3992.root
3993,2002_d1,D,UV,D_UV,manual,2002_d1/run3993.root
3994,2002_d1,D,UV,D_UV,manual,2002_d1/run3994.root
3995,2002_d1,D,UV,D_UV,manual,2002_d1/run3995.root
3996,2002_d1,D,UV,D_UV,manual,2002_d1/run3996.root
3997,2002_d1,D,UV,D_UV,manual,2002_d1/run3997.root
3998,2002_d1,D,UV,D_UV,manual,2002_d1/run3998.root
4000,2002_d1,D,UV,D_UV,manual,2002_d1/run4000.root
4001,2002_d1,D,UV,D_UV,manual,2002_d1/run4001.root
4002,2002_d1,D,UV,D_UV,manual,2002_d1/run4002.root
4003,2002_d1,D,UV,D_UV,manual,2002_d1/run4003.root
4004,2002_d1,D,UV,D_UV,manual,2002_d1/run4004.root
4005,2002_d1,D,UV,D_UV,manual,2002_d1/run4005.root
4006,2002_d1,D,UV,D_UV,manual,2002_d1/run4006.root
4007,2002_d1,D,UV,D_UV,manual,2002_d1/run4007.root
4008,2002_d1,D,UV,D_UV,manual,2002_d1/run4008.root
4009,2002_d1,D,UV,D_UV,manual,2002_d1/run4009.root
4010,2002_d1,D,UV,D_UV,manual,2002_d1/run4010.root
4011,2002_d1,D,UV,D_UV,manual,2002_d1/run4011.root
4012,2002_d1,D,UV,D_UV,manual,2002_d1/run4012.root
4013,2002_d1,D,UV,D_UV,manual,2002_d1/run4013.root
4014,2002_d1,D,UV,D_UV,manual,2002_d1/run4014.root
4016,2002_d1,D,UV,D_UV,manual,2002_d1/run4016.root
4017,2002_d1,D,UV,D_UV,manual,2002_d1/run4017.root
4018,2002_d1,D,UV,D_UV,manual,2002_d1/run4018.root
4019,2002_d1,D,UV,D_UV,manual,2002_d1/run4019.root
4020,2002_d1,D,UV,D_UV,manual,2002_d1/run4020.root
4021,2002_d1,D,UV,D_UV,manual,2002_d1/run4021.root
4022,2002_d1,D,UV,D_UV,manual,2002_d1/run4022.root
4024,2002_d1,D,UV,D_UV,manual,2002_d1/run4024.root
4025,2002_d1,D,UV,D_UV,manual,2002_d1/run4025.root
4026,2002_d1,D,UV,D_UV,manual,2002_d1/run4026.root
4027,2002_d1,D,UV,D_UV,manual,2002_d1/run4027.root
4028,2002_d1,D,UV,D_UV,manual,2002_d1/run4028.root
4029,2002_d1,D,UV,D_UV,manual,2002_d1/run4029.root
4030,2002_d1,D,UV,D_UV,manual,2002_d1/run4030.root
4031,2002_d1,D,UV,D_UV,manual,2002_d1/run4031.root
4032,2002_d1,D,UV,D_UV,manual,2002_d1/run4032.root
4033,2002_d1,D,UV,D_UV,manual,2002_d1/run4033.root
4034,2002_d1,D,UV,D_UV,manual,2002_d1/run4034.root
4035,2002_d1,D,UV,D_UV,manual,2002_d1/run4035.root
4036,2002_d1,D,UV,D_UV,manual,2002_d1/run4036.root
4037,2002_d1,D,UV,D_UV,manual,2002_d1/run4037.root
4039,2002_d1,D,UV,D_UV,manual,2002_d1/run4039.root
4040,2002_d1,D,UV,D_UV,manual,2002_d1/run4040.root
4041,2002_d1,D,UV,D_UV,manual,2002_d1/run4041.root
4042,2002_d1,D,UV,D_UV,manual,2002_d1/run4042.root
4043,2002_d1,D,UV,D_UV,manual,2002_d1/run4043.root
4044,2002_d1,D,UV,D_UV,manual,2002_d1/run4044.root
4045,2002_d1,D,UV,D_UV,manual,2002_d1/run4045.root
4046,2002_d1,D,UV,D_UV,manual,2002_d1/run4046.root
4047,2002_d1,D,UV,D_UV,manual,2002_d1/run4047.root
4048,2002_d1,D,UV,D_UV,manual,2002_d1/run4048.root
4049,2002_d1,D,UV,D_UV,manual,2002_d1/run4049.root
4050,2002_d1,D,UV,D_UV,manual,2002_d1/run4050.root
4052,2002_d1,D,UV,D_UV,manual,2002_d1/run4052.root
4053,2002_d1,D,UV,D_UV,manual,2002_d1/run4053.root
4054,2002_d1,D,UV,D_UV,manual,2002_d1/run4054.root
4055,2002_d1,D,UV,D_UV,manual,2002_d1/run4055.root
4056,2002_d1,D,UV,D_UV,manual,2002_d1/run4056.root
4057,2002_d1,D,UV,D_UV,manual,2002_d1/run4057.root
4058,2002_d1,D,UV,D_UV,manual,2002_d1/run4058.root
4060,2002_d1,D,UV,D_UV,manual,2002_d1/run4060.root
4061,2002_d1,D,UV,D_UV,manual,2002_d1/run4061.root
4062,2002_d1,D,UV,D_UV,manual,2002_d1/run4062.root
4063,2002_d1,D,UV,D_UV,manual,2002_d1/run4063.root
4064,2002_d1,D,UV,D_UV,manual,2002_d1/run4064.root
4065,2002_d1,D,UV,D_UV,manual,2002_d1/run4065.root
4066,2002_d1,D,UV,D_UV,manual,2002_d1/run4066.root
4067,2002_d1,D,UV,D_UV,manual,2002_d1/run4067.root
4069,2002_d1,D,UV,D_UV,manual,2002_d1/run4069.root
4070,2002_d1,D,UV,D_UV,manual,2002_d1/run4070.root
4071,2002_d1,D,UV,D_UV,manual,2002_d1/run4071.root
4072,2002_d1,D,UV,D_UV,manual,2002_d1/run4072.root
4073,2002_d1,D,UV,D_UV,manual,2002_d1/run4073.root
4074,2002_d1,D,UV,D_UV,manual,2002_d1/run4074.root
4075,2002_d1,D,UV,D_UV,manual,2002_d1/run4075.root
4076,2002_d1,D,UV,D_UV,manual,2002_d1/run4076.root
4077,2002_d1,D,UV,D_UV,manual,2002_d1/run4077.root
4078,2002_d1,D,UV,D_UV,manual,2002_d1/run4078.root
4079,2002_d1,D,UV,D_UV,manual,2002_d1/run4079.root
4080,2002_d1,D,UV,D_UV,manual,2002_d1/run4080.root
4081,2002_d1,D,UV,D_UV,manual,2002_d1/run4081.root
4082,2002_d1,D,UV,D_UV,manual,2002_d1/run4082.root
4083,2002_d1,D,UV,D_UV,manual,2002_d1/run4083.root
4084,2002_d1,D,UV,D_UV,manual,2002_d1/run4084.root
4085,2002_d1,D,UV,D_UV,manual,2002_d1/run4085.root
4086,2002_d1,D,UV,D_UV,manual,2002_d1/run4086.root
4087,2002_d1,D,UV,D_UV,manual,2002_d1/run4087.root
4088,2002_d1,D,UV,D_UV,manual,2002_d1/run4088.root
4089,2002_d1,D,UV,D_UV,manual,2002_d1/run4089.root
4090,2002_d1,D,UV,D_UV,manual,2002_d1/run4090.root
4091,2002_d1,D,UV,D_UV,manual,2002_d1/run4091.root
4092,2002_d1,D,UV,D_UV,manual,2002_d1/run4092.root
4093,2002_d1,D,UV,D_UV,manual,2002_d1/run4093.root
4094,2002_d1,D,UV,D_UV,manual,2002_d1/run4094.root
4095,2002_d1,D,UV,D_UV,manual,2002_d1/run4095.root
4096,2002_d1,D,UV,D_UV,manual,2002_d1/run4096.root
4097,2002_d1,D,UV,D_UV,manual,2002_d1/run4097.root
4098,2002_d1,D,UV,D_UV,manual,2002_d1/run4098.root
4099,2002_d1,D,UV,D_UV,manual,2002_d1/run4099.root
4100,2002_d1,D,UV,D_UV,manual,2002_d1/run4100.root
4101,2002_d1,D,UV,D_UV,manual,2002_d1/run4101.root
4102,2002_d1,D,UV,D_UV,manual,2002_d1/run4102.root
4103,2002_d1,D,UV,D_UV,manual,2002_d1/run4103.root
4104,2002_d1,D,UV,D_UV,manual,2002_d1/run4104.root
4108,2002_d1,D,UV,D_UV,manual,2002_d1/run4108.root
4109,2002_d1,D,UV,D_UV,manual,2002_d1/run4109.root
4111,2002_d1,D,UV,D_UV,manual,2002_d1/run4111.root
4112,2002_d1,D,UV,D_UV,manual,2002_d1/run4112.root
4113,2002_d1,D,UV,D_UV,manual,2002_d1/run4113.root
4114,2002_d1,D,UV,D_UV,manual,2002_d1/run4114.root
4115,2002_d1,D,UV,D_UV,manual,2002_d1/run4115.root
4116,2002_d1,D,UV,D_UV,manual,2002_d1/run4116.root
4117,2002_d1,D,UV,D_UV,manual,2002_d1/run4117.root
4119,2002_d1,D,UV,D_UV,manual,2002_d1/run4119.root
4120,2002_d1,D,UV,D_UV,manual,2002_d1/run4120.root
4123,2002_d1,D,UV,D_UV,manual,2002_d1/run4123.root
4124,2002_d1,D,UV,D_UV,manual,2002_d1/run4124.root
4125,2002_d1,D,UV,D_UV,manual,2002_d1/run4125.root
4126,2002_d1,D,UV,D_UV,manual,2002_d1/run4126.root
4128,2002_d1,D,UV,D_UV,manual,2002_d1/run4128.root
4130,2002_d1,D,UV,D_UV,manual,2002_d1/run4130.root
4132,2002_d1,D,UV,D_UV,manual,2002_d1/run4132.root
4133,2002_d1,D,UV,D_UV,manual,2002_d1/run4133.root
4134,2002_d1,D,UV,D_UV,manual,2002_d1/run4134.root
4135,2002_d1,D,UV,D_UV,manual,2002_d1/run4135.root
4136,2002_d1,D,UV,D_UV,manual,2002_d1/run4136.root
4137,2002_d1,D,UV,D_UV,manual,2002_d1/run4137.root
4139,2002_d1,D,UV,D_UV,manual,2002_d1/run4139.root
4140,2002_d1,D,UV,D_UV,manual,2002_d1/run4140.root
4141,2002_d1,D,UV,D_UV,manual,2002_d1/run4141.root
4142,2002_d1,D,UV,D_UV,manual,2002_d1/run4142.root
4143,2002_vis2,P,VIS,P_VIS,manual,2002_vis2/run4143.root
4145,2002_vis2,P,VIS,P_VIS,manual,2002_vis2/run4145.root
4147,2002_vis2,P,VIS,P_VIS,manual,2002_vis2/run4147.root
4148,2002_vis2,P,VIS,P_VIS,manual,2002_vis2/run4148.root
4149,2002_vis2,P,VIS,P_VIS,manual,2002_vis2/run4149.root
4150,2002_vis2,P,VIS,P_VIS,manual,2002_vis2/run4150.root
4151,2002_vis2,P,VIS,P_VIS,manual,2002_vis2/run4151.root
4153,2002_vis2,P,VIS,P_VIS,manual,2002_vis2/run4153.root
4154,2002_vis2,P,VIS,P_VIS,manual,2002_vis2/run4154.root
4156,2002_vis2,P,VIS,P_VIS,manual,2002_vis2/run4156.root
4157,2002_vis2,P,VIS,P_VIS,manual,2002_vis2/run4157.root
4158,2002_vis2,P,VIS,P_VIS,manual,2002_vis2/run4158.root
4159,2002_vis2,P,VIS,P_VIS,manual,2002_vis2/run4159.root
4160,2002_vis2,P,VIS,P_VIS,manual,2002_vis2/run4160.root
4161,2002_vis2,P,VIS,P_VIS,manual,2002_vis2/run4161.root
4163,2002_vis2,P,VIS,P_VIS,manual,2002_vis2/run4163.root
4164,2002_vis2,P,VIS,P_VIS,manual,2002_vis2/run4164.root
4165,2002_vis2,P,VIS,P_VIS,manual,2002_vis2/run4165.root
4168,2002_vis2,P,VIS,P_VIS,manual,2002_vis2/run4168.root
4170,2002_vis2,P,VIS,P_VIS,manual,2002_vis2/run4170.root
4171,2002_vis2,P,VIS,P_VIS,manual,2002_vis2/run4171.root
4172,2002_vis2,P,VIS,P_VIS,manual,2002_vis2/run4172.root
4174,2002_vis2,P,VIS,P_VIS,manual,2002_vis2/run4174.root
4175,2002_vis2,P,VIS,P_VIS,manual,2002_vis2/run4175.root
4176,2002_vis2,P,VIS,P_VIS,manual,2002_vis2/run4176.root
4188,2002_d2,D,VIS,D_VIS,manual,2002_d2/run4188.root
4190,2002_d2,D,VIS,D_VIS,manual,2002_d2/run4190.root
4192,2002_d2,D,VIS,D_VIS,manual,2002_d2/run4192.root
4194,2002_d2,D,VIS,D_VIS,manual,2002_d2/run4194.root
4195,2002_d2,D,VIS,D_VIS,manual,2002_d2/run4195.root
4197,2002_d2,D,VIS,D_VIS,manual,2002_d2/run4197.root
4198,2002_d2,D,VIS,D_VIS,manual,2002_d2/run4198.root
4199,2002_d2,D,VIS,D_VIS,manual,2002_d2/run4199.root
4200,2002_d2,D,VIS,D_VIS,manual,2002_d2/run4200.root
4202,2002_d2,D,VIS,D_VIS,manual,2002_d2/run4202.root
4203,2002_d2,D,VIS,D_VIS,manual,2002_d2/run4203.root
4204,2002_d2,D,VIS,D_VIS,manual,2002_d2/run4204.root
4205,2002_d2,D,VIS,D_VIS,manual,2002_d2/run4205.root
4206,2002_d2,D,VIS,D_VIS,manual,2002_d2/run4206.root
4207,2002_d2,D,VIS,D_VIS,manual,2002_d2/run4207.root
4209,2002_d2,D,VIS,D_VIS,manual,2002_d2/run4209.root
4210,2002_d2,D,VIS,D_VIS,manual,2002_d2/run4210.root
4211,2002_d2,D,VIS,D_VIS,manual,2002_d2/run4211.root
4212,2002_d2,D,VIS,D_VIS,manual,2002_d2/run4212.root
4214,2002_d2,D,VIS,D_VIS,manual,2002_d2/run4214.root
4216,2002_d2,D,VIS,D_VIS,manual,2002_d2/run4216.root
4217,2002_d2,D,VIS,D_VIS,manual,2002_d2/run4217.root
4218,2002_d2,D,VIS,D_VIS,manual,2002_d2/run4218.root
4219,2002_d2,D,VIS,D_VIS,manual,2002_d2/run4219.root
4220,2002_d2,D,VIS,D_VIS,manual,2002_d2/run4220.root
4223,2002_d2,D,VIS,D_VIS,manual,2002_d2/run4223.root
4224,2002_d2,D,VIS,D_VIS,manual,2002_d2/run4224.root
4226,2002_d2,D,VIS,D_VIS,manual,2002_d2/run4226.root
4227,2002_d2,D,VIS,D_VIS,manual,2002_d2/run4227.root
4229,2002_d2,D,VIS,D_VIS,manual,2002_d2/run4229.root
4230,2002_d2,D,VIS,D_VIS,manual,2002_d2/run4230.root
4231,2002_d2,D,VIS,D_VIS,manual,2002_d2/run4231.root
4232,2002_d2,D,VIS,D_VIS,manual,2002_d2/run4232.root
4233,2002_d2,D,VIS,D_VIS,manual,2002_d2/run4233.root
4235,2002_d2,D,VIS,D_VIS,manual,2002_d2/run4235.root
4237,2002_d2,D,VIS,D_VIS,manual,2002_d2/run4237.root
4238,2002_d2,D,VIS,D_VIS,manual,2002_d2/run4238.root
4239,2002_d2,D,VIS,D_VIS,manual,2002_d2/run4239.root
4240,2002_d2,D,VIS,D_VIS,manual,2002_d2/run4240.root
4241,2002_d2,D,VIS,D_VIS,manual,2002_d2/run4241.root
4242,2002_d2,D,VIS,D_VIS,manual,2002_d2/run4242.root
4243,2002_d2,D,VIS,D_VIS,manual,2002_d2/run4243.root
4244,2002_d2,D,VIS,D_VIS,manual,2002_d2/run4244.root
4247,2002_d2,D,VIS,D_VIS,manual,2002_d2/run4247.root
4248,2002_d2,D,VIS,D_VIS,manual,2002_d2/run4248.root
4249,2002_d2,D,VIS,D_VIS,manual,2002_d2/run4249.root
4250,2002_d2,D,VIS,D_VIS,manual,2002_d2/run4250.root
4251,2002_d2,D,VIS,D_VIS,manual,2002_d2/run4251.root
4252,2002_d2,D,VIS,D_VIS,manual,2002_d2/run4252.root
4253,2002_d2,D,VIS,D_VIS,manual,2002_d2/run4253.root
4254,2002_d2,D,VIS,D_VIS,manual,2002_d2/run4254.root
4255,2002_d2,D,VIS,D_VIS,manual,2002_d2/run4255.root
4256,2002_d2,D,VIS,D_VIS,manual,2002_d2/run4256.root
4257,2002_d2,D,VIS,D_VIS,manual,2002_d2/run4257.root
4258,2002_d2,D,VIS,D_VIS,manual,2002_d2/run4258.root
4260,2002_d2,D,VIS,D_VIS,manual,2002_d2/run4260.root
4261,2002_d2,D,VIS,D_VIS,manual,2002_d2/run4261.root
4262,2002_d2,D,VIS,D_VIS,manual,2002_d2/run4262.root
4263,2002_d2,D,VIS,D_VIS,manual,2002_d2/run4263.root
4264,2002_d2,D,VIS,D_VIS,manual,2002_d2/run4264.root
4265,2002_d2,D,VIS,D_VIS,manual,2002_d2/run4265.root
4266,2002_d2,D,VIS,D_VIS,manual,2002_d2/run4266.root
4267,2002_d2,D,VIS,D_VIS,manual,2002_d2/run4267.root
4268,2002_d2,D,VIS,D_VIS,manual,2002_d2/run4268.root
4269,2002_d2,D,VIS,D_VIS,manual,2002_d2/run4269.root
4271,2002_d3,D,UV,D_UV,manual,2002_d3/run4271.root
4272,2002_d3,D,UV,D_UV,manual,2002_d3/run4272.root
4273,2002_d3,D,UV,D_UV,manual,2002_d3/run4273.root
4275,2002_d3,D,UV,D_UV,manual,2002_d3/run4275.root
4276,2002_d3,D,UV,D_UV,manual,2002_d3/run4276.root
4277,2002_d3,D,UV,D_UV,manual,2002_d3/run4277.root
4278,2002_d3,D,UV,D_UV,manual,2002_d3/run4278.root
4280,2002_d3,D,UV,D_UV,manual,2002_d3/run4280.root
4282,2002_d3,D,UV,D_UV,manual,2002_d3/run4282.root
4283,2002_d3,D,UV,D_UV,manual,2002_d3/run4283.root
4284,2002_d3,D,UV,D_UV,manual,2002_d3/run4284.root
4285,2002_d3,D,UV,D_UV,manual,2002_d3/run4285.root
4286,2002_d3,D,UV,D_UV,manual,2002_d3/run4286.root
4287,2002_d3,D,UV,D_UV,manual,2002_d3/run4287.root
4289,2002_d3,D,UV,D_UV,manual,2002_d3/run4289.root
4290,2002_d3,D,UV,D_UV,manual,2002_d3/run4290.root
4291,2002_d3,D,UV,D_UV,manual,2002_d3/run4291.root
4292,2002_d3,D,UV,D_UV,manual,2002_d3/run4292.root
4293,2002_d3,D,UV,D_UV,manual,2002_d3/run4293.root
4294,2002_d3,D,UV,D_UV,manual,2002_d3/run4294.root
4295,2002_d3,D,UV,D_UV,manual,2002_d3/run4295.root
4296,2002_d3,D,UV,D_UV,manual,2002_d3/run4296.root
4297,2002_d3,D,UV,D_UV,manual,2002_d3/run4297.root
4298,2002_d3,D,UV,D_UV,manual,2002_d3/run4298.root
4299,2002_d3,D,UV,D_UV,manual,2002_d3/run4299.root
4300,2002_d3,D,UV,D_UV,manual,2002_d3/run4300.root
4301,2002_d3,D,UV,D_UV,manual,2002_d3/run4301.root
4302,2002_d3,D,UV,D_UV,manual,2002_d3/run4302.root
4303,2002_d3,D,UV,D_UV,manual,2002_d3/run4303.root
4304,2002_d3,D,UV,D_UV,manual,2002_d3/run4304.root
4305,2002_d3,D,UV,D_UV,manual,2002_d3/run4305.root
4306,2002_d3,D,UV,D_UV,manual,2002_d3/run4306.root
4307,2002_d3,D,UV,D_UV,manual,2002_d3/run4307.root
4308,2002_d3,D,UV,D_UV,manual,2002_d3/run4308.root
4309,2002_d3,D,UV,D_UV,manual,2002_d3/run4309.root
4311,2002_d3,D,UV,D_UV,manual,2002_d3/run4311.root
4312,2002_d3,D,UV,D_UV,manual,2002_d3/run4312.root
4313,2002_d3,D,UV,D_UV,manual,2002_d3/run4313.root
4314,2002_d3,D,UV,D_UV,manual,2002_d3/run4314.root
4315,2002_d3,D,UV,D_UV,manual,2002_d3/run4315.root
4316,2002_d3,D,UV,D_UV,manual,2002_d3/run4316.root
4317,2002_d3,D,UV,D_UV,manual,2002_d3/run4317.root
4318,2002_d3,D,UV,D_UV,manual,2002_d3/run4318.root
4319,2002_d3,D,UV,D_UV,manual,2002_d3/run4319.root
4320,2002_d3,D,UV,D_UV,manual,2002_d3/run4320.root
4321,2002_d3,D,UV,D_UV,manual,2002_d3/run4321.root
4322,2002_d3,D,UV,D_UV,manual,2002_d3/run4322.root
4323,2002_d3,D,UV,D_UV,manual,2002_d3/run4323.root
4325,2002_d3,D,UV,D_UV,manual,2002_d3/run4325.root
4326,2002_d3,D,UV,D_UV,manual,2002_d3/run4326.root
4327,2002_d3,D,UV,D_UV,manual,2002_d3/run4327.root
4328,2002_d3,D,UV,D_UV,manual,2002_d3/run4328.root
4329,2002_d3,D,UV,D_UV,manual,2002_d3/run4329.root
4330,2002_d3,D,UV,D_UV,manual,2002_d3/run4330.root
4331,2002_d3,D,UV,D_UV,manual,2002_d3/run4331.root
4332,2002_d3,D,UV,D_UV,manual,2002_d3/run4332.root
4333,2002_d3,D,UV,D_UV,manual,2002_d3/run4333.root
4334,2002_d3,D,UV,D_UV,manual,2002_d3/run4334.root
4335,2002_d3,D,UV,D_UV,manual,2002_d3/run4335.root
4336,2002_d3,D,UV,D_UV,manual,2002_d3/run4336.root
4337,2002_d3,D,UV,D_UV,manual,2002_d3/run4337.root
4338,2002_d3,D,UV,D_UV,manual,2002_d3/run4338.root
4339,2002_d3,D,UV,D_UV,manual,2002_d3/run4339.root
4340,2002_d3,D,UV,D_UV,manual,2002_d3/run4340.root
4341,2002_d3,D,UV,D_UV,manual,2002_d3/run4341.root
4342,2002_d3,D,UV,D_UV,manual,2002_d3/run4342.root
4343,2002_d3,D,UV,D_UV,manual,2002_d3/run4343.root
4344,2002_d3,D,UV,D_UV,manual,2002_d3/run4344.root
4345,2002_d3,D,UV,D_UV,manual,2002_d3/run4345.root
4346,2002_d3,D,UV,D_UV,manual,2002_d3/run4346.root
4347,2002_d3,D,UV,D_UV,manual,2002_d3/run4347.root
4348,2002_d3,D,UV,D_UV,manual,2002_d3/run4348.root
4349,2002_d3,D,UV,D_UV,manual,2002_d3/run4349.root
4350,2002_d3,D,UV,D_UV,manual,2002_d3/run4350.root
4351,2002_d3,D,UV,D_UV,manual,2002_d3/run4351.root
4352,2002_d3,D,UV,D_UV,manual,2002_d3/run4352.root
4353,2002_d3,D,UV,D_UV,manual,2002_d3/run4353.root
4354,2002_d3,D,UV,D_UV,manual,2002_d3/run4354.root
4356,2002_d3,D,UV,D_UV,manual,2002_d3/run4356.root
4357,2002_d3,D,UV,D_UV,manual,2002_d3/run4357.root
4359,2002_d3,D,UV,D_UV,manual,2002_d3/run4359.root
4360,2002_d3,D,UV,D_UV,manual,2002_d3/run4360.root
4363,2002_d3,D,UV,D_UV,manual,2002_d3/run4363.root
4364,2002_d3,D,UV,D_UV,manual,2002_d3/run4364.root
4366,2002_d3,D,UV,D_UV,manual,2002_d3/run4366.root
4369,2002_d3,D,UV,D_UV,manual,2002_d3/run4369.root
4370,2002_d3,D,UV,D_UV,manual,2002_d3/run4370.root
4375,2002_d3,D,UV,D_UV,manual,2002_d3/run4375.root
4378,2002_d3,D,UV,D_UV,manual,2002_d3/run4378.root
4379,2002_d3,D,UV,D_UV,manual,2002_d3/run4379.root
4382,2002_d3,D,UV,D_UV,manual,2002_d3/run4382.root
4383,2002_d3,D,UV,D_UV,manual,2002_d3/run4383.root
4384,2002_d3,D,UV,D_UV,manual,2002_d3/run4384.root
4385,2002_d3,D,UV,D_UV,manual,2002_d3/run4385.root
4386,2002_d3,D,UV,D_UV,manual,2002_d3/run4386.root
4387,2002_d3,D,UV,D_UV,manual,2002_d3/run4387.root
4388,2002_d3,D,UV,D_UV,manual,2002_d3/run4388.root
4389,2002_d3,D,UV,D_UV,manual,2002_d3/run4389.root
4415,2003_vis,P,VIS,P_VIS,manual,2003_vis/run4415.root
4417,2003_vis,P,VIS,P_VIS,manual,2003_vis/run4417.root
4420,2003_vis,P,VIS,P_VIS,manual,2003_vis/run4420.root
4424,2003_vis,P,VIS,P_VIS,manual,2003_vis/run4424.root
4425,2003_vis,P,VIS,P_VIS,manual,2003_vis/run4425.root
4428,2003_vis,P,VIS,P_VIS,manual,2003_vis/run4428.root
4430,2003_vis,P,VIS,P_VIS,manual,2003_vis/run4430.root
4431,2003_vis,P,VIS,P_VIS,manual,2003_vis/run4431.root
4432,2003_vis,P,VIS,P_VIS,manual,2003_vis/run4432.root
4437,2003_vis,P,VIS,P_VIS,manual,2003_vis/run4437.root
4438,2003_vis,P,VIS,P_VIS,manual,2003_vis/run4438.root
4439,2003_vis,P,VIS,P_VIS,manual,2003_vis/run4439.root
4440,2003_vis,P,VIS,P_VIS,manual,2003_vis/run4440.root
4443,2003_vis,P,VIS,P_VIS,manual,2003_vis/run4443.root
4445,2003_vis,P,VIS,P_VIS,manual,2003_vis/run4445.root
4446,2003_vis,P,VIS,P_VIS,manual,2003_vis/run4446.root
4450,2003_vis,P,VIS,P_VIS,manual,2003_vis/run4450.root
4451,2003_vis,P,VIS,P_VIS,manual,2003_vis/run4451.root
4452,2003_vis,P,VIS,P_VIS,manual,2003_vis/run4452.root
4453,2003_vis,P,VIS,P_VIS,manual,2003_vis/run4453.root
4454,2003_vis,P,VIS,P_VIS,manual,2003_vis/run4454.root
4457,2003_vis,P,VIS,P_VIS,manual,2003_vis/run4457.root
4460,2003_vis,P,VIS,P_VIS,manual,2003_vis/run4460.root
4461,2003_vis,P,VIS,P_VIS,manual,2003_vis/run4461.root
4462,2003_vis,P,VIS,P_VIS,manual,2003_vis/run4462.root
4465,2003_vis,P,VIS,P_VIS,manual,2003_vis/run4465.root
4466,2003_vis,P,VIS,P_VIS,manual,2003_vis/run4466.root
4471,2003_vis,P,VIS,P_VIS,manual,2003_vis/run4471.root
4472,2003_vis,P,VIS,P_VIS,manual,2003_vis/run4472.root
4473,2003_vis,P,VIS,P_VIS,manual,2003_vis/run4473.root
4474,2003_vis,P,VIS,P_VIS,manual,2003_vis/run4474.root
4476,2003_vis,P,VIS,P_VIS,manual,2003_vis/run4476.root
4477,2003_vis,P,VIS,P_VIS,manual,2003_vis/run4477.root
4482,2003_vis,P,VIS,P_VIS,manual,2003_vis/run4482.root
4485,2003_vis,P,VIS,P_VIS,manual,2003_vis/run4485.root
4488,2003_vis,P,VIS,P_VIS,manual,2003_vis/run4488.root
4489,2003_vis,P,VIS,P_VIS,manual,2003_vis/run4489.root
4490,2003_vis,P,VIS,P_VIS,manual,2003_vis/run4490.root
4491,2003_vis,P,VIS,P_VIS,manual,2003_vis/run4491.root
4496,2003_vis,P,VIS,P_VIS,manual,2003_vis/run4496.root
4497,2003_vis,P,VIS,P_VIS,manual,2003_vis/run4497.root
4498,2003_vis,P,VIS,P_VIS,manual,2003_vis/run4498.root
4502,2003_vis,P,VIS,P_VIS,manual,2003_vis/run4502.root
4504,2003_vis,P,VIS,P_VIS,manual,2003_vis/run4504.root
4509,2003_vis,P,VIS,P_VIS,manual,2003_vis/run4509.root
4510,2003_vis,P,VIS,P_VIS,manual,2003_vis/run4510.root
4512,2003_vis,P,VIS,P_VIS,manual,2003_vis/run4512.root
4577,2005_d1,D,UV,D_UV,manual,2005_d1/run4577.root
4578,2005_d1,D,UV,D_UV,manual,2005_d1/run4578.root
4583,2005_d1,D,UV,D_UV,manual,2005_d1/run4583.root
4584,2005_d1,D,UV,D_UV,manual,2005_d1/run4584.root
4585,2005_d1,D,UV,D_UV,manual,2005_d1/run4585.root
4586,2005_d1,D,UV,D_UV,manual,2005_d1/run4586.root
4587,2005_d1,D,UV,D_UV,manual,2005_d1/run4587.root
4590,2005_d1,D,UV,D_UV,manual,2005_d1/run4590.root
4591,2005_d1,D,UV,D_UV,manual,2005_d1/run4591.root
4592,2005_d1,D,UV,D_UV,manual,2005_d1/run4592.root
4593,2005_d1,D,UV,D_UV,manual,2005_d1/run4593.root
4594,2005_d1,D,UV,D_UV,manual,2005_d1/run4594.root
4595,2005_d1,D,UV,D_UV,manual,2005_d1/run4595.root
4596,2005_d1,D,UV,D_UV,manual,2005_d1/run4596.root
4597,2005_d1,D,UV,D_UV,manual,2005_d1/run4597.root
4598,2005_d1,D,UV,D_UV,manual,2005_d1/run4598.root
4599,2005_d1,D,UV,D_UV,manual,2005_d1/run4599.root
4600,2005_d1,D,UV,D_UV,manual,2005_d1/run4600.root
4601,2005_d1,D,UV,D_UV,manual,2005_d1/run4601.root
4602,2005_d1,D,UV,D_UV,manual,2005_d1/run4602.root
4603,2005_d1,D,UV,D_UV,manual,2005_d1/run4603.root
4604,2005_d1,D,UV,D_UV,manual,2005_d1/run4604.root
4606,2005_d1,D,UV,D_UV,manual,2005_d1/run4606.root
4608,2005_d2,D,UV,D_UV,manual,2005_d2/run4608.root
4609,2005_d2,D,UV,D_UV,manual,2005_d2/run4609.root
4610,2005_d2,D,UV,D_UV,manual,2005_d2/run4610.root
4611,2005_d2,D,UV,D_UV,manual,2005_d2/run4611.root
4612,2005_d2,D,UV,D_UV,manual,2005_d2/run4612.root
4613,2005_d2,D,UV,D_UV,manual,2005_d2/run4613.root
4614,2005_d2,D,UV,D_UV,manual,2005_d2/run4614.root
4615,2005_d2,D,UV,D_UV,manual,2005_d2/run4615.root
4616,2005_d2,D,UV,D_UV,manual,2005_d2/run4616.root
4617,2005_d2,D,UV,D_UV,manual,2005_d2/run4617.root
4619,2005_d2,D,UV,D_UV,manual,2005_d2/run4619.root
4620,2005_d2,D,UV,D_UV,manual,2005_d2/run4620.root
4621,2005_d2,D,UV,D_UV,manual,2005_d2/run4621.root
4622,2005_d2,D,UV,D_UV,manual,2005_d2/run4622.root
4623,2005_d2,D,UV,D_UV,manual,2005_d2/run4623.root
4624,2005_d2,D,UV,D_UV,manual,2005_d2/run4624.root
4626,2005_d2,D,UV,D_UV,manual,2005_d2/run4626.root
4627,2005_d2,D,UV,D_UV,manual,2005_d2/run4627.root
4629,2005_d2,D,UV,D_UV,manual,2005_d2/run4629.root
4631,2005_d2,D,UV,D_UV,manual,2005_d2/run4631.root
4632,2005_d2,D,UV,D_UV,manual,2005_d2/run4632.root
4633,2005_d2,D,UV,D_UV,manual,2005_d2/run4633.root
4634,2005_d2,D,UV,D_UV,manual,2005_d2/run4634.root
4635,2005_d2,D,UV,D_UV,manual,2005_d2/run4635.root
4636,2005_d2,D,UV,D_UV,manual,2005_d2/run4636.root
4637,2005_d2,D,UV,D_UV,manual,2005_d2/run4637.root
4638,2005_d2,D,UV,D_UV,manual,2005_d2/run4638.root
4639,2005_d2,D,UV,D_UV,manual,2005_d2/run4639.root
4640,2005_d2,D,UV,D_UV,manual,2005_d2/run4640.root
4641,2005_d2,D,UV,D_UV,manual,2005_d2/run4641.root
4643,2005_d2,D,UV,D_UV,manual,2005_d2/run4643.root
4644,2005_d2,D,UV,D_UV,manual,2005_d2/run4644.root
4645,2005_d2,D,UV,D_UV,manual,2005_d2/run4645.root
4646,2005_d2,D,UV,D_UV,manual,2005_d2/run4646.root
4647,2005_d2,D,UV,D_UV,manual,2005_d2/run4647.root
4648,2005_d2,D,UV,D_UV,manual,2005_d2/run4648.root
4649,2005_d2,D,UV,D_UV,manual,2005_d2/run4649.root
4650,2005_d2,D,UV,D_UV,manual,2005_d2/run4650.root
4651,2005_d2,D,UV,D_UV,manual,2005_d2/run4651.root
4652,2005_d2,D,UV,D_UV,manual,2005_d2/run4652.root
4653,2005_d2,D,UV,D_UV,manual,2005_d2/run4653.root
4656,2005_d2,D,UV,D_UV,manual,2005_d2/run4656.root
4657,2005_d2,D,UV,D_UV,manual,2005_d2/run4657.root
4658,2005_d2,D,UV,D_UV,manual,2005_d2/run4658.root
4659,2005_d2,D,UV,D_UV,manual,2005_d2/run4659.root
4660,2005_d2,D,UV,D_UV,manual,2005_d2/run4660.root
4662,2005_d2,D,UV,D_UV,manual,2005_d2/run4662.root
4664,2005_d2,D,UV,D_UV,manual,2005_d2/run4664.root
4665,2005_d2,D,UV,D_UV,manual,2005_d2/run4665.root
4667,2005_d2,D,UV,D_UV,manual,2005_d2/run4667.root
4668,2005_d2,D,UV,D_UV,manual,2005_d2/run4668.root
4670,2005_d2,D,UV,D_UV,manual,2005_d2/run4670.root
4673,2005_d2,D,UV,D_UV,manual,2005_d2/run4673.root
4675,2005_d2,D,UV,D_UV,manual,2005_d2/run4675.root
4678,2005_d2,D,UV,D_UV,manual,2005_d2/run4678.root
4680,2005_d2,D,UV,D_UV,manual,2005_d2/run4680.root
4681,2005_d2,D,UV,D_UV,manual,2005_d2/run4681.root
4683,2005_d2,D,UV,D_UV,manual,2005_d2/run4683.root
4684,2005_d2,D,UV,D_UV,manual,2005_d2/run4684.root
4685,2005_d2,D,UV,D_UV,manual,2005_d2/run4685.root
4686,2005_d2,D,UV,D_UV,manual,2005_d2/run4686.root
4687,2005_d2,D,UV,D_UV,manual,2005_d2/run4687.root
4688,2005_d2,D,UV,D_UV,manual,2005_d2/run4688.root
4689,2005_d2,D,UV,D_UV,manual,2005_d2/run4689.root
4690,2005_d2,D,UV,D_UV,manual,2005_d2/run4690.root
4691,2005_d2,D,UV,D_UV,manual,2005_d2/run4691.root
4692,2005_d2,D,UV,D_UV,manual,2005_d2/run4692.root
4693,2005_d2,D,UV,D_UV,manual,2005_d2/run4693.root
4694,2005_d2,D,UV,D_UV,manual,2005_d2/run4694.root
4695,2005_d2,D,UV,D_UV,manual,2005_d2/run4695.root
4696,2005_d2,D,UV,D_UV,manual,2005_d2/run4696.root
4697,2005_d2,D,UV,D_UV,manual,2005_d2/run4697.root
4698,2005_d2,D,UV,D_UV,manual,2005_d2/run4698.root
4699,2005_d2,D,UV,D_UV,manual,2005_d2/run4699.root
4700,2005_d2,D,UV,D_UV,manual,2005_d2/run4700.root
4701,2005_d2,D,UV,D_UV,manual,2005_d2/run4701.root
4702,2005_d2,D,UV,D_UV,manual,2005_d2/run4702.root
4705,2005_d2,D,UV,D_UV,manual,2005_d2/run4705.root
4706,2005_d2,D,UV,D_UV,manual,2005_d2/run4706.root
4707,2005_d2,D,UV,D_UV,manual,2005_d2/run4707.root
4708,2005_d2,D,UV,D_UV,manual,2005_d2/run4708.root
4709,2005_d2,D,UV,D_UV,manual,2005_d2/run4709.root
4710,2005_d2,D,UV,D_UV,manual,2005_d2/run4710.root
4711,2005_d2,D,UV,D_UV,manual,2005_d2/run4711.root
4712,2005_d2,D,UV,D_UV,manual,2005_d2/run4712.root
4713,2005_d2,D,UV,D_UV,manual,2005_d2/run4713.root
4714,2005_d2,D,UV,D_UV,manual,2005_d2/run4714.root
4716,2005_d2,D,UV,D_UV,manual,2005_d2/run4716.root
4717,2005_d2,D,UV,D_UV,manual,2005_d2/run4717.root
4719,2005_d2,D,UV,D_UV,manual,2005_d2/run4719.root
4720,2005_d2,D,UV,D_UV,manual,2005_d2/run4720.root
4722,2005_d2,D,UV,D_UV,manual,2005_d2/run4722.root
4723,2005_d2,D,UV,D_UV,manual,2005_d2/run4723.root
4724,2005_d2,D,UV,D_UV,manual,2005_d2/run4724.root
4726,2005_d2,D,UV,D_UV,manual,2005_d2/run4726.root
4727,2005_d2,D,UV,D_UV,manual,2005_d2/run4727.root
4728,2005_d2,D,UV,D_UV,manual,2005_d2/run4728.root
4730,2005_d2,D,UV,D_UV,manual,2005_d2/run4730.root
4731,2005_d2,D,UV,D_UV,manual,2005_d2/run4731.root
4732,2005_d2,D,UV,D_UV,manual,2005_d2/run4732.root
4733,2005_d2,D,UV,D_UV,manual,2005_d2/run4733.root
4734,2005_d2,D,UV,D_UV,manual,2005_d2/run4734.root
4735,2005_d2,D,UV,D_UV,manual,2005_d2/run4735.root
4736,2005_d2,D,UV,D_UV,manual,2005_d2/run4736.root
4737,2005_d2,D,UV,D_UV,manual,2005_d2/run4737.root
4739,2005_d2,D,UV,D_UV,manual,2005_d2/run4739.root
4740,2005_d2,D,UV,D_UV,manual,2005_d2/run4740.root
4741,2005_d2,D,UV,D_UV,manual,2005_d2/run4741.root
4743,2005_d2,D,UV,D_UV,manual,2005_d2/run4743.root
4744,2005_d2,D,UV,D_UV,manual,2005_d2/run4744.root
4745,2005_d2,D,UV,D_UV,manual,2005_d2/run4745.root
4746,2005_d2,D,UV,D_UV,manual,2005_d2/run4746.root
4747,2005_d2,D,UV,D_UV,manual,2005_d2/run4747.root
4749,2005_d2,D,UV,D_UV,manual,2005_d2/run4749.root
4750,2005_d2,D,UV,D_UV,manual,2005_d2/run4750.root
4752,2005_d2,D,UV,D_UV,manual,2005_d2/run4752.root
4753,2005_d2,D,UV,D_UV,manual,2005_d2/run4753.root
4754,2005_d2,D,UV,D_UV,manual,2005_d2/run4754.root
4755,2005_d2,D,UV,D_UV,manual,2005_d2/run4755.root
4756,2005_d2,D,UV,D_UV,manual,2005_d2/run4756.root
4757,2005_d2,D,UV,D_UV,manual,2005_d2/run4757.root
4760,2005_d2,D,UV,D_UV,manual,2005_d2/run4760.root
4761,2005_d2,D,UV,D_UV,manual,2005_d2/run4761.root
4762,2005_d2,D,UV,D_UV,manual,2005_d2/run4762.root
4764,2005_d2,D,UV,D_UV,manual,2005_d2/run4764.root
4765,2005_d2,D,UV,D_UV,manual,2005_d2/run4765.root
4766,2005_d2,D,UV,D_UV,manual,2005_d2/run4766.root
4767,2005_d2,D,UV,D_UV,manual,2005_d2/run4767.root
4768,2005_d2,D,UV,D_UV,manual,2005_d2/run4768.root
4769,2005_d2,D,UV,D_UV,manual,2005_d2/run4769.root
4770,2005_d2,D,UV,D_UV,manual,2005_d2/run4770.root
4771,2005_d2,D,UV,D_UV,manual,2005_d2/run4771.root
4772,2005_d2,D,UV,D_UV,manual,2005_d2/run4772.root
4773,2005_d2,D,UV,D_UV,manual,2005_d2/run4773.root
4774,2005_d2,D,UV,D_UV,manual,2005_d2/run4774.root
4775,2005_d2,D,UV,D_UV,manual,2005_d2/run4775.root
4776,2005_d2,D,UV,D_UV,manual,2005_d2/run4776.root
4777,2005_d2,D,UV,D_UV,manual,2005_d2/run4777.root
4778,2005_d2,D,UV,D_UV,manual,2005_d2/run4778.root
4779,2005_d2,D,UV,D_UV,manual,2005_d2/run4779.root
4781,2005_d2,D,UV,D_UV,manual,2005_d2/run4781.root
4782,2005_d2,D,UV,D_UV,manual,2005_d2/run4782.root
4783,2005_d2,D,UV,D_UV,manual,2005_d2/run4783.root
4784,2005_d2,D,UV,D_UV,manual,2005_d2/run4784.root
4785,2005_d2,D,UV,D_UV,manual,2005_d2/run4785.root
4786,2005_d2,D,UV,D_UV,manual,2005_d2/run4786.root
4787,2005_d2,D,UV,D_UV,manual,2005_d2/run4787.root
4788,2005_d2,D,UV,D_UV,manual,2005_d2/run4788.root
4789,2005_d2,D,UV,D_UV,manual,2005_d2/run4789.root
4790,2005_d2,D,UV,D_UV,manual,2005_d2/run4790.root
4791,2005_d2,D,UV,D_UV,manual,2005_d2/run4791.root
4797,2006_d,D,UV,D_UV,manual,2006_d/run4797.root
4798,2006_d,D,UV,D_UV,manual,2006_d/run4798.root
4799,2006_d,D,UV,D_UV,manual,2006_d/run4799.root
4800,2006_d,D,UV,D_UV,manual,2006_d/run4800.root
4801,2006_d,D,UV,D_UV,manual,2006_d/run4801.root
4802,2006_d,D,UV,D_UV,manual,2006_d/run4802.root
4803,2006_d,D,UV,D_UV,manual,2006_d/run4803.root
4804,2006_d,D,UV,D_UV,manual,2006_d/run4804.root
4805,2006_d,D,UV,D_UV,manual,2006_d/run4805.root
4806,2006_d,D,UV,D_UV,manual,2006_d/run4806.root
4807,2006_d,D,UV,D_UV,manual,2006_d/run4807.root
4808,2006_d,D,UV,D_UV,manual,2006_d/run4808.root
4810,2006_d,D,UV,D_UV,manual,2006_d/run4810.root
4811,2006_d,D,UV,D_UV,manual,2006_d/run4811.root
4812,2006_d,D,UV,D_UV,manual,2006_d/run4812.root
4813,2006_d,D,UV,D_UV,manual,2006_d/run4813.root
4814,2006_d,D,UV,D_UV,manual,2006_d/run4814.root
4815,2006_d,D,UV,D_UV,manual,2006_d/run4815.root
4816,2006_d,D,UV,D_UV,manual,2006_d/run4816.root
4817,2006_d,D,UV,D_UV,manual,2006_d/run4817.root
4818,2006_d,D,UV,D_UV,manual,2006_d/run4818.root
4819,2006_d,D,UV,D_UV,manual,2006_d/run4819.root
4820,2006_d,D,UV,D_UV,manual,2006_d/run4820.root
4821,2006_d,D,UV,D_UV,manual,2006_d/run4821.root
4822,2006_d,D,UV,D_UV,manual,2006_d/run4822.root
4823,2006_d,D,UV,D_UV,manual,2006_d/run4823.root
4824,2006_d,D,UV,D_UV,manual,2006_d/run4824.root
4825,2006_d,D,UV,D_UV,manual,2006_d/run4825.root
4826,2006_d,D,UV,D_UV,manual,2006_d/run4826.root
4827,2006_d,D,UV,D_UV,manual,2006_d/run4827.root
4828,2006_d,D,UV,D_UV,manual,2006_d/run4828.root
4829,2006_d,D,UV,D_UV,manual,2006_d/run4829.root
4830,2006_d,D,UV,D_UV,manual,2006_d/run4830.root
4831,2006_d,D,UV,D_UV,manual,2006_d/run4831.root
4832,2006_d,D,UV,D_UV,manual,2006_d/run4832.root
4833,2006_d,D,UV,D_UV,manual,2006_d/run4833.root
4834,2006_d,D,UV,D_UV,manual,2006_d/run4834.root
4838,2006_d,D,UV,D_UV,manual,2006_d/run4838.root
4839,2006_d,D,UV,D_UV,manual,2006_d/run4839.root
4840,2006_d,D,UV,D_UV,manual,2006_d/run4840.root
4841,2006_d,D,UV,D_UV,manual,2006_d/run4841.root
4842,2006_d,D,UV,D_UV,manual,2006_d/run4842.root
4845,2006_d,D,UV,D_UV,manual,2006_d/run4845.root
4846,2006_d,D,UV,D_UV,manual,2006_d/run4846.root
4847,2006_d,D,UV,D_UV,manual,2006_d/run4847.root
4848,2006_d,D,UV,D_UV,manual,2006_d/run4848.root
4849,2006_d,D,UV,D_UV,manual,2006_d/run4849.root
4850,2006_d,D,UV,D_UV,manual,2006_d/run4850.root
4851,2006_d,D,UV,D_UV,manual,2006_d/run4851.root
4852,2006_d,D,UV,D_UV,manual,2006_d/run4852.root
4853,2006_d,D,UV,D_UV,manual,2006_d/run4853.root
4854,2006_d,D,UV,D_UV,manual,2006_d/run4854.root
4855,2006_d,D,UV,D_UV,manual,2006_d/run4855.root
4856,2006_d,D,UV,D_UV,manual,2006_d/run4856.root
4857,2006_d,D,UV,D_UV,manual,2006_d/run4857.root
4858,2006_d,D,UV,D_UV,manual,2006_d/run4858.root
4859,2006_d,D,UV,D_UV,manual,2006_d/run4859.root
4860,2006_d,D,UV,D_UV,manual,2006_d/run4860.root
4861,2006_d,D,UV,D_UV,manual,2006_d/run4861.root
4862,2006_d,D,UV,D_UV,manual,2006_d/run4862.root
4863,2006_d,D,UV,D_UV,manual,2006_d/run4863.root
4864,2006_d,D,UV,D_UV,manual,2006_d/run4864.root
4865,2006_d,D,UV,D_UV,manual,2006_d/run4865.root
4866,2006_d,D,UV,D_UV,manual,2006_d/run4866.root
4867,2006_d,D,UV,D_UV,manual,2006_d/run4867.root
4868,2006_d,D,UV,D_UV,manual,2006_d/run4868.root
4869,2006_d,D,UV,D_UV,manual,2006_d/run4869.root
4870,2006_d,D,UV,D_UV,manual,2006_d/run4870.root
4871,2006_d,D,UV,D_UV,manual,2006_d/run4871.root
4872,2006_d,D,UV,D_UV,manual,2006_d/run4872.root
4873,2006_d,D,UV,D_UV,manual,2006_d/run4873.root
4874,2006_d,D,UV,D_UV,manual,2006_d/run4874.root
4875,2006_d,D,UV,D_UV,manual,2006_d/run4875.root
4876,2006_d,D,UV,D_UV,manual,2006_d/run4876.root
4877,2006_d,D,UV,D_UV,manual,2006_d/run4877.root
4878,2006_d,D,UV,D_UV,manual,2006_d/run4878.root
4879,2006_d,D,UV,D_UV,manual,2006_d/run4879.root
4880,2006_d,D,UV,D_UV,manual,2006_d/run4880.root
4881,2006_d,D,UV,D_UV,manual,2006_d/run4881.root
4882,2006_d,D,UV,D_UV,manual,2006_d/run4882.root
4883,2006_d,D,UV,D_UV,manual,2006_d/run4883.root
4884,2006_d,D,UV,D_UV,manual,2006_d/run4884.root
4885,2006_d,D,UV,D_UV,manual,2006_d/run4885.root
4886,2006_d,D,UV,D_UV,manual,2006_d/run4886.root
4887,2006_d,D,UV,D_UV,manual,2006_d/run4887.root
4888,2006_d,D,UV,D_UV,manual,2006_d/run4888.root
4889,2006_d,D,UV,D_UV,manual,2006_d/run4889.root
4890,2006_d,D,UV,D_UV,manual,2006_d/run4890.root
4891,2006_d,D,UV,D_UV,manual,2006_d/run4891.root
4892,2006_d,D,UV,D_UV,manual,2006_d/run4892.root
4893,2006_d,D,UV,D_UV,manual,2006_d/run4893.root
4894,2006_d,D,UV,D_UV,manual,2006_d/run4894.root
4895,2006_d,D,UV,D_UV,manual,2006_d/run4895.root
4896,2006_d,D,UV,D_UV,manual,2006_d/run4896.root
4897,2006_d,D,UV,D_UV,manual,2006_d/run4897.root
4898,2006_d,D,UV,D_UV,manual,2006_d/run4898.root
4899,2006_d,D,UV,D_UV,manual,2006_d/run4899.root
4900,2006_d,D,UV,D_UV,manual,2006_d/run4900.root
4901,2006_d,D,UV,D_UV,manual,2006_d/run4901.root
4902,2006_d,D,UV,D_UV,manual,2006_d/run4902.root
4903,2006_d,D,UV,D_UV,manual,2006_d/run4903.root
4904,2006_d,D,UV,D_UV,manual,2006_d/run4904.root
4905,2006_d,D,UV,D_UV,manual,2006_d/run4905.root
4906,2006_d,D,UV,D_UV,manual,2006_d/run4906.root
4907,2006_d,D,UV,D_UV,manual,2006_d/run4907.root
4908,2006_d,D,UV,D_UV,manual,2006_d/run4908.root
4909,2006_d,D,UV,D_UV,manual,2006_d/run4909.root
4910,2006_d,D,UV,D_UV,manual,2006_d/run4910.root
4911,2006_d,D,UV,D_UV,manual,2006_d/run4911.root
4912,2006_d,D,UV,D_UV,manual,2006_d/run4912.root
4913,2006_d,D,UV,D_UV,manual,2006_d/run4913.root
4914,2006_d,D,UV,D_UV,manual,2006_d/run4914.root
5000,2006_d,D,UV,D_UV,manual,2006_d/run5000.root
5001,2006_d,D,UV,D_UV,manual,2006_d/run5001.root
5003,2006_d,D,UV,D_UV,manual,2006_d/run5003.root
5005,2006_d,D,UV,D_UV,manual,2006_d/run5005.root
5006,2006_d,D,UV,D_UV,manual,2006_d/run5006.root
5007,2006_d,D,UV,D_UV,manual,2006_d/run5007.root
5008,2006_d,D,UV,D_UV,manual,2006_d/run5008.root
5009,2006_d,D,UV,D_UV,manual,2006_d/run5009.root
5010,2006_d,D,UV,D_UV,manual,2006_d/run5010.root
5011,2006_d,D,UV,D_UV,manual,2006_d/run5011.root
5012,2006_d,D,UV,D_UV,manual,2006_d/run5012.root
5013,2006_d,D,UV,D_UV,manual,2006_d/run5013.root
5014,2006_d,D,UV,D_UV,manual,2006_d/run5014.root
5015,2006_d,D,UV,D_UV,manual,2006_d/run5015.root
5016,2006_d,D,UV,D_UV,manual,2006_d/run5016.root
5017,2006_d,D,UV,D_UV,manual,2006_d/run5017.root
5018,2006_d,D,UV,D_UV,manual,2006_d/run5018.root
