PROGRESS: h80 files=1 processed_entries=1000000 valid_entries=1000000 skipped_entries=0 skipped_files=0 current=/data/graal/pre_analisi/pre_analisi_1998_uv.root
PROGRESS: h80 files=1 processed_entries=2000000 valid_entries=2000000 skipped_entries=0 skipped_files=0 current=/data/graal/pre_analisi/pre_analisi_1998_uv.root
PROGRESS: h80 files=1 processed_entries=3000000 valid_entries=3000000 skipped_entries=0 skipped_files=0 current=/data/graal/pre_analisi/pre_analisi_1998_uv.root
PROGRESS: h80 files=1 processed_entries=4000000 valid_entries=4000000 skipped_entries=0 skipped_files=0 current=/data/graal/pre_analisi/pre_analisi_1998_uv.root
PROGRESS: h80 files=1 processed_entries=5000000 valid_entries=5000000 skipped_entries=0 skipped_files=0 current=/data/graal/pre_analisi/pre_analisi_1998_uv.root
PROGRESS: h80 files=1 processed_entries=6000000 valid_entries=6000000 skipped_entries=0 skipped_files=0 current=/data/graal/pre_analisi/pre_analisi_1998_uv.root
PROGRESS: h80 files=1 processed_entries=7000000 valid_entries=7000000 skipped_entries=0 skipped_files=0 current=/data/graal/pre_analisi/pre_analisi_1998_uv.root
PROGRESS: h80 files=1 processed_entries=8000000 valid_entries=8000000 skipped_entries=0 skipped_files=0 current=/data/graal/pre_analisi/pre_analisi_1998_uv.root
PROGRESS: h80 files=1 processed_entries=9000000 valid_entries=9000000 skipped_entries=0 skipped_files=0 current=/data/graal/pre_analisi/pre_analisi_1998_uv.root
PROGRESS: h80 files=1 processed_entries=10000000 valid_entries=10000000 skipped_entries=0 skipped_files=0 current=/data/graal/pre_analisi/pre_analisi_1998_uv.root
PROGRESS: h80 files=1 processed_entries=11000000 valid_entries=11000000 skipped_entries=0 skipped_files=0 current=/data/graal/pre_analisi/pre_analisi_1998_uv.root
PROGRESS: h80 files=1 processed_entries=12000000 valid_entries=12000000 skipped_entries=0 skipped_files=0 current=/data/graal/pre_analisi/pre_analisi_1998_uv.root
PROGRESS: h80 files=1 processed_entries=13000000 valid_entries=13000000 skipped_entries=0 skipped_files=0 current=/data/graal/pre_analisi/pre_analisi_1998_uv.root
PROGRESS: h80 files=1 processed_entries=14000000 valid_entries=14000000 skipped_entries=0 skipped_files=0 current=/data/graal/pre_analisi/pre_analisi_1998_uv.root
PROGRESS: h80 files=1 processed_entries=15000000 valid_entries=15000000 skipped_entries=0 skipped_files=0 current=/data/graal/pre_analisi/pre_analisi_1998_uv.root
PROGRESS: h80 files=1 processed_entries=16000000 valid_entries=16000000 skipped_entries=0 skipped_files=0 current=/data/graal/pre_analisi/pre_analisi_1998_uv.root
PROGRESS: h80 files=1 processed_entries=17000000 valid_entries=17000000 skipped_entries=0 skipped_files=0 current=/data/graal/pre_analisi/pre_analisi_1998_uv.root
PROGRESS: h80 files=1 processed_entries=18000000 valid_entries=18000000 skipped_entries=0 skipped_files=0 current=/data/graal/pre_analisi/pre_analisi_1998_uv.root
PROGRESS: h80 files=1 processed_entries=19000000 valid_entries=19000000 skipped_entries=0 skipped_files=0 current=/data/graal/pre_analisi/pre_analisi_1998_uv.root
PROGRESS: h80 files=1 processed_entries=20000000 valid_entries=20000000 skipped_entries=0 skipped_files=0 current=/data/graal/pre_analisi/pre_analisi_1998_uv.root
PROGRESS: h80 files=1 processed_entries=21000000 valid_entries=21000000 skipped_entries=0 skipped_files=0 current=/data/graal/pre_analisi/pre_analisi_1998_uv.root
PROGRESS: h80 files=1 processed_entries=22000000 valid_entries=22000000 skipped_entries=0 skipped_files=0 current=/data/graal/pre_analisi/pre_analisi_1998_uv.root
PROGRESS: h80 files=1 processed_entries=23000000 valid_entries=23000000 skipped_entries=0 skipped_files=0 current=/data/graal/pre_analisi/pre_analisi_1998_uv.root
PROGRESS: h80 files=1 processed_entries=24000000 valid_entries=24000000 skipped_entries=0 skipped_files=0 current=/data/graal/pre_analisi/pre_analisi_1998_uv.root
PROGRESS: h80 files=1 processed_entries=25000000 valid_entries=25000000 skipped_entries=0 skipped_files=0 current=/data/graal/pre_analisi/pre_analisi_1998_uv.root
PROGRESS: h80 files=1 processed_entries=26000000 valid_entries=26000000 skipped_entries=0 skipped_files=0 current=/data/graal/pre_analisi/pre_analisi_1998_uv.root
PROGRESS: h80 files=1 processed_entries=27000000 valid_entries=27000000 skipped_entries=0 skipped_files=0 current=/data/graal/pre_analisi/pre_analisi_1998_uv.root
PROGRESS: h80 files=1 processed_entries=28000000 valid_entries=28000000 skipped_entries=0 skipped_files=0 current=/data/graal/pre_analisi/pre_analisi_1998_uv.root
PROGRESS: h80 files=1 processed_entries=29000000 valid_entries=29000000 skipped_entries=0 skipped_files=0 current=/data/graal/pre_analisi/pre_analisi_1998_uv.root
PROGRESS: h80 files=1 processed_entries=30000000 valid_entries=30000000 skipped_entries=0 skipped_files=0 current=/data/graal/pre_analisi/pre_analisi_1998_uv.root
PROGRESS: h80 files=1 processed_entries=31000000 valid_entries=31000000 skipped_entries=0 skipped_files=0 current=/data/graal/pre_analisi/pre_analisi_1998_uv.root
PROGRESS: h80 files=1 processed_entries=32000000 valid_entries=32000000 skipped_entries=0 skipped_files=0 current=/data/graal/pre_analisi/pre_analisi_1998_uv.root
PROGRESS: h80 files=1 processed_entries=33000000 valid_entries=33000000 skipped_entries=0 skipped_files=0 current=/data/graal/pre_analisi/pre_analisi_1998_uv.root
PROGRESS: h80 files=1 processed_entries=34000000 valid_entries=34000000 skipped_entries=0 skipped_files=0 current=/data/graal/pre_analisi/pre_analisi_1998_uv.root
PROGRESS: h80 files=1 processed_entries=35000000 valid_entries=35000000 skipped_entries=0 skipped_files=0 current=/data/graal/pre_analisi/pre_analisi_1998_uv.root
PROGRESS: h80 files=1 processed_entries=36000000 valid_entries=36000000 skipped_entries=0 skipped_files=0 current=/data/graal/pre_analisi/pre_analisi_1998_uv.root
PROGRESS: h80 files=1 processed_entries=37000000 valid_entries=37000000 skipped_entries=0 skipped_files=0 current=/data/graal/pre_analisi/pre_analisi_1998_uv.root
PROGRESS: h80 files=1 processed_entries=38000000 valid_entries=38000000 skipped_entries=0 skipped_files=0 current=/data/graal/pre_analisi/pre_analisi_1998_uv.root
PROGRESS: h80 files=1 processed_entries=39000000 valid_entries=39000000 skipped_entries=0 skipped_files=0 current=/data/graal/pre_analisi/pre_analisi_1998_uv.root
PROGRESS: h80 files=1 processed_entries=40000000 valid_entries=40000000 skipped_entries=0 skipped_files=0 current=/data/graal/pre_analisi/pre_analisi_1998_uv.root
PROGRESS: h80 files=1 processed_entries=41000000 valid_entries=41000000 skipped_entries=0 skipped_files=0 current=/data/graal/pre_analisi/pre_analisi_1998_uv.root
PROGRESS: h80 files=1 processed_entries=42000000 valid_entries=42000000 skipped_entries=0 skipped_files=0 current=/data/graal/pre_analisi/pre_analisi_1998_uv.root
PROGRESS: h80 files=1 processed_entries=43000000 valid_entries=43000000 skipped_entries=0 skipped_files=0 current=/data/graal/pre_analisi/pre_analisi_1998_uv.root
PROGRESS: h80 files=1 processed_entries=44000000 valid_entries=44000000 skipped_entries=0 skipped_files=0 current=/data/graal/pre_analisi/pre_analisi_1998_uv.root
PROGRESS: h80 files=1 processed_entries=45000000 valid_entries=45000000 skipped_entries=0 skipped_files=0 current=/data/graal/pre_analisi/pre_analisi_1998_uv.root
PROGRESS: h80 files=1 processed_entries=46000000 valid_entries=46000000 skipped_entries=0 skipped_files=0 current=/data/graal/pre_analisi/pre_analisi_1998_uv.root
PROGRESS: h80 files=1 processed_entries=47000000 valid_entries=47000000 skipped_entries=0 skipped_files=0 current=/data/graal/pre_analisi/pre_analisi_1998_uv.root
PROGRESS: h80 files=1 processed_entries=48000000 valid_entries=48000000 skipped_entries=0 skipped_files=0 current=/data/graal/pre_analisi/pre_analisi_1998_uv.root
PROGRESS: h80 files=1 processed_entries=49000000 valid_entries=49000000 skipped_entries=0 skipped_files=0 current=/data/graal/pre_analisi/pre_analisi_1998_uv.root
PROGRESS: h80 files=1 processed_entries=50000000 valid_entries=50000000 skipped_entries=0 skipped_files=0 current=/data/graal/pre_analisi/pre_analisi_1998_uv.root
PROGRESS: h80 files=1 processed_entries=51000000 valid_entries=51000000 skipped_entries=0 skipped_files=0 current=/data/graal/pre_analisi/pre_analisi_1998_uv.root
PROGRESS: h80 files=1 processed_entries=52000000 valid_entries=52000000 skipped_entries=0 skipped_files=0 current=/data/graal/pre_analisi/pre_analisi_1998_uv.root
PROGRESS: h80 files=1 processed_entries=53000000 valid_entries=53000000 skipped_entries=0 skipped_files=0 current=/data/graal/pre_analisi/pre_analisi_1998_uv.root
PROGRESS: h80 files=1 processed_entries=54000000 valid_entries=54000000 skipped_entries=0 skipped_files=0 current=/data/graal/pre_analisi/pre_analisi_1998_uv.root
PROGRESS: h80 files=1 processed_entries=55000000 valid_entries=55000000 skipped_entries=0 skipped_files=0 current=/data/graal/pre_analisi/pre_analisi_1998_uv.root
PROGRESS: h80 files=1 processed_entries=56000000 valid_entries=56000000 skipped_entries=0 skipped_files=0 current=/data/graal/pre_analisi/pre_analisi_1998_uv.root
PROGRESS: h80 files=1 processed_entries=57000000 valid_entries=57000000 skipped_entries=0 skipped_files=0 current=/data/graal/pre_analisi/pre_analisi_1998_uv.root
PROGRESS: h80 files=1 processed_entries=58000000 valid_entries=58000000 skipped_entries=0 skipped_files=0 current=/data/graal/pre_analisi/pre_analisi_1998_uv.root
PROGRESS: h80 files=1 processed_entries=59000000 valid_entries=59000000 skipped_entries=0 skipped_files=0 current=/data/graal/pre_analisi/pre_analisi_1998_uv.root
PROGRESS: h80 files=1 processed_entries=60000000 valid_entries=60000000 skipped_entries=0 skipped_files=0 current=/data/graal/pre_analisi/pre_analisi_1998_uv.root
PROGRESS: h80 files=1 processed_entries=61000000 valid_entries=61000000 skipped_entries=0 skipped_files=0 current=/data/graal/pre_analisi/pre_analisi_1998_uv.root
PROGRESS: h80 files=1 processed_entries=62000000 valid_entries=62000000 skipped_entries=0 skipped_files=0 current=/data/graal/pre_analisi/pre_analisi_1998_uv.root
PROGRESS: h80 files=1 processed_entries=63000000 valid_entries=63000000 skipped_entries=0 skipped_files=0 current=/data/graal/pre_analisi/pre_analisi_1998_uv.root
PROGRESS: h80 files=1 processed_entries=64000000 valid_entries=64000000 skipped_entries=0 skipped_files=0 current=/data/graal/pre_analisi/pre_analisi_1998_uv.root
PROGRESS: h80 files=1 processed_entries=65000000 valid_entries=65000000 skipped_entries=0 skipped_files=0 current=/data/graal/pre_analisi/pre_analisi_1998_uv.root
PROGRESS: h80 files=1 processed_entries=66000000 valid_entries=66000000 skipped_entries=0 skipped_files=0 current=/data/graal/pre_analisi/pre_analisi_1998_uv.root
PROGRESS: h80 files=1 processed_entries=67000000 valid_entries=67000000 skipped_entries=0 skipped_files=0 current=/data/graal/pre_analisi/pre_analisi_1998_uv.root
PROGRESS: h80 files=1 processed_entries=68000000 valid_entries=68000000 skipped_entries=0 skipped_files=0 current=/data/graal/pre_analisi/pre_analisi_1998_uv.root
PROGRESS: h80 files=1 processed_entries=69000000 valid_entries=69000000 skipped_entries=0 skipped_files=0 current=/data/graal/pre_analisi/pre_analisi_1998_uv.root
PROGRESS: h80 files=1 processed_entries=70000000 valid_entries=70000000 skipped_entries=0 skipped_files=0 current=/data/graal/pre_analisi/pre_analisi_1998_uv.root
PROGRESS: h80 files=1 processed_entries=71000000 valid_entries=71000000 skipped_entries=0 skipped_files=0 current=/data/graal/pre_analisi/pre_analisi_1998_uv.root
PROGRESS: h80 files=1 processed_entries=72000000 valid_entries=72000000 skipped_entries=0 skipped_files=0 current=/data/graal/pre_analisi/pre_analisi_1998_uv.root
PROGRESS: h80 files=1 processed_entries=73000000 valid_entries=73000000 skipped_entries=0 skipped_files=0 current=/data/graal/pre_analisi/pre_analisi_1998_uv.root
PROGRESS: h80 files=1 processed_entries=74000000 valid_entries=74000000 skipped_entries=0 skipped_files=0 current=/data/graal/pre_analisi/pre_analisi_1998_uv.root
PROGRESS: h80 files=1 processed_entries=75000000 valid_entries=75000000 skipped_entries=0 skipped_files=0 current=/data/graal/pre_analisi/pre_analisi_1998_uv.root
PROGRESS: h80 files=1 processed_entries=76000000 valid_entries=76000000 skipped_entries=0 skipped_files=0 current=/data/graal/pre_analisi/pre_analisi_1998_uv.root
PROGRESS: h80 files=1 processed_entries=77000000 valid_entries=77000000 skipped_entries=0 skipped_files=0 current=/data/graal/pre_analisi/pre_analisi_1998_uv.root
PROGRESS: h80 files=1 processed_entries=78000000 valid_entries=78000000 skipped_entries=0 skipped_files=0 current=/data/graal/pre_analisi/pre_analisi_1998_uv.root
PROGRESS: h80 files=1 processed_entries=79000000 valid_entries=79000000 skipped_entries=0 skipped_files=0 current=/data/graal/pre_analisi/pre_analisi_1998_uv.root
PROGRESS: h80 files=1 processed_entries=80000000 valid_entries=80000000 skipped_entries=0 skipped_files=0 current=/data/graal/pre_analisi/pre_analisi_1998_uv.root
PROGRESS: h80 files=1 processed_entries=81000000 valid_entries=81000000 skipped_entries=0 skipped_files=0 current=/data/graal/pre_analisi/pre_analisi_1998_uv.root
PROGRESS: h80 files=1 processed_entries=82000000 valid_entries=82000000 skipped_entries=0 skipped_files=0 current=/data/graal/pre_analisi/pre_analisi_1998_uv.root
PROGRESS: h80 files=1 processed_entries=83000000 valid_entries=83000000 skipped_entries=0 skipped_files=0 current=/data/graal/pre_analisi/pre_analisi_1998_uv.root
PROGRESS: h80 files=1 processed_entries=84000000 valid_entries=84000000 skipped_entries=0 skipped_files=0 current=/data/graal/pre_analisi/pre_analisi_1998_uv.root
PROGRESS: h80 files=1 processed_entries=85000000 valid_entries=85000000 skipped_entries=0 skipped_files=0 current=/data/graal/pre_analisi/pre_analisi_1998_uv.root
PROGRESS: h80 files=1 processed_entries=86000000 valid_entries=86000000 skipped_entries=0 skipped_files=0 current=/data/graal/pre_analisi/pre_analisi_1998_uv.root
PROGRESS: h80 files=1 processed_entries=87000000 valid_entries=87000000 skipped_entries=0 skipped_files=0 current=/data/graal/pre_analisi/pre_analisi_1998_uv.root
PROGRESS: h80 files=1 processed_entries=88000000 valid_entries=88000000 skipped_entries=0 skipped_files=0 current=/data/graal/pre_analisi/pre_analisi_1998_uv.root
PROGRESS: h80 files=1 processed_entries=89000000 valid_entries=89000000 skipped_entries=0 skipped_files=0 current=/data/graal/pre_analisi/pre_analisi_1998_uv.root
PROGRESS: h80 files=1 processed_entries=90000000 valid_entries=90000000 skipped_entries=0 skipped_files=0 current=/data/graal/pre_analisi/pre_analisi_1998_uv.root
PROGRESS: h80 files=1 processed_entries=90279078 valid_entries=90279078 skipped_entries=0 skipped_files=0 completed=/data/graal/pre_analisi/pre_analisi_1998_uv.root
PROGRESS: h80 files=2 processed_entries=91000000 valid_entries=91000000 skipped_entries=0 skipped_files=0 current=/data/graal/pre_analisi/pre_analisi_1999_d1.root
PROGRESS: h80 files=2 processed_entries=92000000 valid_entries=92000000 skipped_entries=0 skipped_files=0 current=/data/graal/pre_analisi/pre_analisi_1999_d1.root
PROGRESS: h80 files=2 processed_entries=93000000 valid_entries=93000000 skipped_entries=0 skipped_files=0 current=/data/graal/pre_analisi/pre_analisi_1999_d1.root
PROGRESS: h80 files=2 processed_entries=94000000 valid_entries=94000000 skipped_entries=0 skipped_files=0 current=/data/graal/pre_analisi/pre_analisi_1999_d1.root
PROGRESS: h80 files=2 processed_entries=95000000 valid_entries=95000000 skipped_entries=0 skipped_files=0 current=/data/graal/pre_analisi/pre_analisi_1999_d1.root
PROGRESS: h80 files=2 processed_entries=96000000 valid_entries=96000000 skipped_entries=0 skipped_files=0 current=/data/graal/pre_analisi/pre_analisi_1999_d1.root
PROGRESS: h80 files=2 processed_entries=97000000 valid_entries=97000000 skipped_entries=0 skipped_files=0 current=/data/graal/pre_analisi/pre_analisi_1999_d1.root
PROGRESS: h80 files=2 processed_entries=98000000 valid_entries=98000000 skipped_entries=0 skipped_files=0 current=/data/graal/pre_analisi/pre_analisi_1999_d1.root
PROGRESS: h80 files=2 processed_entries=99000000 valid_entries=99000000 skipped_entries=0 skipped_files=0 current=/data/graal/pre_analisi/pre_analisi_1999_d1.root
PROGRESS: h80 files=2 processed_entries=100000000 valid_entries=100000000 skipped_entries=0 skipped_files=0 current=/data/graal/pre_analisi/pre_analisi_1999_d1.root
PROGRESS: h80 files=2 processed_entries=101000000 valid_entries=101000000 skipped_entries=0 skipped_files=0 current=/data/graal/pre_analisi/pre_analisi_1999_d1.root
PROGRESS: h80 files=2 processed_entries=102000000 valid_entries=102000000 skipped_entries=0 skipped_files=0 current=/data/graal/pre_analisi/pre_analisi_1999_d1.root
PROGRESS: h80 files=2 processed_entries=103000000 valid_entries=103000000 skipped_entries=0 skipped_files=0 current=/data/graal/pre_analisi/pre_analisi_1999_d1.root
PROGRESS: h80 files=2 processed_entries=104000000 valid_entries=104000000 skipped_entries=0 skipped_files=0 current=/data/graal/pre_analisi/pre_analisi_1999_d1.root
PROGRESS: h80 files=2 processed_entries=105000000 valid_entries=105000000 skipped_entries=0 skipped_files=0 current=/data/graal/pre_analisi/pre_analisi_1999_d1.root
PROGRESS: h80 files=2 processed_entries=106000000 valid_entries=106000000 skipped_entries=0 skipped_files=0 current=/data/graal/pre_analisi/pre_analisi_1999_d1.root
PROGRESS: h80 files=2 processed_entries=107000000 valid_entries=107000000 skipped_entries=0 skipped_files=0 current=/data/graal/pre_analisi/pre_analisi_1999_d1.root
PROGRESS: h80 files=2 processed_entries=108000000 valid_entries=108000000 skipped_entries=0 skipped_files=0 current=/data/graal/pre_analisi/pre_analisi_1999_d1.root
PROGRESS: h80 files=2 processed_entries=109000000 valid_entries=109000000 skipped_entries=0 skipped_files=0 current=/data/graal/pre_analisi/pre_analisi_1999_d1.root
PROGRESS: h80 files=2 processed_entries=110000000 valid_entries=110000000 skipped_entries=0 skipped_files=0 current=/data/graal/pre_analisi/pre_analisi_1999_d1.root
PROGRESS: h80 files=2 processed_entries=111000000 valid_entries=111000000 skipped_entries=0 skipped_files=0 current=/data/graal/pre_analisi/pre_analisi_1999_d1.root
PROGRESS: h80 files=2 processed_entries=112000000 valid_entries=112000000 skipped_entries=0 skipped_files=0 current=/data/graal/pre_analisi/pre_analisi_1999_d1.root
PROGRESS: h80 files=2 processed_entries=113000000 valid_entries=113000000 skipped_entries=0 skipped_files=0 current=/data/graal/pre_analisi/pre_analisi_1999_d1.root
PROGRESS: h80 files=2 processed_entries=114000000 valid_entries=114000000 skipped_entries=0 skipped_files=0 current=/data/graal/pre_analisi/pre_analisi_1999_d1.root
PROGRESS: h80 files=2 processed_entries=115000000 valid_entries=115000000 skipped_entries=0 skipped_files=0 current=/data/graal/pre_analisi/pre_analisi_1999_d1.root
PROGRESS: h80 files=2 processed_entries=116000000 valid_entries=116000000 skipped_entries=0 skipped_files=0 current=/data/graal/pre_analisi/pre_analisi_1999_d1.root
PROGRESS: h80 files=2 processed_entries=117000000 valid_entries=117000000 skipped_entries=0 skipped_files=0 current=/data/graal/pre_analisi/pre_analisi_1999_d1.root
PROGRESS: h80 files=2 processed_entries=118000000 valid_entries=118000000 skipped_entries=0 skipped_files=0 current=/data/graal/pre_analisi/pre_analisi_1999_d1.root
PROGRESS: h80 files=2 processed_entries=119000000 valid_entries=119000000 skipped_entries=0 skipped_files=0 current=/data/graal/pre_analisi/pre_analisi_1999_d1.root
PROGRESS: h80 files=2 processed_entries=120000000 valid_entries=120000000 skipped_entries=0 skipped_files=0 current=/data/graal/pre_analisi/pre_analisi_1999_d1.root
PROGRESS: h80 files=2 processed_entries=121000000 valid_entries=121000000 skipped_entries=0 skipped_files=0 current=/data/graal/pre_analisi/pre_analisi_1999_d1.root
PROGRESS: h80 files=2 processed_entries=122000000 valid_entries=122000000 skipped_entries=0 skipped_files=0 current=/data/graal/pre_analisi/pre_analisi_1999_d1.root
PROGRESS: h80 files=2 processed_entries=123000000 valid_entries=123000000 skipped_entries=0 skipped_files=0 current=/data/graal/pre_analisi/pre_analisi_1999_d1.root
PROGRESS: h80 files=2 processed_entries=124000000 valid_entries=124000000 skipped_entries=0 skipped_files=0 current=/data/graal/pre_analisi/pre_analisi_1999_d1.root
PROGRESS: h80 files=2 processed_entries=125000000 valid_entries=125000000 skipped_entries=0 skipped_files=0 current=/data/graal/pre_analisi/pre_analisi_1999_d1.root
PROGRESS: h80 files=2 processed_entries=126000000 valid_entries=126000000 skipped_entries=0 skipped_files=0 current=/data/graal/pre_analisi/pre_analisi_1999_d1.root
PROGRESS: h80 files=2 processed_entries=127000000 valid_entries=127000000 skipped_entries=0 skipped_files=0 current=/data/graal/pre_analisi/pre_analisi_1999_d1.root
PROGRESS: h80 files=2 processed_entries=128000000 valid_entries=128000000 skipped_entries=0 skipped_files=0 current=/data/graal/pre_analisi/pre_analisi_1999_d1.root
PROGRESS: h80 files=2 processed_entries=129000000 valid_entries=129000000 skipped_entries=0 skipped_files=0 current=/data/graal/pre_analisi/pre_analisi_1999_d1.root
PROGRESS: h80 files=2 processed_entries=130000000 valid_entries=130000000 skipped_entries=0 skipped_files=0 current=/data/graal/pre_analisi/pre_analisi_1999_d1.root
PROGRESS: h80 files=2 processed_entries=131000000 valid_entries=131000000 skipped_entries=0 skipped_files=0 current=/data/graal/pre_analisi/pre_analisi_1999_d1.root
PROGRESS: h80 files=2 processed_entries=132000000 valid_entries=132000000 skipped_entries=0 skipped_files=0 current=/data/graal/pre_analisi/pre_analisi_1999_d1.root
PROGRESS: h80 files=2 processed_entries=133000000 valid_entries=133000000 skipped_entries=0 skipped_files=0 current=/data/graal/pre_analisi/pre_analisi_1999_d1.root
PROGRESS: h80 files=2 processed_entries=134000000 valid_entries=134000000 skipped_entries=0 skipped_files=0 current=/data/graal/pre_analisi/pre_analisi_1999_d1.root
PROGRESS: h80 files=2 processed_entries=135000000 valid_entries=135000000 skipped_entries=0 skipped_files=0 current=/data/graal/pre_analisi/pre_analisi_1999_d1.root
PROGRESS: h80 files=2 processed_entries=136000000 valid_entries=136000000 skipped_entries=0 skipped_files=0 current=/data/graal/pre_analisi/pre_analisi_1999_d1.root
PROGRESS: h80 files=2 processed_entries=137000000 valid_entries=137000000 skipped_entries=0 skipped_files=0 current=/data/graal/pre_analisi/pre_analisi_1999_d1.root
PROGRESS: h80 files=2 processed_entries=138000000 valid_entries=138000000 skipped_entries=0 skipped_files=0 current=/data/graal/pre_analisi/pre_analisi_1999_d1.root
PROGRESS: h80 files=2 processed_entries=139000000 valid_entries=139000000 skipped_entries=0 skipped_files=0 current=/data/graal/pre_analisi/pre_analisi_1999_d1.root
PROGRESS: h80 files=2 processed_entries=140000000 valid_entries=140000000 skipped_entries=0 skipped_files=0 current=/data/graal/pre_analisi/pre_analisi_1999_d1.root
PROGRESS: h80 files=2 processed_entries=141000000 valid_entries=141000000 skipped_entries=0 skipped_files=0 current=/data/graal/pre_analisi/pre_analisi_1999_d1.root
PROGRESS: h80 files=2 processed_entries=142000000 valid_entries=142000000 skipped_entries=0 skipped_files=0 current=/data/graal/pre_analisi/pre_analisi_1999_d1.root
PROGRESS: h80 files=2 processed_entries=143000000 valid_entries=143000000 skipped_entries=0 skipped_files=0 current=/data/graal/pre_analisi/pre_analisi_1999_d1.root
PROGRESS: h80 files=2 processed_entries=144000000 valid_entries=144000000 skipped_entries=0 skipped_files=0 current=/data/graal/pre_analisi/pre_analisi_1999_d1.root
PROGRESS: h80 files=2 processed_entries=145000000 valid_entries=145000000 skipped_entries=0 skipped_files=0 current=/data/graal/pre_analisi/pre_analisi_1999_d1.root
PROGRESS: h80 files=2 processed_entries=146000000 valid_entries=146000000 skipped_entries=0 skipped_files=0 current=/data/graal/pre_analisi/pre_analisi_1999_d1.root
PROGRESS: h80 files=2 processed_entries=147000000 valid_entries=147000000 skipped_entries=0 skipped_files=0 current=/data/graal/pre_analisi/pre_analisi_1999_d1.root
PROGRESS: h80 files=2 processed_entries=148000000 valid_entries=148000000 skipped_entries=0 skipped_files=0 current=/data/graal/pre_analisi/pre_analisi_1999_d1.root
PROGRESS: h80 files=2 processed_entries=149000000 valid_entries=149000000 skipped_entries=0 skipped_files=0 current=/data/graal/pre_analisi/pre_analisi_1999_d1.root
PROGRESS: h80 files=2 processed_entries=150000000 valid_entries=150000000 skipped_entries=0 skipped_files=0 current=/data/graal/pre_analisi/pre_analisi_1999_d1.root
PROGRESS: h80 files=2 processed_entries=151000000 valid_entries=151000000 skipped_entries=0 skipped_files=0 current=/data/graal/pre_analisi/pre_analisi_1999_d1.root
PROGRESS: h80 files=2 processed_entries=152000000 valid_entries=152000000 skipped_entries=0 skipped_files=0 current=/data/graal/pre_analisi/pre_analisi_1999_d1.root
PROGRESS: h80 files=2 processed_entries=153000000 valid_entries=153000000 skipped_entries=0 skipped_files=0 current=/data/graal/pre_analisi/pre_analisi_1999_d1.root
PROGRESS: h80 files=2 processed_entries=154000000 valid_entries=154000000 skipped_entries=0 skipped_files=0 current=/data/graal/pre_analisi/pre_analisi_1999_d1.root
PROGRESS: h80 files=2 processed_entries=154065616 valid_entries=154065616 skipped_entries=0 skipped_files=0 completed=/data/graal/pre_analisi/pre_analisi_1999_d1.root
PROGRESS: h80 files=3 processed_entries=155000000 valid_entries=155000000 skipped_entries=0 skipped_files=0 current=/data/graal/pre_analisi/pre_analisi_1999_d2.root
PROGRESS: h80 files=3 processed_entries=156000000 valid_entries=156000000 skipped_entries=0 skipped_files=0 current=/data/graal/pre_analisi/pre_analisi_1999_d2.root
PROGRESS: h80 files=3 processed_entries=157000000 valid_entries=157000000 skipped_entries=0 skipped_files=0 current=/data/graal/pre_analisi/pre_analisi_1999_d2.root
PROGRESS: h80 files=3 processed_entries=158000000 valid_entries=158000000 skipped_entries=0 skipped_files=0 current=/data/graal/pre_analisi/pre_analisi_1999_d2.root
PROGRESS: h80 files=3 processed_entries=159000000 valid_entries=159000000 skipped_entries=0 skipped_files=0 current=/data/graal/pre_analisi/pre_analisi_1999_d2.root
PROGRESS: h80 files=3 processed_entries=160000000 valid_entries=160000000 skipped_entries=0 skipped_files=0 current=/data/graal/pre_analisi/pre_analisi_1999_d2.root
PROGRESS: h80 files=3 processed_entries=161000000 valid_entries=161000000 skipped_entries=0 skipped_files=0 current=/data/graal/pre_analisi/pre_analisi_1999_d2.root
PROGRESS: h80 files=3 processed_entries=162000000 valid_entries=162000000 skipped_entries=0 skipped_files=0 current=/data/graal/pre_analisi/pre_analisi_1999_d2.root
PROGRESS: h80 files=3 processed_entries=163000000 valid_entries=163000000 skipped_entries=0 skipped_files=0 current=/data/graal/pre_analisi/pre_analisi_1999_d2.root
PROGRESS: h80 files=3 processed_entries=164000000 valid_entries=164000000 skipped_entries=0 skipped_files=0 current=/data/graal/pre_analisi/pre_analisi_1999_d2.root
PROGRESS: h80 files=3 processed_entries=165000000 valid_entries=165000000 skipped_entries=0 skipped_files=0 current=/data/graal/pre_analisi/pre_analisi_1999_d2.root
PROGRESS: h80 files=3 processed_entries=166000000 valid_entries=166000000 skipped_entries=0 skipped_files=0 current=/data/graal/pre_analisi/pre_analisi_1999_d2.root
PROGRESS: h80 files=3 processed_entries=167000000 valid_entries=167000000 skipped_entries=0 skipped_files=0 current=/data/graal/pre_analisi/pre_analisi_1999_d2.root
PROGRESS: h80 files=3 processed_entries=168000000 valid_entries=168000000 skipped_entries=0 skipped_files=0 current=/data/graal/pre_analisi/pre_analisi_1999_d2.root
PROGRESS: h80 files=3 processed_entries=169000000 valid_entries=169000000 skipped_entries=0 skipped_files=0 current=/data/graal/pre_analisi/pre_analisi_1999_d2.root
PROGRESS: h80 files=3 processed_entries=170000000 valid_entries=170000000 skipped_entries=0 skipped_files=0 current=/data/graal/pre_analisi/pre_analisi_1999_d2.root
PROGRESS: h80 files=3 processed_entries=171000000 valid_entries=171000000 skipped_entries=0 skipped_files=0 current=/data/graal/pre_analisi/pre_analisi_1999_d2.root
PROGRESS: h80 files=3 processed_entries=172000000 valid_entries=172000000 skipped_entries=0 skipped_files=0 current=/data/graal/pre_analisi/pre_analisi_1999_d2.root
PROGRESS: h80 files=3 processed_entries=173000000 valid_entries=173000000 skipped_entries=0 skipped_files=0 current=/data/graal/pre_analisi/pre_analisi_1999_d2.root
PROGRESS: h80 files=3 processed_entries=174000000 valid_entries=174000000 skipped_entries=0 skipped_files=0 current=/data/graal/pre_analisi/pre_analisi_1999_d2.root
PROGRESS: h80 files=3 processed_entries=175000000 valid_entries=175000000 skipped_entries=0 skipped_files=0 current=/data/graal/pre_analisi/pre_analisi_1999_d2.root
PROGRESS: h80 files=3 processed_entries=176000000 valid_entries=176000000 skipped_entries=0 skipped_files=0 current=/data/graal/pre_analisi/pre_analisi_1999_d2.root
PROGRESS: h80 files=3 processed_entries=177000000 valid_entries=177000000 skipped_entries=0 skipped_files=0 current=/data/graal/pre_analisi/pre_analisi_1999_d2.root
PROGRESS: h80 files=3 processed_entries=178000000 valid_entries=178000000 skipped_entries=0 skipped_files=0 current=/data/graal/pre_analisi/pre_analisi_1999_d2.root
PROGRESS: h80 files=3 processed_entries=179000000 valid_entries=179000000 skipped_entries=0 skipped_files=0 current=/data/graal/pre_analisi/pre_analisi_1999_d2.root
PROGRESS: h80 files=3 processed_entries=180000000 valid_entries=180000000 skipped_entries=0 skipped_files=0 current=/data/graal/pre_analisi/pre_analisi_1999_d2.root
PROGRESS: h80 files=3 processed_entries=181000000 valid_entries=181000000 skipped_entries=0 skipped_files=0 current=/data/graal/pre_analisi/pre_analisi_1999_d2.root
PROGRESS: h80 files=3 processed_entries=182000000 valid_entries=182000000 skipped_entries=0 skipped_files=0 current=/data/graal/pre_analisi/pre_analisi_1999_d2.root
PROGRESS: h80 files=3 processed_entries=183000000 valid_entries=183000000 skipped_entries=0 skipped_files=0 current=/data/graal/pre_analisi/pre_analisi_1999_d2.root
PROGRESS: h80 files=3 processed_entries=184000000 valid_entries=184000000 skipped_entries=0 skipped_files=0 current=/data/graal/pre_analisi/pre_analisi_1999_d2.root
PROGRESS: h80 files=3 processed_entries=185000000 valid_entries=185000000 skipped_entries=0 skipped_files=0 current=/data/graal/pre_analisi/pre_analisi_1999_d2.root
PROGRESS: h80 files=3 processed_entries=186000000 valid_entries=186000000 skipped_entries=0 skipped_files=0 current=/data/graal/pre_analisi/pre_analisi_1999_d2.root
PROGRESS: h80 files=3 processed_entries=187000000 valid_entries=187000000 skipped_entries=0 skipped_files=0 current=/data/graal/pre_analisi/pre_analisi_1999_d2.root
PROGRESS: h80 files=3 processed_entries=188000000 valid_entries=188000000 skipped_entries=0 skipped_files=0 current=/data/graal/pre_analisi/pre_analisi_1999_d2.root
PROGRESS: h80 files=3 processed_entries=189000000 valid_entries=189000000 skipped_entries=0 skipped_files=0 current=/data/graal/pre_analisi/pre_analisi_1999_d2.root
PROGRESS: h80 files=3 processed_entries=190000000 valid_entries=190000000 skipped_entries=0 skipped_files=0 current=/data/graal/pre_analisi/pre_analisi_1999_d2.root
PROGRESS: h80 files=3 processed_entries=191000000 valid_entries=191000000 skipped_entries=0 skipped_files=0 current=/data/graal/pre_analisi/pre_analisi_1999_d2.root
PROGRESS: h80 files=3 processed_entries=192000000 valid_entries=192000000 skipped_entries=0 skipped_files=0 current=/data/graal/pre_analisi/pre_analisi_1999_d2.root
PROGRESS: h80 files=3 processed_entries=193000000 valid_entries=193000000 skipped_entries=0 skipped_files=0 current=/data/graal/pre_analisi/pre_analisi_1999_d2.root
PROGRESS: h80 files=3 processed_entries=194000000 valid_entries=194000000 skipped_entries=0 skipped_files=0 current=/data/graal/pre_analisi/pre_analisi_1999_d2.root
PROGRESS: h80 files=3 processed_entries=195000000 valid_entries=195000000 skipped_entries=0 skipped_files=0 current=/data/graal/pre_analisi/pre_analisi_1999_d2.root
PROGRESS: h80 files=3 processed_entries=196000000 valid_entries=196000000 skipped_entries=0 skipped_files=0 current=/data/graal/pre_analisi/pre_analisi_1999_d2.root
PROGRESS: h80 files=3 processed_entries=197000000 valid_entries=197000000 skipped_entries=0 skipped_files=0 current=/data/graal/pre_analisi/pre_analisi_1999_d2.root
PROGRESS: h80 files=3 processed_entries=198000000 valid_entries=198000000 skipped_entries=0 skipped_files=0 current=/data/graal/pre_analisi/pre_analisi_1999_d2.root
PROGRESS: h80 files=3 processed_entries=199000000 valid_entries=199000000 skipped_entries=0 skipped_files=0 current=/data/graal/pre_analisi/pre_analisi_1999_d2.root
PROGRESS: h80 files=3 processed_entries=200000000 valid_entries=200000000 skipped_entries=0 skipped_files=0 current=/data/graal/pre_analisi/pre_analisi_1999_d2.root
PROGRESS: h80 files=3 processed_entries=201000000 valid_entries=201000000 skipped_entries=0 skipped_files=0 current=/data/graal/pre_analisi/pre_analisi_1999_d2.root
PROGRESS: h80 files=3 processed_entries=202000000 valid_entries=202000000 skipped_entries=0 skipped_files=0 current=/data/graal/pre_analisi/pre_analisi_1999_d2.root
PROGRESS: h80 files=3 processed_entries=203000000 valid_entries=203000000 skipped_entries=0 skipped_files=0 current=/data/graal/pre_analisi/pre_analisi_1999_d2.root
PROGRESS: h80 files=3 processed_entries=204000000 valid_entries=204000000 skipped_entries=0 skipped_files=0 current=/data/graal/pre_analisi/pre_analisi_1999_d2.root
PROGRESS: h80 files=3 processed_entries=205000000 valid_entries=205000000 skipped_entries=0 skipped_files=0 current=/data/graal/pre_analisi/pre_analisi_1999_d2.root
PROGRESS: h80 files=3 processed_entries=206000000 valid_entries=206000000 skipped_entries=0 skipped_files=0 current=/data/graal/pre_analisi/pre_analisi_1999_d2.root
PROGRESS: h80 files=3 processed_entries=207000000 valid_entries=207000000 skipped_entries=0 skipped_files=0 current=/data/graal/pre_analisi/pre_analisi_1999_d2.root
PROGRESS: h80 files=3 processed_entries=208000000 valid_entries=208000000 skipped_entries=0 skipped_files=0 current=/data/graal/pre_analisi/pre_analisi_1999_d2.root
PROGRESS: h80 files=3 processed_entries=209000000 valid_entries=209000000 skipped_entries=0 skipped_files=0 current=/data/graal/pre_analisi/pre_analisi_1999_d2.root
PROGRESS: h80 files=3 processed_entries=210000000 valid_entries=210000000 skipped_entries=0 skipped_files=0 current=/data/graal/pre_analisi/pre_analisi_1999_d2.root
PROGRESS: h80 files=3 processed_entries=211000000 valid_entries=211000000 skipped_entries=0 skipped_files=0 current=/data/graal/pre_analisi/pre_analisi_1999_d2.root
PROGRESS: h80 files=3 processed_entries=212000000 valid_entries=212000000 skipped_entries=0 skipped_files=0 current=/data/graal/pre_analisi/pre_analisi_1999_d2.root
PROGRESS: h80 files=3 processed_entries=213000000 valid_entries=213000000 skipped_entries=0 skipped_files=0 current=/data/graal/pre_analisi/pre_analisi_1999_d2.root
PROGRESS: h80 files=3 processed_entries=214000000 valid_entries=214000000 skipped_entries=0 skipped_files=0 current=/data/graal/pre_analisi/pre_analisi_1999_d2.root
PROGRESS: h80 files=3 processed_entries=215000000 valid_entries=215000000 skipped_entries=0 skipped_files=0 current=/data/graal/pre_analisi/pre_analisi_1999_d2.root
PROGRESS: h80 files=3 processed_entries=216000000 valid_entries=216000000 skipped_entries=0 skipped_files=0 current=/data/graal/pre_analisi/pre_analisi_1999_d2.root
PROGRESS: h80 files=3 processed_entries=217000000 valid_entries=217000000 skipped_entries=0 skipped_files=0 current=/data/graal/pre_analisi/pre_analisi_1999_d2.root
PROGRESS: h80 files=3 processed_entries=218000000 valid_entries=218000000 skipped_entries=0 skipped_files=0 current=/data/graal/pre_analisi/pre_analisi_1999_d2.root
PROGRESS: h80 files=3 processed_entries=219000000 valid_entries=219000000 skipped_entries=0 skipped_files=0 current=/data/graal/pre_analisi/pre_analisi_1999_d2.root
PROGRESS: h80 files=3 processed_entries=220000000 valid_entries=220000000 skipped_entries=0 skipped_files=0 current=/data/graal/pre_analisi/pre_analisi_1999_d2.root
PROGRESS: h80 files=3 processed_entries=221000000 valid_entries=221000000 skipped_entries=0 skipped_files=0 current=/data/graal/pre_analisi/pre_analisi_1999_d2.root
PROGRESS: h80 files=3 processed_entries=222000000 valid_entries=222000000 skipped_entries=0 skipped_files=0 current=/data/graal/pre_analisi/pre_analisi_1999_d2.root
PROGRESS: h80 files=3 processed_entries=223000000 valid_entries=223000000 skipped_entries=0 skipped_files=0 current=/data/graal/pre_analisi/pre_analisi_1999_d2.root
PROGRESS: h80 files=3 processed_entries=224000000 valid_entries=224000000 skipped_entries=0 skipped_files=0 current=/data/graal/pre_analisi/pre_analisi_1999_d2.root
PROGRESS: h80 files=3 processed_entries=225000000 valid_entries=225000000 skipped_entries=0 skipped_files=0 current=/data/graal/pre_analisi/pre_analisi_1999_d2.root
PROGRESS: h80 files=3 processed_entries=226000000 valid_entries=226000000 skipped_entries=0 skipped_files=0 current=/data/graal/pre_analisi/pre_analisi_1999_d2.root
PROGRESS: h80 files=3 processed_entries=227000000 valid_entries=227000000 skipped_entries=0 skipped_files=0 current=/data/graal/pre_analisi/pre_analisi_1999_d2.root
PROGRESS: h80 files=3 processed_entries=228000000 valid_entries=228000000 skipped_entries=0 skipped_files=0 current=/data/graal/pre_analisi/pre_analisi_1999_d2.root
PROGRESS: h80 files=3 processed_entries=229000000 valid_entries=229000000 skipped_entries=0 skipped_files=0 current=/data/graal/pre_analisi/pre_analisi_1999_d2.root
PROGRESS: h80 files=3 processed_entries=229945909 valid_entries=229945909 skipped_entries=0 skipped_files=0 completed=/data/graal/pre_analisi/pre_analisi_1999_d2.root
PROGRESS: h80 files=4 processed_entries=230000000 valid_entries=230000000 skipped_entries=0 skipped_files=0 current=/data/graal/pre_analisi/pre_analisi_1999_uv.root
PROGRESS: h80 files=4 processed_entries=231000000 valid_entries=231000000 skipped_entries=0 skipped_files=0 current=/data/graal/pre_analisi/pre_analisi_1999_uv.root
PROGRESS: h80 files=4 processed_entries=232000000 valid_entries=232000000 skipped_entries=0 skipped_files=0 current=/data/graal/pre_analisi/pre_analisi_1999_uv.root
PROGRESS: h80 files=4 processed_entries=233000000 valid_entries=233000000 skipped_entries=0 skipped_files=0 current=/data/graal/pre_analisi/pre_analisi_1999_uv.root
PROGRESS: h80 files=4 processed_entries=234000000 valid_entries=234000000 skipped_entries=0 skipped_files=0 current=/data/graal/pre_analisi/pre_analisi_1999_uv.root
PROGRESS: h80 files=4 processed_entries=235000000 valid_entries=235000000 skipped_entries=0 skipped_files=0 current=/data/graal/pre_analisi/pre_analisi_1999_uv.root
PROGRESS: h80 files=4 processed_entries=236000000 valid_entries=236000000 skipped_entries=0 skipped_files=0 current=/data/graal/pre_analisi/pre_analisi_1999_uv.root
PROGRESS: h80 files=4 processed_entries=237000000 valid_entries=237000000 skipped_entries=0 skipped_files=0 current=/data/graal/pre_analisi/pre_analisi_1999_uv.root
PROGRESS: h80 files=4 processed_entries=238000000 valid_entries=238000000 skipped_entries=0 skipped_files=0 current=/data/graal/pre_analisi/pre_analisi_1999_uv.root
PROGRESS: h80 files=4 processed_entries=239000000 valid_entries=239000000 skipped_entries=0 skipped_files=0 current=/data/graal/pre_analisi/pre_analisi_1999_uv.root
PROGRESS: h80 files=4 processed_entries=240000000 valid_entries=240000000 skipped_entries=0 skipped_files=0 current=/data/graal/pre_analisi/pre_analisi_1999_uv.root
PROGRESS: h80 files=4 processed_entries=241000000 valid_entries=241000000 skipped_entries=0 skipped_files=0 current=/data/graal/pre_analisi/pre_analisi_1999_uv.root
PROGRESS: h80 files=4 processed_entries=242000000 valid_entries=242000000 skipped_entries=0 skipped_files=0 current=/data/graal/pre_analisi/pre_analisi_1999_uv.root
PROGRESS: h80 files=4 processed_entries=243000000 valid_entries=243000000 skipped_entries=0 skipped_files=0 current=/data/graal/pre_analisi/pre_analisi_1999_uv.root
PROGRESS: h80 files=4 processed_entries=244000000 valid_entries=244000000 skipped_entries=0 skipped_files=0 current=/data/graal/pre_analisi/pre_analisi_1999_uv.root
PROGRESS: h80 files=4 processed_entries=245000000 valid_entries=245000000 skipped_entries=0 skipped_files=0 current=/data/graal/pre_analisi/pre_analisi_1999_uv.root
PROGRESS: h80 files=4 processed_entries=246000000 valid_entries=246000000 skipped_entries=0 skipped_files=0 current=/data/graal/pre_analisi/pre_analisi_1999_uv.root
PROGRESS: h80 files=4 processed_entries=247000000 valid_entries=247000000 skipped_entries=0 skipped_files=0 current=/data/graal/pre_analisi/pre_analisi_1999_uv.root
PROGRESS: h80 files=4 processed_entries=248000000 valid_entries=248000000 skipped_entries=0 skipped_files=0 current=/data/graal/pre_analisi/pre_analisi_1999_uv.root
PROGRESS: h80 files=4 processed_entries=249000000 valid_entries=249000000 skipped_entries=0 skipped_files=0 current=/data/graal/pre_analisi/pre_analisi_1999_uv.root
PROGRESS: h80 files=4 processed_entries=250000000 valid_entries=250000000 skipped_entries=0 skipped_files=0 current=/data/graal/pre_analisi/pre_analisi_1999_uv.root
PROGRESS: h80 files=4 processed_entries=251000000 valid_entries=251000000 skipped_entries=0 skipped_files=0 current=/data/graal/pre_analisi/pre_analisi_1999_uv.root
PROGRESS: h80 files=4 processed_entries=252000000 valid_entries=252000000 skipped_entries=0 skipped_files=0 current=/data/graal/pre_analisi/pre_analisi_1999_uv.root
PROGRESS: h80 files=4 processed_entries=253000000 valid_entries=253000000 skipped_entries=0 skipped_files=0 current=/data/graal/pre_analisi/pre_analisi_1999_uv.root
PROGRESS: h80 files=4 processed_entries=254000000 valid_entries=254000000 skipped_entries=0 skipped_files=0 current=/data/graal/pre_analisi/pre_analisi_1999_uv.root
PROGRESS: h80 files=4 processed_entries=255000000 valid_entries=255000000 skipped_entries=0 skipped_files=0 current=/data/graal/pre_analisi/pre_analisi_1999_uv.root
PROGRESS: h80 files=4 processed_entries=256000000 valid_entries=256000000 skipped_entries=0 skipped_files=0 current=/data/graal/pre_analisi/pre_analisi_1999_uv.root
PROGRESS: h80 files=4 processed_entries=257000000 valid_entries=257000000 skipped_entries=0 skipped_files=0 current=/data/graal/pre_analisi/pre_analisi_1999_uv.root
PROGRESS: h80 files=4 processed_entries=258000000 valid_entries=258000000 skipped_entries=0 skipped_files=0 current=/data/graal/pre_analisi/pre_analisi_1999_uv.root
PROGRESS: h80 files=4 processed_entries=259000000 valid_entries=259000000 skipped_entries=0 skipped_files=0 current=/data/graal/pre_analisi/pre_analisi_1999_uv.root
PROGRESS: h80 files=4 processed_entries=260000000 valid_entries=260000000 skipped_entries=0 skipped_files=0 current=/data/graal/pre_analisi/pre_analisi_1999_uv.root
PROGRESS: h80 files=4 processed_entries=261000000 valid_entries=261000000 skipped_entries=0 skipped_files=0 current=/data/graal/pre_analisi/pre_analisi_1999_uv.root
PROGRESS: h80 files=4 processed_entries=262000000 valid_entries=262000000 skipped_entries=0 skipped_files=0 current=/data/graal/pre_analisi/pre_analisi_1999_uv.root
PROGRESS: h80 files=4 processed_entries=263000000 valid_entries=263000000 skipped_entries=0 skipped_files=0 current=/data/graal/pre_analisi/pre_analisi_1999_uv.root
PROGRESS: h80 files=4 processed_entries=264000000 valid_entries=264000000 skipped_entries=0 skipped_files=0 current=/data/graal/pre_analisi/pre_analisi_1999_uv.root
PROGRESS: h80 files=4 processed_entries=265000000 valid_entries=265000000 skipped_entries=0 skipped_files=0 current=/data/graal/pre_analisi/pre_analisi_1999_uv.root
PROGRESS: h80 files=4 processed_entries=266000000 valid_entries=266000000 skipped_entries=0 skipped_files=0 current=/data/graal/pre_analisi/pre_analisi_1999_uv.root
PROGRESS: h80 files=4 processed_entries=267000000 valid_entries=267000000 skipped_entries=0 skipped_files=0 current=/data/graal/pre_analisi/pre_analisi_1999_uv.root
PROGRESS: h80 files=4 processed_entries=268000000 valid_entries=268000000 skipped_entries=0 skipped_files=0 current=/data/graal/pre_analisi/pre_analisi_1999_uv.root
PROGRESS: h80 files=4 processed_entries=269000000 valid_entries=269000000 skipped_entries=0 skipped_files=0 current=/data/graal/pre_analisi/pre_analisi_1999_uv.root
PROGRESS: h80 files=4 processed_entries=270000000 valid_entries=270000000 skipped_entries=0 skipped_files=0 current=/data/graal/pre_analisi/pre_analisi_1999_uv.root
PROGRESS: h80 files=4 processed_entries=271000000 valid_entries=271000000 skipped_entries=0 skipped_files=0 current=/data/graal/pre_analisi/pre_analisi_1999_uv.root
PROGRESS: h80 files=4 processed_entries=272000000 valid_entries=272000000 skipped_entries=0 skipped_files=0 current=/data/graal/pre_analisi/pre_analisi_1999_uv.root
PROGRESS: h80 files=4 processed_entries=273000000 valid_entries=273000000 skipped_entries=0 skipped_files=0 current=/data/graal/pre_analisi/pre_analisi_1999_uv.root
PROGRESS: h80 files=4 processed_entries=274000000 valid_entries=274000000 skipped_entries=0 skipped_files=0 current=/data/graal/pre_analisi/pre_analisi_1999_uv.root
PROGRESS: h80 files=4 processed_entries=275000000 valid_entries=275000000 skipped_entries=0 skipped_files=0 current=/data/graal/pre_analisi/pre_analisi_1999_uv.root
PROGRESS: h80 files=4 processed_entries=276000000 valid_entries=276000000 skipped_entries=0 skipped_files=0 current=/data/graal/pre_analisi/pre_analisi_1999_uv.root
PROGRESS: h80 files=4 processed_entries=277000000 valid_entries=277000000 skipped_entries=0 skipped_files=0 current=/data/graal/pre_analisi/pre_analisi_1999_uv.root
PROGRESS: h80 files=4 processed_entries=278000000 valid_entries=278000000 skipped_entries=0 skipped_files=0 current=/data/graal/pre_analisi/pre_analisi_1999_uv.root
PROGRESS: h80 files=4 processed_entries=279000000 valid_entries=279000000 skipped_entries=0 skipped_files=0 current=/data/graal/pre_analisi/pre_analisi_1999_uv.root
PROGRESS: h80 files=4 processed_entries=280000000 valid_entries=280000000 skipped_entries=0 skipped_files=0 current=/data/graal/pre_analisi/pre_analisi_1999_uv.root
PROGRESS: h80 files=4 processed_entries=281000000 valid_entries=281000000 skipped_entries=0 skipped_files=0 current=/data/graal/pre_analisi/pre_analisi_1999_uv.root
PROGRESS: h80 files=4 processed_entries=282000000 valid_entries=282000000 skipped_entries=0 skipped_files=0 current=/data/graal/pre_analisi/pre_analisi_1999_uv.root
PROGRESS: h80 files=4 processed_entries=283000000 valid_entries=283000000 skipped_entries=0 skipped_files=0 current=/data/graal/pre_analisi/pre_analisi_1999_uv.root
PROGRESS: h80 files=4 processed_entries=284000000 valid_entries=284000000 skipped_entries=0 skipped_files=0 current=/data/graal/pre_analisi/pre_analisi_1999_uv.root
PROGRESS: h80 files=4 processed_entries=285000000 valid_entries=285000000 skipped_entries=0 skipped_files=0 current=/data/graal/pre_analisi/pre_analisi_1999_uv.root
PROGRESS: h80 files=4 processed_entries=286000000 valid_entries=286000000 skipped_entries=0 skipped_files=0 current=/data/graal/pre_analisi/pre_analisi_1999_uv.root
PROGRESS: h80 files=4 processed_entries=287000000 valid_entries=287000000 skipped_entries=0 skipped_files=0 current=/data/graal/pre_analisi/pre_analisi_1999_uv.root
PROGRESS: h80 files=4 processed_entries=288000000 valid_entries=288000000 skipped_entries=0 skipped_files=0 current=/data/graal/pre_analisi/pre_analisi_1999_uv.root
PROGRESS: h80 files=4 processed_entries=289000000 valid_entries=289000000 skipped_entries=0 skipped_files=0 current=/data/graal/pre_analisi/pre_analisi_1999_uv.root
PROGRESS: h80 files=4 processed_entries=290000000 valid_entries=290000000 skipped_entries=0 skipped_files=0 current=/data/graal/pre_analisi/pre_analisi_1999_uv.root
PROGRESS: h80 files=4 processed_entries=291000000 valid_entries=291000000 skipped_entries=0 skipped_files=0 current=/data/graal/pre_analisi/pre_analisi_1999_uv.root
PROGRESS: h80 files=4 processed_entries=292000000 valid_entries=292000000 skipped_entries=0 skipped_files=0 current=/data/graal/pre_analisi/pre_analisi_1999_uv.root
PROGRESS: h80 files=4 processed_entries=293000000 valid_entries=293000000 skipped_entries=0 skipped_files=0 current=/data/graal/pre_analisi/pre_analisi_1999_uv.root
PROGRESS: h80 files=4 processed_entries=294000000 valid_entries=294000000 skipped_entries=0 skipped_files=0 current=/data/graal/pre_analisi/pre_analisi_1999_uv.root
PROGRESS: h80 files=4 processed_entries=295000000 valid_entries=295000000 skipped_entries=0 skipped_files=0 current=/data/graal/pre_analisi/pre_analisi_1999_uv.root
PROGRESS: h80 files=4 processed_entries=296000000 valid_entries=296000000 skipped_entries=0 skipped_files=0 current=/data/graal/pre_analisi/pre_analisi_1999_uv.root
PROGRESS: h80 files=4 processed_entries=297000000 valid_entries=297000000 skipped_entries=0 skipped_files=0 current=/data/graal/pre_analisi/pre_analisi_1999_uv.root
PROGRESS: h80 files=4 processed_entries=298000000 valid_entries=298000000 skipped_entries=0 skipped_files=0 current=/data/graal/pre_analisi/pre_analisi_1999_uv.root
PROGRESS: h80 files=4 processed_entries=299000000 valid_entries=299000000 skipped_entries=0 skipped_files=0 current=/data/graal/pre_analisi/pre_analisi_1999_uv.root
PROGRESS: h80 files=4 processed_entries=300000000 valid_entries=300000000 skipped_entries=0 skipped_files=0 current=/data/graal/pre_analisi/pre_analisi_1999_uv.root
PROGRESS: h80 files=4 processed_entries=301000000 valid_entries=301000000 skipped_entries=0 skipped_files=0 current=/data/graal/pre_analisi/pre_analisi_1999_uv.root
PROGRESS: h80 files=4 processed_entries=302000000 valid_entries=302000000 skipped_entries=0 skipped_files=0 current=/data/graal/pre_analisi/pre_analisi_1999_uv.root
PROGRESS: h80 files=4 processed_entries=303000000 valid_entries=303000000 skipped_entries=0 skipped_files=0 current=/data/graal/pre_analisi/pre_analisi_1999_uv.root
PROGRESS: h80 files=4 processed_entries=304000000 valid_entries=304000000 skipped_entries=0 skipped_files=0 current=/data/graal/pre_analisi/pre_analisi_1999_uv.root
PROGRESS: h80 files=4 processed_entries=305000000 valid_entries=305000000 skipped_entries=0 skipped_files=0 current=/data/graal/pre_analisi/pre_analisi_1999_uv.root
PROGRESS: h80 files=4 processed_entries=306000000 valid_entries=306000000 skipped_entries=0 skipped_files=0 current=/data/graal/pre_analisi/pre_analisi_1999_uv.root
PROGRESS: h80 files=4 processed_entries=307000000 valid_entries=307000000 skipped_entries=0 skipped_files=0 current=/data/graal/pre_analisi/pre_analisi_1999_uv.root
PROGRESS: h80 files=4 processed_entries=308000000 valid_entries=308000000 skipped_entries=0 skipped_files=0 current=/data/graal/pre_analisi/pre_analisi_1999_uv.root
PROGRESS: h80 files=4 processed_entries=309000000 valid_entries=309000000 skipped_entries=0 skipped_files=0 current=/data/graal/pre_analisi/pre_analisi_1999_uv.root
PROGRESS: h80 files=4 processed_entries=310000000 valid_entries=310000000 skipped_entries=0 skipped_files=0 current=/data/graal/pre_analisi/pre_analisi_1999_uv.root
PROGRESS: h80 files=4 processed_entries=311000000 valid_entries=311000000 skipped_entries=0 skipped_files=0 current=/data/graal/pre_analisi/pre_analisi_1999_uv.root
PROGRESS: h80 files=4 processed_entries=312000000 valid_entries=312000000 skipped_entries=0 skipped_files=0 current=/data/graal/pre_analisi/pre_analisi_1999_uv.root
PROGRESS: h80 files=4 processed_entries=313000000 valid_entries=313000000 skipped_entries=0 skipped_files=0 current=/data/graal/pre_analisi/pre_analisi_1999_uv.root
PROGRESS: h80 files=4 processed_entries=314000000 valid_entries=314000000 skipped_entries=0 skipped_files=0 current=/data/graal/pre_analisi/pre_analisi_1999_uv.root
PROGRESS: h80 files=4 processed_entries=315000000 valid_entries=315000000 skipped_entries=0 skipped_files=0 current=/data/graal/pre_analisi/pre_analisi_1999_uv.root
PROGRESS: h80 files=4 processed_entries=316000000 valid_entries=316000000 skipped_entries=0 skipped_files=0 current=/data/graal/pre_analisi/pre_analisi_1999_uv.root
PROGRESS: h80 files=4 processed_entries=317000000 valid_entries=317000000 skipped_entries=0 skipped_files=0 current=/data/graal/pre_analisi/pre_analisi_1999_uv.root
PROGRESS: h80 files=4 processed_entries=318000000 valid_entries=318000000 skipped_entries=0 skipped_files=0 current=/data/graal/pre_analisi/pre_analisi_1999_uv.root
PROGRESS: h80 files=4 processed_entries=319000000 valid_entries=319000000 skipped_entries=0 skipped_files=0 current=/data/graal/pre_analisi/pre_analisi_1999_uv.root
PROGRESS: h80 files=4 processed_entries=320000000 valid_entries=320000000 skipped_entries=0 skipped_files=0 current=/data/graal/pre_analisi/pre_analisi_1999_uv.root
PROGRESS: h80 files=4 processed_entries=321000000 valid_entries=321000000 skipped_entries=0 skipped_files=0 current=/data/graal/pre_analisi/pre_analisi_1999_uv.root
PROGRESS: h80 files=4 processed_entries=322000000 valid_entries=322000000 skipped_entries=0 skipped_files=0 current=/data/graal/pre_analisi/pre_analisi_1999_uv.root
PROGRESS: h80 files=4 processed_entries=323000000 valid_entries=323000000 skipped_entries=0 skipped_files=0 current=/data/graal/pre_analisi/pre_analisi_1999_uv.root
PROGRESS: h80 files=4 processed_entries=324000000 valid_entries=324000000 skipped_entries=0 skipped_files=0 current=/data/graal/pre_analisi/pre_analisi_1999_uv.root
PROGRESS: h80 files=4 processed_entries=325000000 valid_entries=325000000 skipped_entries=0 skipped_files=0 current=/data/graal/pre_analisi/pre_analisi_1999_uv.root
PROGRESS: h80 files=4 processed_entries=326000000 valid_entries=326000000 skipped_entries=0 skipped_files=0 current=/data/graal/pre_analisi/pre_analisi_1999_uv.root
PROGRESS: h80 files=4 processed_entries=327000000 valid_entries=327000000 skipped_entries=0 skipped_files=0 current=/data/graal/pre_analisi/pre_analisi_1999_uv.root
PROGRESS: h80 files=4 processed_entries=328000000 valid_entries=328000000 skipped_entries=0 skipped_files=0 current=/data/graal/pre_analisi/pre_analisi_1999_uv.root
PROGRESS: h80 files=4 processed_entries=329000000 valid_entries=329000000 skipped_entries=0 skipped_files=0 current=/data/graal/pre_analisi/pre_analisi_1999_uv.root
PROGRESS: h80 files=4 processed_entries=330000000 valid_entries=330000000 skipped_entries=0 skipped_files=0 current=/data/graal/pre_analisi/pre_analisi_1999_uv.root
PROGRESS: h80 files=4 processed_entries=331000000 valid_entries=331000000 skipped_entries=0 skipped_files=0 current=/data/graal/pre_analisi/pre_analisi_1999_uv.root
PROGRESS: h80 files=4 processed_entries=332000000 valid_entries=332000000 skipped_entries=0 skipped_files=0 current=/data/graal/pre_analisi/pre_analisi_1999_uv.root
PROGRESS: h80 files=4 processed_entries=333000000 valid_entries=333000000 skipped_entries=0 skipped_files=0 current=/data/graal/pre_analisi/pre_analisi_1999_uv.root
PROGRESS: h80 files=4 processed_entries=334000000 valid_entries=334000000 skipped_entries=0 skipped_files=0 current=/data/graal/pre_analisi/pre_analisi_1999_uv.root
PROGRESS: h80 files=4 processed_entries=335000000 valid_entries=335000000 skipped_entries=0 skipped_files=0 current=/data/graal/pre_analisi/pre_analisi_1999_uv.root
PROGRESS: h80 files=4 processed_entries=336000000 valid_entries=336000000 skipped_entries=0 skipped_files=0 current=/data/graal/pre_analisi/pre_analisi_1999_uv.root
PROGRESS: h80 files=4 processed_entries=337000000 valid_entries=337000000 skipped_entries=0 skipped_files=0 current=/data/graal/pre_analisi/pre_analisi_1999_uv.root
PROGRESS: h80 files=4 processed_entries=338000000 valid_entries=338000000 skipped_entries=0 skipped_files=0 current=/data/graal/pre_analisi/pre_analisi_1999_uv.root
PROGRESS: h80 files=4 processed_entries=339000000 valid_entries=339000000 skipped_entries=0 skipped_files=0 current=/data/graal/pre_analisi/pre_analisi_1999_uv.root
PROGRESS: h80 files=4 processed_entries=340000000 valid_entries=340000000 skipped_entries=0 skipped_files=0 current=/data/graal/pre_analisi/pre_analisi_1999_uv.root
PROGRESS: h80 files=4 processed_entries=341000000 valid_entries=341000000 skipped_entries=0 skipped_files=0 current=/data/graal/pre_analisi/pre_analisi_1999_uv.root
PROGRESS: h80 files=4 processed_entries=342000000 valid_entries=342000000 skipped_entries=0 skipped_files=0 current=/data/graal/pre_analisi/pre_analisi_1999_uv.root
PROGRESS: h80 files=4 processed_entries=343000000 valid_entries=343000000 skipped_entries=0 skipped_files=0 current=/data/graal/pre_analisi/pre_analisi_1999_uv.root
PROGRESS: h80 files=4 processed_entries=344000000 valid_entries=344000000 skipped_entries=0 skipped_files=0 current=/data/graal/pre_analisi/pre_analisi_1999_uv.root
PROGRESS: h80 files=4 processed_entries=345000000 valid_entries=345000000 skipped_entries=0 skipped_files=0 current=/data/graal/pre_analisi/pre_analisi_1999_uv.root
PROGRESS: h80 files=4 processed_entries=346000000 valid_entries=346000000 skipped_entries=0 skipped_files=0 current=/data/graal/pre_analisi/pre_analisi_1999_uv.root
PROGRESS: h80 files=4 processed_entries=347000000 valid_entries=347000000 skipped_entries=0 skipped_files=0 current=/data/graal/pre_analisi/pre_analisi_1999_uv.root
PROGRESS: h80 files=4 processed_entries=348000000 valid_entries=348000000 skipped_entries=0 skipped_files=0 current=/data/graal/pre_analisi/pre_analisi_1999_uv.root
PROGRESS: h80 files=4 processed_entries=349000000 valid_entries=349000000 skipped_entries=0 skipped_files=0 current=/data/graal/pre_analisi/pre_analisi_1999_uv.root
PROGRESS: h80 files=4 processed_entries=350000000 valid_entries=350000000 skipped_entries=0 skipped_files=0 current=/data/graal/pre_analisi/pre_analisi_1999_uv.root
PROGRESS: h80 files=4 processed_entries=351000000 valid_entries=351000000 skipped_entries=0 skipped_files=0 current=/data/graal/pre_analisi/pre_analisi_1999_uv.root
PROGRESS: h80 files=4 processed_entries=352000000 valid_entries=352000000 skipped_entries=0 skipped_files=0 current=/data/graal/pre_analisi/pre_analisi_1999_uv.root
PROGRESS: h80 files=4 processed_entries=353000000 valid_entries=353000000 skipped_entries=0 skipped_files=0 current=/data/graal/pre_analisi/pre_analisi_1999_uv.root
PROGRESS: h80 files=4 processed_entries=354000000 valid_entries=354000000 skipped_entries=0 skipped_files=0 current=/data/graal/pre_analisi/pre_analisi_1999_uv.root
PROGRESS: h80 files=4 processed_entries=355000000 valid_entries=355000000 skipped_entries=0 skipped_files=0 current=/data/graal/pre_analisi/pre_analisi_1999_uv.root
PROGRESS: h80 files=4 processed_entries=356000000 valid_entries=356000000 skipped_entries=0 skipped_files=0 current=/data/graal/pre_analisi/pre_analisi_1999_uv.root
PROGRESS: h80 files=4 processed_entries=357000000 valid_entries=357000000 skipped_entries=0 skipped_files=0 current=/data/graal/pre_analisi/pre_analisi_1999_uv.root
PROGRESS: h80 files=4 processed_entries=358000000 valid_entries=358000000 skipped_entries=0 skipped_files=0 current=/data/graal/pre_analisi/pre_analisi_1999_uv.root
PROGRESS: h80 files=4 processed_entries=359000000 valid_entries=359000000 skipped_entries=0 skipped_files=0 current=/data/graal/pre_analisi/pre_analisi_1999_uv.root
PROGRESS: h80 files=4 processed_entries=360000000 valid_entries=360000000 skipped_entries=0 skipped_files=0 current=/data/graal/pre_analisi/pre_analisi_1999_uv.root
PROGRESS: h80 files=4 processed_entries=361000000 valid_entries=361000000 skipped_entries=0 skipped_files=0 current=/data/graal/pre_analisi/pre_analisi_1999_uv.root
PROGRESS: h80 files=4 processed_entries=362000000 valid_entries=362000000 skipped_entries=0 skipped_files=0 current=/data/graal/pre_analisi/pre_analisi_1999_uv.root
PROGRESS: h80 files=4 processed_entries=363000000 valid_entries=363000000 skipped_entries=0 skipped_files=0 current=/data/graal/pre_analisi/pre_analisi_1999_uv.root
PROGRESS: h80 files=4 processed_entries=364000000 valid_entries=364000000 skipped_entries=0 skipped_files=0 current=/data/graal/pre_analisi/pre_analisi_1999_uv.root
PROGRESS: h80 files=4 processed_entries=365000000 valid_entries=365000000 skipped_entries=0 skipped_files=0 current=/data/graal/pre_analisi/pre_analisi_1999_uv.root
PROGRESS: h80 files=4 processed_entries=366000000 valid_entries=366000000 skipped_entries=0 skipped_files=0 current=/data/graal/pre_analisi/pre_analisi_1999_uv.root
PROGRESS: h80 files=4 processed_entries=367000000 valid_entries=367000000 skipped_entries=0 skipped_files=0 current=/data/graal/pre_analisi/pre_analisi_1999_uv.root
PROGRESS: h80 files=4 processed_entries=368000000 valid_entries=368000000 skipped_entries=0 skipped_files=0 current=/data/graal/pre_analisi/pre_analisi_1999_uv.root
PROGRESS: h80 files=4 processed_entries=369000000 valid_entries=369000000 skipped_entries=0 skipped_files=0 current=/data/graal/pre_analisi/pre_analisi_1999_uv.root
PROGRESS: h80 files=4 processed_entries=370000000 valid_entries=370000000 skipped_entries=0 skipped_files=0 current=/data/graal/pre_analisi/pre_analisi_1999_uv.root
PROGRESS: h80 files=4 processed_entries=371000000 valid_entries=371000000 skipped_entries=0 skipped_files=0 current=/data/graal/pre_analisi/pre_analisi_1999_uv.root
PROGRESS: h80 files=4 processed_entries=372000000 valid_entries=372000000 skipped_entries=0 skipped_files=0 current=/data/graal/pre_analisi/pre_analisi_1999_uv.root
PROGRESS: h80 files=4 processed_entries=373000000 valid_entries=373000000 skipped_entries=0 skipped_files=0 current=/data/graal/pre_analisi/pre_analisi_1999_uv.root
PROGRESS: h80 files=4 processed_entries=374000000 valid_entries=374000000 skipped_entries=0 skipped_files=0 current=/data/graal/pre_analisi/pre_analisi_1999_uv.root
PROGRESS: h80 files=4 processed_entries=375000000 valid_entries=375000000 skipped_entries=0 skipped_files=0 current=/data/graal/pre_analisi/pre_analisi_1999_uv.root
PROGRESS: h80 files=4 processed_entries=376000000 valid_entries=376000000 skipped_entries=0 skipped_files=0 current=/data/graal/pre_analisi/pre_analisi_1999_uv.root
PROGRESS: h80 files=4 processed_entries=377000000 valid_entries=377000000 skipped_entries=0 skipped_files=0 current=/data/graal/pre_analisi/pre_analisi_1999_uv.root
PROGRESS: h80 files=4 processed_entries=378000000 valid_entries=378000000 skipped_entries=0 skipped_files=0 current=/data/graal/pre_analisi/pre_analisi_1999_uv.root
PROGRESS: h80 files=4 processed_entries=379000000 valid_entries=379000000 skipped_entries=0 skipped_files=0 current=/data/graal/pre_analisi/pre_analisi_1999_uv.root
PROGRESS: h80 files=4 processed_entries=380000000 valid_entries=380000000 skipped_entries=0 skipped_files=0 current=/data/graal/pre_analisi/pre_analisi_1999_uv.root
PROGRESS: h80 files=4 processed_entries=381000000 valid_entries=381000000 skipped_entries=0 skipped_files=0 current=/data/graal/pre_analisi/pre_analisi_1999_uv.root
PROGRESS: h80 files=4 processed_entries=382000000 valid_entries=382000000 skipped_entries=0 skipped_files=0 current=/data/graal/pre_analisi/pre_analisi_1999_uv.root
PROGRESS: h80 files=4 processed_entries=383000000 valid_entries=383000000 skipped_entries=0 skipped_files=0 current=/data/graal/pre_analisi/pre_analisi_1999_uv.root
PROGRESS: h80 files=4 processed_entries=384000000 valid_entries=384000000 skipped_entries=0 skipped_files=0 current=/data/graal/pre_analisi/pre_analisi_1999_uv.root
PROGRESS: h80 files=4 processed_entries=385000000 valid_entries=385000000 skipped_entries=0 skipped_files=0 current=/data/graal/pre_analisi/pre_analisi_1999_uv.root
PROGRESS: h80 files=4 processed_entries=386000000 valid_entries=386000000 skipped_entries=0 skipped_files=0 current=/data/graal/pre_analisi/pre_analisi_1999_uv.root
PROGRESS: h80 files=4 processed_entries=387000000 valid_entries=387000000 skipped_entries=0 skipped_files=0 current=/data/graal/pre_analisi/pre_analisi_1999_uv.root
PROGRESS: h80 files=4 processed_entries=388000000 valid_entries=388000000 skipped_entries=0 skipped_files=0 current=/data/graal/pre_analisi/pre_analisi_1999_uv.root
PROGRESS: h80 files=4 processed_entries=389000000 valid_entries=389000000 skipped_entries=0 skipped_files=0 current=/data/graal/pre_analisi/pre_analisi_1999_uv.root
PROGRESS: h80 files=4 processed_entries=390000000 valid_entries=390000000 skipped_entries=0 skipped_files=0 current=/data/graal/pre_analisi/pre_analisi_1999_uv.root
PROGRESS: h80 files=4 processed_entries=390027144 valid_entries=390027144 skipped_entries=0 skipped_files=0 completed=/data/graal/pre_analisi/pre_analisi_1999_uv.root
PROGRESS: h80 files=5 processed_entries=391000000 valid_entries=391000000 skipped_entries=0 skipped_files=0 current=/data/graal/pre_analisi/pre_analisi_1999_vis.root
PROGRESS: h80 files=5 processed_entries=392000000 valid_entries=392000000 skipped_entries=0 skipped_files=0 current=/data/graal/pre_analisi/pre_analisi_1999_vis.root
PROGRESS: h80 files=5 processed_entries=393000000 valid_entries=393000000 skipped_entries=0 skipped_files=0 current=/data/graal/pre_analisi/pre_analisi_1999_vis.root
PROGRESS: h80 files=5 processed_entries=394000000 valid_entries=394000000 skipped_entries=0 skipped_files=0 current=/data/graal/pre_analisi/pre_analisi_1999_vis.root
PROGRESS: h80 files=5 processed_entries=395000000 valid_entries=395000000 skipped_entries=0 skipped_files=0 current=/data/graal/pre_analisi/pre_analisi_1999_vis.root
PROGRESS: h80 files=5 processed_entries=396000000 valid_entries=396000000 skipped_entries=0 skipped_files=0 current=/data/graal/pre_analisi/pre_analisi_1999_vis.root
PROGRESS: h80 files=5 processed_entries=397000000 valid_entries=397000000 skipped_entries=0 skipped_files=0 current=/data/graal/pre_analisi/pre_analisi_1999_vis.root
PROGRESS: h80 files=5 processed_entries=398000000 valid_entries=398000000 skipped_entries=0 skipped_files=0 current=/data/graal/pre_analisi/pre_analisi_1999_vis.root
PROGRESS: h80 files=5 processed_entries=399000000 valid_entries=399000000 skipped_entries=0 skipped_files=0 current=/data/graal/pre_analisi/pre_analisi_1999_vis.root
PROGRESS: h80 files=5 processed_entries=400000000 valid_entries=400000000 skipped_entries=0 skipped_files=0 current=/data/graal/pre_analisi/pre_analisi_1999_vis.root
PROGRESS: h80 files=5 processed_entries=401000000 valid_entries=401000000 skipped_entries=0 skipped_files=0 current=/data/graal/pre_analisi/pre_analisi_1999_vis.root
PROGRESS: h80 files=5 processed_entries=402000000 valid_entries=402000000 skipped_entries=0 skipped_files=0 current=/data/graal/pre_analisi/pre_analisi_1999_vis.root
PROGRESS: h80 files=5 processed_entries=403000000 valid_entries=403000000 skipped_entries=0 skipped_files=0 current=/data/graal/pre_analisi/pre_analisi_1999_vis.root
PROGRESS: h80 files=5 processed_entries=404000000 valid_entries=404000000 skipped_entries=0 skipped_files=0 current=/data/graal/pre_analisi/pre_analisi_1999_vis.root
PROGRESS: h80 files=5 processed_entries=405000000 valid_entries=405000000 skipped_entries=0 skipped_files=0 current=/data/graal/pre_analisi/pre_analisi_1999_vis.root
PROGRESS: h80 files=5 processed_entries=406000000 valid_entries=406000000 skipped_entries=0 skipped_files=0 current=/data/graal/pre_analisi/pre_analisi_1999_vis.root
PROGRESS: h80 files=5 processed_entries=407000000 valid_entries=407000000 skipped_entries=0 skipped_files=0 current=/data/graal/pre_analisi/pre_analisi_1999_vis.root
PROGRESS: h80 files=5 processed_entries=408000000 valid_entries=408000000 skipped_entries=0 skipped_files=0 current=/data/graal/pre_analisi/pre_analisi_1999_vis.root
PROGRESS: h80 files=5 processed_entries=409000000 valid_entries=409000000 skipped_entries=0 skipped_files=0 current=/data/graal/pre_analisi/pre_analisi_1999_vis.root
PROGRESS: h80 files=5 processed_entries=410000000 valid_entries=410000000 skipped_entries=0 skipped_files=0 current=/data/graal/pre_analisi/pre_analisi_1999_vis.root
PROGRESS: h80 files=5 processed_entries=411000000 valid_entries=411000000 skipped_entries=0 skipped_files=0 current=/data/graal/pre_analisi/pre_analisi_1999_vis.root
PROGRESS: h80 files=5 processed_entries=412000000 valid_entries=412000000 skipped_entries=0 skipped_files=0 current=/data/graal/pre_analisi/pre_analisi_1999_vis.root
PROGRESS: h80 files=5 processed_entries=413000000 valid_entries=413000000 skipped_entries=0 skipped_files=0 current=/data/graal/pre_analisi/pre_analisi_1999_vis.root
PROGRESS: h80 files=5 processed_entries=414000000 valid_entries=414000000 skipped_entries=0 skipped_files=0 current=/data/graal/pre_analisi/pre_analisi_1999_vis.root
PROGRESS: h80 files=5 processed_entries=415000000 valid_entries=415000000 skipped_entries=0 skipped_files=0 current=/data/graal/pre_analisi/pre_analisi_1999_vis.root
PROGRESS: h80 files=5 processed_entries=416000000 valid_entries=416000000 skipped_entries=0 skipped_files=0 current=/data/graal/pre_analisi/pre_analisi_1999_vis.root
PROGRESS: h80 files=5 processed_entries=417000000 valid_entries=417000000 skipped_entries=0 skipped_files=0 current=/data/graal/pre_analisi/pre_analisi_1999_vis.root
PROGRESS: h80 files=5 processed_entries=418000000 valid_entries=418000000 skipped_entries=0 skipped_files=0 current=/data/graal/pre_analisi/pre_analisi_1999_vis.root
PROGRESS: h80 files=5 processed_entries=419000000 valid_entries=419000000 skipped_entries=0 skipped_files=0 current=/data/graal/pre_analisi/pre_analisi_1999_vis.root
PROGRESS: h80 files=5 processed_entries=420000000 valid_entries=420000000 skipped_entries=0 skipped_files=0 current=/data/graal/pre_analisi/pre_analisi_1999_vis.root
PROGRESS: h80 files=5 processed_entries=421000000 valid_entries=421000000 skipped_entries=0 skipped_files=0 current=/data/graal/pre_analisi/pre_analisi_1999_vis.root
PROGRESS: h80 files=5 processed_entries=422000000 valid_entries=422000000 skipped_entries=0 skipped_files=0 current=/data/graal/pre_analisi/pre_analisi_1999_vis.root
PROGRESS: h80 files=5 processed_entries=423000000 valid_entries=423000000 skipped_entries=0 skipped_files=0 current=/data/graal/pre_analisi/pre_analisi_1999_vis.root
PROGRESS: h80 files=5 processed_entries=424000000 valid_entries=424000000 skipped_entries=0 skipped_files=0 current=/data/graal/pre_analisi/pre_analisi_1999_vis.root
PROGRESS: h80 files=5 processed_entries=425000000 valid_entries=425000000 skipped_entries=0 skipped_files=0 current=/data/graal/pre_analisi/pre_analisi_1999_vis.root
PROGRESS: h80 files=5 processed_entries=426000000 valid_entries=426000000 skipped_entries=0 skipped_files=0 current=/data/graal/pre_analisi/pre_analisi_1999_vis.root
PROGRESS: h80 files=5 processed_entries=427000000 valid_entries=427000000 skipped_entries=0 skipped_files=0 current=/data/graal/pre_analisi/pre_analisi_1999_vis.root
PROGRESS: h80 files=5 processed_entries=428000000 valid_entries=428000000 skipped_entries=0 skipped_files=0 current=/data/graal/pre_analisi/pre_analisi_1999_vis.root
PROGRESS: h80 files=5 processed_entries=429000000 valid_entries=429000000 skipped_entries=0 skipped_files=0 current=/data/graal/pre_analisi/pre_analisi_1999_vis.root
PROGRESS: h80 files=5 processed_entries=430000000 valid_entries=430000000 skipped_entries=0 skipped_files=0 current=/data/graal/pre_analisi/pre_analisi_1999_vis.root
PROGRESS: h80 files=5 processed_entries=431000000 valid_entries=431000000 skipped_entries=0 skipped_files=0 current=/data/graal/pre_analisi/pre_analisi_1999_vis.root
PROGRESS: h80 files=5 processed_entries=432000000 valid_entries=432000000 skipped_entries=0 skipped_files=0 current=/data/graal/pre_analisi/pre_analisi_1999_vis.root
PROGRESS: h80 files=5 processed_entries=433000000 valid_entries=433000000 skipped_entries=0 skipped_files=0 current=/data/graal/pre_analisi/pre_analisi_1999_vis.root
PROGRESS: h80 files=5 processed_entries=434000000 valid_entries=434000000 skipped_entries=0 skipped_files=0 current=/data/graal/pre_analisi/pre_analisi_1999_vis.root
PROGRESS: h80 files=5 processed_entries=435000000 valid_entries=435000000 skipped_entries=0 skipped_files=0 current=/data/graal/pre_analisi/pre_analisi_1999_vis.root
PROGRESS: h80 files=5 processed_entries=436000000 valid_entries=436000000 skipped_entries=0 skipped_files=0 current=/data/graal/pre_analisi/pre_analisi_1999_vis.root
PROGRESS: h80 files=5 processed_entries=437000000 valid_entries=437000000 skipped_entries=0 skipped_files=0 current=/data/graal/pre_analisi/pre_analisi_1999_vis.root
PROGRESS: h80 files=5 processed_entries=438000000 valid_entries=438000000 skipped_entries=0 skipped_files=0 current=/data/graal/pre_analisi/pre_analisi_1999_vis.root
PROGRESS: h80 files=5 processed_entries=439000000 valid_entries=439000000 skipped_entries=0 skipped_files=0 current=/data/graal/pre_analisi/pre_analisi_1999_vis.root
PROGRESS: h80 files=5 processed_entries=440000000 valid_entries=440000000 skipped_entries=0 skipped_files=0 current=/data/graal/pre_analisi/pre_analisi_1999_vis.root
PROGRESS: h80 files=5 processed_entries=441000000 valid_entries=441000000 skipped_entries=0 skipped_files=0 current=/data/graal/pre_analisi/pre_analisi_1999_vis.root
PROGRESS: h80 files=5 processed_entries=442000000 valid_entries=442000000 skipped_entries=0 skipped_files=0 current=/data/graal/pre_analisi/pre_analisi_1999_vis.root
PROGRESS: h80 files=5 processed_entries=443000000 valid_entries=443000000 skipped_entries=0 skipped_files=0 current=/data/graal/pre_analisi/pre_analisi_1999_vis.root
PROGRESS: h80 files=5 processed_entries=444000000 valid_entries=444000000 skipped_entries=0 skipped_files=0 current=/data/graal/pre_analisi/pre_analisi_1999_vis.root
PROGRESS: h80 files=5 processed_entries=445000000 valid_entries=445000000 skipped_entries=0 skipped_files=0 current=/data/graal/pre_analisi/pre_analisi_1999_vis.root
PROGRESS: h80 files=5 processed_entries=446000000 valid_entries=446000000 skipped_entries=0 skipped_files=0 current=/data/graal/pre_analisi/pre_analisi_1999_vis.root
PROGRESS: h80 files=5 processed_entries=447000000 valid_entries=447000000 skipped_entries=0 skipped_files=0 current=/data/graal/pre_analisi/pre_analisi_1999_vis.root
PROGRESS: h80 files=5 processed_entries=448000000 valid_entries=448000000 skipped_entries=0 skipped_files=0 current=/data/graal/pre_analisi/pre_analisi_1999_vis.root
PROGRESS: h80 files=5 processed_entries=449000000 valid_entries=449000000 skipped_entries=0 skipped_files=0 current=/data/graal/pre_analisi/pre_analisi_1999_vis.root
PROGRESS: h80 files=5 processed_entries=450000000 valid_entries=450000000 skipped_entries=0 skipped_files=0 current=/data/graal/pre_analisi/pre_analisi_1999_vis.root
PROGRESS: h80 files=5 processed_entries=451000000 valid_entries=451000000 skipped_entries=0 skipped_files=0 current=/data/graal/pre_analisi/pre_analisi_1999_vis.root
PROGRESS: h80 files=5 processed_entries=452000000 valid_entries=452000000 skipped_entries=0 skipped_files=0 current=/data/graal/pre_analisi/pre_analisi_1999_vis.root
PROGRESS: h80 files=5 processed_entries=453000000 valid_entries=453000000 skipped_entries=0 skipped_files=0 current=/data/graal/pre_analisi/pre_analisi_1999_vis.root
PROGRESS: h80 files=5 processed_entries=454000000 valid_entries=454000000 skipped_entries=0 skipped_files=0 current=/data/graal/pre_analisi/pre_analisi_1999_vis.root
PROGRESS: h80 files=5 processed_entries=455000000 valid_entries=455000000 skipped_entries=0 skipped_files=0 current=/data/graal/pre_analisi/pre_analisi_1999_vis.root
PROGRESS: h80 files=5 processed_entries=456000000 valid_entries=456000000 skipped_entries=0 skipped_files=0 current=/data/graal/pre_analisi/pre_analisi_1999_vis.root
PROGRESS: h80 files=5 processed_entries=457000000 valid_entries=457000000 skipped_entries=0 skipped_files=0 current=/data/graal/pre_analisi/pre_analisi_1999_vis.root
PROGRESS: h80 files=5 processed_entries=458000000 valid_entries=458000000 skipped_entries=0 skipped_files=0 current=/data/graal/pre_analisi/pre_analisi_1999_vis.root
PROGRESS: h80 files=5 processed_entries=459000000 valid_entries=459000000 skipped_entries=0 skipped_files=0 current=/data/graal/pre_analisi/pre_analisi_1999_vis.root
PROGRESS: h80 files=5 processed_entries=460000000 valid_entries=460000000 skipped_entries=0 skipped_files=0 current=/data/graal/pre_analisi/pre_analisi_1999_vis.root
PROGRESS: h80 files=5 processed_entries=461000000 valid_entries=461000000 skipped_entries=0 skipped_files=0 current=/data/graal/pre_analisi/pre_analisi_1999_vis.root
PROGRESS: h80 files=5 processed_entries=462000000 valid_entries=462000000 skipped_entries=0 skipped_files=0 current=/data/graal/pre_analisi/pre_analisi_1999_vis.root
PROGRESS: h80 files=5 processed_entries=463000000 valid_entries=463000000 skipped_entries=0 skipped_files=0 current=/data/graal/pre_analisi/pre_analisi_1999_vis.root
PROGRESS: h80 files=5 processed_entries=464000000 valid_entries=464000000 skipped_entries=0 skipped_files=0 current=/data/graal/pre_analisi/pre_analisi_1999_vis.root
PROGRESS: h80 files=5 processed_entries=465000000 valid_entries=465000000 skipped_entries=0 skipped_files=0 current=/data/graal/pre_analisi/pre_analisi_1999_vis.root
PROGRESS: h80 files=5 processed_entries=466000000 valid_entries=466000000 skipped_entries=0 skipped_files=0 current=/data/graal/pre_analisi/pre_analisi_1999_vis.root
PROGRESS: h80 files=5 processed_entries=467000000 valid_entries=467000000 skipped_entries=0 skipped_files=0 current=/data/graal/pre_analisi/pre_analisi_1999_vis.root
PROGRESS: h80 files=5 processed_entries=468000000 valid_entries=468000000 skipped_entries=0 skipped_files=0 current=/data/graal/pre_analisi/pre_analisi_1999_vis.root
PROGRESS: h80 files=5 processed_entries=469000000 valid_entries=469000000 skipped_entries=0 skipped_files=0 current=/data/graal/pre_analisi/pre_analisi_1999_vis.root
PROGRESS: h80 files=5 processed_entries=470000000 valid_entries=470000000 skipped_entries=0 skipped_files=0 current=/data/graal/pre_analisi/pre_analisi_1999_vis.root
PROGRESS: h80 files=5 processed_entries=471000000 valid_entries=471000000 skipped_entries=0 skipped_files=0 current=/data/graal/pre_analisi/pre_analisi_1999_vis.root
PROGRESS: h80 files=5 processed_entries=472000000 valid_entries=472000000 skipped_entries=0 skipped_files=0 current=/data/graal/pre_analisi/pre_analisi_1999_vis.root
PROGRESS: h80 files=5 processed_entries=473000000 valid_entries=473000000 skipped_entries=0 skipped_files=0 current=/data/graal/pre_analisi/pre_analisi_1999_vis.root
PROGRESS: h80 files=5 processed_entries=474000000 valid_entries=474000000 skipped_entries=0 skipped_files=0 current=/data/graal/pre_analisi/pre_analisi_1999_vis.root
PROGRESS: h80 files=5 processed_entries=475000000 valid_entries=475000000 skipped_entries=0 skipped_files=0 current=/data/graal/pre_analisi/pre_analisi_1999_vis.root
PROGRESS: h80 files=5 processed_entries=476000000 valid_entries=476000000 skipped_entries=0 skipped_files=0 current=/data/graal/pre_analisi/pre_analisi_1999_vis.root
PROGRESS: h80 files=5 processed_entries=477000000 valid_entries=477000000 skipped_entries=0 skipped_files=0 current=/data/graal/pre_analisi/pre_analisi_1999_vis.root
PROGRESS: h80 files=5 processed_entries=478000000 valid_entries=478000000 skipped_entries=0 skipped_files=0 current=/data/graal/pre_analisi/pre_analisi_1999_vis.root
PROGRESS: h80 files=5 processed_entries=479000000 valid_entries=479000000 skipped_entries=0 skipped_files=0 current=/data/graal/pre_analisi/pre_analisi_1999_vis.root
PROGRESS: h80 files=5 processed_entries=480000000 valid_entries=480000000 skipped_entries=0 skipped_files=0 current=/data/graal/pre_analisi/pre_analisi_1999_vis.root
PROGRESS: h80 files=5 processed_entries=481000000 valid_entries=481000000 skipped_entries=0 skipped_files=0 current=/data/graal/pre_analisi/pre_analisi_1999_vis.root
PROGRESS: h80 files=5 processed_entries=482000000 valid_entries=482000000 skipped_entries=0 skipped_files=0 current=/data/graal/pre_analisi/pre_analisi_1999_vis.root
PROGRESS: h80 files=5 processed_entries=483000000 valid_entries=483000000 skipped_entries=0 skipped_files=0 current=/data/graal/pre_analisi/pre_analisi_1999_vis.root
PROGRESS: h80 files=5 processed_entries=484000000 valid_entries=484000000 skipped_entries=0 skipped_files=0 current=/data/graal/pre_analisi/pre_analisi_1999_vis.root
PROGRESS: h80 files=5 processed_entries=484429412 valid_entries=484429412 skipped_entries=0 skipped_files=0 completed=/data/graal/pre_analisi/pre_analisi_1999_vis.root
PROGRESS: h80 files=6 processed_entries=485000000 valid_entries=485000000 skipped_entries=0 skipped_files=0 current=/data/graal/pre_analisi/pre_analisi_2000_fuv.root
PROGRESS: h80 files=6 processed_entries=486000000 valid_entries=486000000 skipped_entries=0 skipped_files=0 current=/data/graal/pre_analisi/pre_analisi_2000_fuv.root
PROGRESS: h80 files=6 processed_entries=487000000 valid_entries=487000000 skipped_entries=0 skipped_files=0 current=/data/graal/pre_analisi/pre_analisi_2000_fuv.root
PROGRESS: h80 files=6 processed_entries=488000000 valid_entries=488000000 skipped_entries=0 skipped_files=0 current=/data/graal/pre_analisi/pre_analisi_2000_fuv.root
PROGRESS: h80 files=6 processed_entries=489000000 valid_entries=489000000 skipped_entries=0 skipped_files=0 current=/data/graal/pre_analisi/pre_analisi_2000_fuv.root
PROGRESS: h80 files=6 processed_entries=490000000 valid_entries=490000000 skipped_entries=0 skipped_files=0 current=/data/graal/pre_analisi/pre_analisi_2000_fuv.root
PROGRESS: h80 files=6 processed_entries=491000000 valid_entries=491000000 skipped_entries=0 skipped_files=0 current=/data/graal/pre_analisi/pre_analisi_2000_fuv.root
PROGRESS: h80 files=6 processed_entries=492000000 valid_entries=492000000 skipped_entries=0 skipped_files=0 current=/data/graal/pre_analisi/pre_analisi_2000_fuv.root
PROGRESS: h80 files=6 processed_entries=493000000 valid_entries=493000000 skipped_entries=0 skipped_files=0 current=/data/graal/pre_analisi/pre_analisi_2000_fuv.root
PROGRESS: h80 files=6 processed_entries=494000000 valid_entries=494000000 skipped_entries=0 skipped_files=0 current=/data/graal/pre_analisi/pre_analisi_2000_fuv.root
PROGRESS: h80 files=6 processed_entries=495000000 valid_entries=495000000 skipped_entries=0 skipped_files=0 current=/data/graal/pre_analisi/pre_analisi_2000_fuv.root
PROGRESS: h80 files=6 processed_entries=496000000 valid_entries=496000000 skipped_entries=0 skipped_files=0 current=/data/graal/pre_analisi/pre_analisi_2000_fuv.root
PROGRESS: h80 files=6 processed_entries=497000000 valid_entries=497000000 skipped_entries=0 skipped_files=0 current=/data/graal/pre_analisi/pre_analisi_2000_fuv.root
PROGRESS: h80 files=6 processed_entries=498000000 valid_entries=498000000 skipped_entries=0 skipped_files=0 current=/data/graal/pre_analisi/pre_analisi_2000_fuv.root
PROGRESS: h80 files=6 processed_entries=499000000 valid_entries=499000000 skipped_entries=0 skipped_files=0 current=/data/graal/pre_analisi/pre_analisi_2000_fuv.root
PROGRESS: h80 files=6 processed_entries=500000000 valid_entries=500000000 skipped_entries=0 skipped_files=0 current=/data/graal/pre_analisi/pre_analisi_2000_fuv.root
PROGRESS: h80 files=6 processed_entries=501000000 valid_entries=501000000 skipped_entries=0 skipped_files=0 current=/data/graal/pre_analisi/pre_analisi_2000_fuv.root
PROGRESS: h80 files=6 processed_entries=502000000 valid_entries=502000000 skipped_entries=0 skipped_files=0 current=/data/graal/pre_analisi/pre_analisi_2000_fuv.root
PROGRESS: h80 files=6 processed_entries=503000000 valid_entries=503000000 skipped_entries=0 skipped_files=0 current=/data/graal/pre_analisi/pre_analisi_2000_fuv.root
PROGRESS: h80 files=6 processed_entries=504000000 valid_entries=504000000 skipped_entries=0 skipped_files=0 current=/data/graal/pre_analisi/pre_analisi_2000_fuv.root
PROGRESS: h80 files=6 processed_entries=505000000 valid_entries=505000000 skipped_entries=0 skipped_files=0 current=/data/graal/pre_analisi/pre_analisi_2000_fuv.root
PROGRESS: h80 files=6 processed_entries=506000000 valid_entries=506000000 skipped_entries=0 skipped_files=0 current=/data/graal/pre_analisi/pre_analisi_2000_fuv.root
PROGRESS: h80 files=6 processed_entries=507000000 valid_entries=507000000 skipped_entries=0 skipped_files=0 current=/data/graal/pre_analisi/pre_analisi_2000_fuv.root
PROGRESS: h80 files=6 processed_entries=508000000 valid_entries=508000000 skipped_entries=0 skipped_files=0 current=/data/graal/pre_analisi/pre_analisi_2000_fuv.root
PROGRESS: h80 files=6 processed_entries=509000000 valid_entries=509000000 skipped_entries=0 skipped_files=0 current=/data/graal/pre_analisi/pre_analisi_2000_fuv.root
PROGRESS: h80 files=6 processed_entries=510000000 valid_entries=510000000 skipped_entries=0 skipped_files=0 current=/data/graal/pre_analisi/pre_analisi_2000_fuv.root
PROGRESS: h80 files=6 processed_entries=511000000 valid_entries=511000000 skipped_entries=0 skipped_files=0 current=/data/graal/pre_analisi/pre_analisi_2000_fuv.root
PROGRESS: h80 files=6 processed_entries=512000000 valid_entries=512000000 skipped_entries=0 skipped_files=0 current=/data/graal/pre_analisi/pre_analisi_2000_fuv.root
PROGRESS: h80 files=6 processed_entries=513000000 valid_entries=513000000 skipped_entries=0 skipped_files=0 current=/data/graal/pre_analisi/pre_analisi_2000_fuv.root
PROGRESS: h80 files=6 processed_entries=514000000 valid_entries=514000000 skipped_entries=0 skipped_files=0 current=/data/graal/pre_analisi/pre_analisi_2000_fuv.root
PROGRESS: h80 files=6 processed_entries=515000000 valid_entries=515000000 skipped_entries=0 skipped_files=0 current=/data/graal/pre_analisi/pre_analisi_2000_fuv.root
PROGRESS: h80 files=6 processed_entries=516000000 valid_entries=516000000 skipped_entries=0 skipped_files=0 current=/data/graal/pre_analisi/pre_analisi_2000_fuv.root
PROGRESS: h80 files=6 processed_entries=517000000 valid_entries=517000000 skipped_entries=0 skipped_files=0 current=/data/graal/pre_analisi/pre_analisi_2000_fuv.root
PROGRESS: h80 files=6 processed_entries=518000000 valid_entries=518000000 skipped_entries=0 skipped_files=0 current=/data/graal/pre_analisi/pre_analisi_2000_fuv.root
PROGRESS: h80 files=6 processed_entries=519000000 valid_entries=519000000 skipped_entries=0 skipped_files=0 current=/data/graal/pre_analisi/pre_analisi_2000_fuv.root
PROGRESS: h80 files=6 processed_entries=520000000 valid_entries=520000000 skipped_entries=0 skipped_files=0 current=/data/graal/pre_analisi/pre_analisi_2000_fuv.root
PROGRESS: h80 files=6 processed_entries=521000000 valid_entries=521000000 skipped_entries=0 skipped_files=0 current=/data/graal/pre_analisi/pre_analisi_2000_fuv.root
PROGRESS: h80 files=6 processed_entries=522000000 valid_entries=522000000 skipped_entries=0 skipped_files=0 current=/data/graal/pre_analisi/pre_analisi_2000_fuv.root
PROGRESS: h80 files=6 processed_entries=523000000 valid_entries=523000000 skipped_entries=0 skipped_files=0 current=/data/graal/pre_analisi/pre_analisi_2000_fuv.root
PROGRESS: h80 files=6 processed_entries=524000000 valid_entries=524000000 skipped_entries=0 skipped_files=0 current=/data/graal/pre_analisi/pre_analisi_2000_fuv.root
PROGRESS: h80 files=6 processed_entries=525000000 valid_entries=525000000 skipped_entries=0 skipped_files=0 current=/data/graal/pre_analisi/pre_analisi_2000_fuv.root
PROGRESS: h80 files=6 processed_entries=526000000 valid_entries=526000000 skipped_entries=0 skipped_files=0 current=/data/graal/pre_analisi/pre_analisi_2000_fuv.root
PROGRESS: h80 files=6 processed_entries=527000000 valid_entries=527000000 skipped_entries=0 skipped_files=0 current=/data/graal/pre_analisi/pre_analisi_2000_fuv.root
PROGRESS: h80 files=6 processed_entries=528000000 valid_entries=528000000 skipped_entries=0 skipped_files=0 current=/data/graal/pre_analisi/pre_analisi_2000_fuv.root
PROGRESS: h80 files=6 processed_entries=529000000 valid_entries=529000000 skipped_entries=0 skipped_files=0 current=/data/graal/pre_analisi/pre_analisi_2000_fuv.root
PROGRESS: h80 files=6 processed_entries=530000000 valid_entries=530000000 skipped_entries=0 skipped_files=0 current=/data/graal/pre_analisi/pre_analisi_2000_fuv.root
PROGRESS: h80 files=6 processed_entries=531000000 valid_entries=531000000 skipped_entries=0 skipped_files=0 current=/data/graal/pre_analisi/pre_analisi_2000_fuv.root
PROGRESS: h80 files=6 processed_entries=532000000 valid_entries=532000000 skipped_entries=0 skipped_files=0 current=/data/graal/pre_analisi/pre_analisi_2000_fuv.root
PROGRESS: h80 files=6 processed_entries=533000000 valid_entries=533000000 skipped_entries=0 skipped_files=0 current=/data/graal/pre_analisi/pre_analisi_2000_fuv.root
PROGRESS: h80 files=6 processed_entries=534000000 valid_entries=534000000 skipped_entries=0 skipped_files=0 current=/data/graal/pre_analisi/pre_analisi_2000_fuv.root
PROGRESS: h80 files=6 processed_entries=535000000 valid_entries=535000000 skipped_entries=0 skipped_files=0 current=/data/graal/pre_analisi/pre_analisi_2000_fuv.root
PROGRESS: h80 files=6 processed_entries=536000000 valid_entries=536000000 skipped_entries=0 skipped_files=0 current=/data/graal/pre_analisi/pre_analisi_2000_fuv.root
PROGRESS: h80 files=6 processed_entries=537000000 valid_entries=537000000 skipped_entries=0 skipped_files=0 current=/data/graal/pre_analisi/pre_analisi_2000_fuv.root
PROGRESS: h80 files=6 processed_entries=538000000 valid_entries=538000000 skipped_entries=0 skipped_files=0 current=/data/graal/pre_analisi/pre_analisi_2000_fuv.root
PROGRESS: h80 files=6 processed_entries=539000000 valid_entries=539000000 skipped_entries=0 skipped_files=0 current=/data/graal/pre_analisi/pre_analisi_2000_fuv.root
PROGRESS: h80 files=6 processed_entries=540000000 valid_entries=540000000 skipped_entries=0 skipped_files=0 current=/data/graal/pre_analisi/pre_analisi_2000_fuv.root
PROGRESS: h80 files=6 processed_entries=541000000 valid_entries=541000000 skipped_entries=0 skipped_files=0 current=/data/graal/pre_analisi/pre_analisi_2000_fuv.root
PROGRESS: h80 files=6 processed_entries=542000000 valid_entries=542000000 skipped_entries=0 skipped_files=0 current=/data/graal/pre_analisi/pre_analisi_2000_fuv.root
PROGRESS: h80 files=6 processed_entries=543000000 valid_entries=543000000 skipped_entries=0 skipped_files=0 current=/data/graal/pre_analisi/pre_analisi_2000_fuv.root
PROGRESS: h80 files=6 processed_entries=544000000 valid_entries=544000000 skipped_entries=0 skipped_files=0 current=/data/graal/pre_analisi/pre_analisi_2000_fuv.root
PROGRESS: h80 files=6 processed_entries=545000000 valid_entries=545000000 skipped_entries=0 skipped_files=0 current=/data/graal/pre_analisi/pre_analisi_2000_fuv.root
PROGRESS: h80 files=6 processed_entries=546000000 valid_entries=546000000 skipped_entries=0 skipped_files=0 current=/data/graal/pre_analisi/pre_analisi_2000_fuv.root
PROGRESS: h80 files=6 processed_entries=547000000 valid_entries=547000000 skipped_entries=0 skipped_files=0 current=/data/graal/pre_analisi/pre_analisi_2000_fuv.root
PROGRESS: h80 files=6 processed_entries=548000000 valid_entries=548000000 skipped_entries=0 skipped_files=0 current=/data/graal/pre_analisi/pre_analisi_2000_fuv.root
PROGRESS: h80 files=6 processed_entries=549000000 valid_entries=549000000 skipped_entries=0 skipped_files=0 current=/data/graal/pre_analisi/pre_analisi_2000_fuv.root
PROGRESS: h80 files=6 processed_entries=550000000 valid_entries=550000000 skipped_entries=0 skipped_files=0 current=/data/graal/pre_analisi/pre_analisi_2000_fuv.root
PROGRESS: h80 files=6 processed_entries=551000000 valid_entries=551000000 skipped_entries=0 skipped_files=0 current=/data/graal/pre_analisi/pre_analisi_2000_fuv.root
PROGRESS: h80 files=6 processed_entries=552000000 valid_entries=552000000 skipped_entries=0 skipped_files=0 current=/data/graal/pre_analisi/pre_analisi_2000_fuv.root
PROGRESS: h80 files=6 processed_entries=553000000 valid_entries=553000000 skipped_entries=0 skipped_files=0 current=/data/graal/pre_analisi/pre_analisi_2000_fuv.root
PROGRESS: h80 files=6 processed_entries=554000000 valid_entries=554000000 skipped_entries=0 skipped_files=0 current=/data/graal/pre_analisi/pre_analisi_2000_fuv.root
PROGRESS: h80 files=6 processed_entries=555000000 valid_entries=555000000 skipped_entries=0 skipped_files=0 current=/data/graal/pre_analisi/pre_analisi_2000_fuv.root
PROGRESS: h80 files=6 processed_entries=556000000 valid_entries=556000000 skipped_entries=0 skipped_files=0 current=/data/graal/pre_analisi/pre_analisi_2000_fuv.root
PROGRESS: h80 files=6 processed_entries=557000000 valid_entries=557000000 skipped_entries=0 skipped_files=0 current=/data/graal/pre_analisi/pre_analisi_2000_fuv.root
PROGRESS: h80 files=6 processed_entries=558000000 valid_entries=558000000 skipped_entries=0 skipped_files=0 current=/data/graal/pre_analisi/pre_analisi_2000_fuv.root
PROGRESS: h80 files=6 processed_entries=559000000 valid_entries=559000000 skipped_entries=0 skipped_files=0 current=/data/graal/pre_analisi/pre_analisi_2000_fuv.root
PROGRESS: h80 files=6 processed_entries=560000000 valid_entries=560000000 skipped_entries=0 skipped_files=0 current=/data/graal/pre_analisi/pre_analisi_2000_fuv.root
PROGRESS: h80 files=6 processed_entries=561000000 valid_entries=561000000 skipped_entries=0 skipped_files=0 current=/data/graal/pre_analisi/pre_analisi_2000_fuv.root
PROGRESS: h80 files=6 processed_entries=562000000 valid_entries=562000000 skipped_entries=0 skipped_files=0 current=/data/graal/pre_analisi/pre_analisi_2000_fuv.root
PROGRESS: h80 files=6 processed_entries=563000000 valid_entries=563000000 skipped_entries=0 skipped_files=0 current=/data/graal/pre_analisi/pre_analisi_2000_fuv.root
PROGRESS: h80 files=6 processed_entries=564000000 valid_entries=564000000 skipped_entries=0 skipped_files=0 current=/data/graal/pre_analisi/pre_analisi_2000_fuv.root
PROGRESS: h80 files=6 processed_entries=565000000 valid_entries=565000000 skipped_entries=0 skipped_files=0 current=/data/graal/pre_analisi/pre_analisi_2000_fuv.root
PROGRESS: h80 files=6 processed_entries=566000000 valid_entries=566000000 skipped_entries=0 skipped_files=0 current=/data/graal/pre_analisi/pre_analisi_2000_fuv.root
PROGRESS: h80 files=6 processed_entries=567000000 valid_entries=567000000 skipped_entries=0 skipped_files=0 current=/data/graal/pre_analisi/pre_analisi_2000_fuv.root
PROGRESS: h80 files=6 processed_entries=568000000 valid_entries=568000000 skipped_entries=0 skipped_files=0 current=/data/graal/pre_analisi/pre_analisi_2000_fuv.root
PROGRESS: h80 files=6 processed_entries=569000000 valid_entries=569000000 skipped_entries=0 skipped_files=0 current=/data/graal/pre_analisi/pre_analisi_2000_fuv.root
PROGRESS: h80 files=6 processed_entries=570000000 valid_entries=570000000 skipped_entries=0 skipped_files=0 current=/data/graal/pre_analisi/pre_analisi_2000_fuv.root
PROGRESS: h80 files=6 processed_entries=571000000 valid_entries=571000000 skipped_entries=0 skipped_files=0 current=/data/graal/pre_analisi/pre_analisi_2000_fuv.root
PROGRESS: h80 files=6 processed_entries=572000000 valid_entries=572000000 skipped_entries=0 skipped_files=0 current=/data/graal/pre_analisi/pre_analisi_2000_fuv.root
PROGRESS: h80 files=6 processed_entries=573000000 valid_entries=573000000 skipped_entries=0 skipped_files=0 current=/data/graal/pre_analisi/pre_analisi_2000_fuv.root
PROGRESS: h80 files=6 processed_entries=574000000 valid_entries=574000000 skipped_entries=0 skipped_files=0 current=/data/graal/pre_analisi/pre_analisi_2000_fuv.root
PROGRESS: h80 files=6 processed_entries=575000000 valid_entries=575000000 skipped_entries=0 skipped_files=0 current=/data/graal/pre_analisi/pre_analisi_2000_fuv.root
PROGRESS: h80 files=6 processed_entries=576000000 valid_entries=576000000 skipped_entries=0 skipped_files=0 current=/data/graal/pre_analisi/pre_analisi_2000_fuv.root
PROGRESS: h80 files=6 processed_entries=576222932 valid_entries=576222932 skipped_entries=0 skipped_files=0 completed=/data/graal/pre_analisi/pre_analisi_2000_fuv.root
PROGRESS: h80 files=7 processed_entries=577000000 valid_entries=577000000 skipped_entries=0 skipped_files=0 current=/data/graal/pre_analisi/pre_analisi_2000_uv1.root
PROGRESS: h80 files=7 processed_entries=578000000 valid_entries=578000000 skipped_entries=0 skipped_files=0 current=/data/graal/pre_analisi/pre_analisi_2000_uv1.root
PROGRESS: h80 files=7 processed_entries=579000000 valid_entries=579000000 skipped_entries=0 skipped_files=0 current=/data/graal/pre_analisi/pre_analisi_2000_uv1.root
PROGRESS: h80 files=7 processed_entries=580000000 valid_entries=580000000 skipped_entries=0 skipped_files=0 current=/data/graal/pre_analisi/pre_analisi_2000_uv1.root
PROGRESS: h80 files=7 processed_entries=581000000 valid_entries=581000000 skipped_entries=0 skipped_files=0 current=/data/graal/pre_analisi/pre_analisi_2000_uv1.root
PROGRESS: h80 files=7 processed_entries=582000000 valid_entries=582000000 skipped_entries=0 skipped_files=0 current=/data/graal/pre_analisi/pre_analisi_2000_uv1.root
PROGRESS: h80 files=7 processed_entries=583000000 valid_entries=583000000 skipped_entries=0 skipped_files=0 current=/data/graal/pre_analisi/pre_analisi_2000_uv1.root
PROGRESS: h80 files=7 processed_entries=584000000 valid_entries=584000000 skipped_entries=0 skipped_files=0 current=/data/graal/pre_analisi/pre_analisi_2000_uv1.root
PROGRESS: h80 files=7 processed_entries=585000000 valid_entries=585000000 skipped_entries=0 skipped_files=0 current=/data/graal/pre_analisi/pre_analisi_2000_uv1.root
PROGRESS: h80 files=7 processed_entries=586000000 valid_entries=586000000 skipped_entries=0 skipped_files=0 current=/data/graal/pre_analisi/pre_analisi_2000_uv1.root
PROGRESS: h80 files=7 processed_entries=587000000 valid_entries=587000000 skipped_entries=0 skipped_files=0 current=/data/graal/pre_analisi/pre_analisi_2000_uv1.root
PROGRESS: h80 files=7 processed_entries=588000000 valid_entries=588000000 skipped_entries=0 skipped_files=0 current=/data/graal/pre_analisi/pre_analisi_2000_uv1.root
PROGRESS: h80 files=7 processed_entries=589000000 valid_entries=589000000 skipped_entries=0 skipped_files=0 current=/data/graal/pre_analisi/pre_analisi_2000_uv1.root
PROGRESS: h80 files=7 processed_entries=590000000 valid_entries=590000000 skipped_entries=0 skipped_files=0 current=/data/graal/pre_analisi/pre_analisi_2000_uv1.root
PROGRESS: h80 files=7 processed_entries=591000000 valid_entries=591000000 skipped_entries=0 skipped_files=0 current=/data/graal/pre_analisi/pre_analisi_2000_uv1.root
PROGRESS: h80 files=7 processed_entries=592000000 valid_entries=592000000 skipped_entries=0 skipped_files=0 current=/data/graal/pre_analisi/pre_analisi_2000_uv1.root
PROGRESS: h80 files=7 processed_entries=593000000 valid_entries=593000000 skipped_entries=0 skipped_files=0 current=/data/graal/pre_analisi/pre_analisi_2000_uv1.root
PROGRESS: h80 files=7 processed_entries=594000000 valid_entries=594000000 skipped_entries=0 skipped_files=0 current=/data/graal/pre_analisi/pre_analisi_2000_uv1.root
PROGRESS: h80 files=7 processed_entries=595000000 valid_entries=595000000 skipped_entries=0 skipped_files=0 current=/data/graal/pre_analisi/pre_analisi_2000_uv1.root
PROGRESS: h80 files=7 processed_entries=596000000 valid_entries=596000000 skipped_entries=0 skipped_files=0 current=/data/graal/pre_analisi/pre_analisi_2000_uv1.root
PROGRESS: h80 files=7 processed_entries=597000000 valid_entries=597000000 skipped_entries=0 skipped_files=0 current=/data/graal/pre_analisi/pre_analisi_2000_uv1.root
PROGRESS: h80 files=7 processed_entries=598000000 valid_entries=598000000 skipped_entries=0 skipped_files=0 current=/data/graal/pre_analisi/pre_analisi_2000_uv1.root
PROGRESS: h80 files=7 processed_entries=599000000 valid_entries=599000000 skipped_entries=0 skipped_files=0 current=/data/graal/pre_analisi/pre_analisi_2000_uv1.root
PROGRESS: h80 files=7 processed_entries=600000000 valid_entries=600000000 skipped_entries=0 skipped_files=0 current=/data/graal/pre_analisi/pre_analisi_2000_uv1.root
PROGRESS: h80 files=7 processed_entries=601000000 valid_entries=601000000 skipped_entries=0 skipped_files=0 current=/data/graal/pre_analisi/pre_analisi_2000_uv1.root
PROGRESS: h80 files=7 processed_entries=602000000 valid_entries=602000000 skipped_entries=0 skipped_files=0 current=/data/graal/pre_analisi/pre_analisi_2000_uv1.root
PROGRESS: h80 files=7 processed_entries=603000000 valid_entries=603000000 skipped_entries=0 skipped_files=0 current=/data/graal/pre_analisi/pre_analisi_2000_uv1.root
PROGRESS: h80 files=7 processed_entries=604000000 valid_entries=604000000 skipped_entries=0 skipped_files=0 current=/data/graal/pre_analisi/pre_analisi_2000_uv1.root
PROGRESS: h80 files=7 processed_entries=605000000 valid_entries=605000000 skipped_entries=0 skipped_files=0 current=/data/graal/pre_analisi/pre_analisi_2000_uv1.root
PROGRESS: h80 files=7 processed_entries=606000000 valid_entries=606000000 skipped_entries=0 skipped_files=0 current=/data/graal/pre_analisi/pre_analisi_2000_uv1.root
PROGRESS: h80 files=7 processed_entries=607000000 valid_entries=607000000 skipped_entries=0 skipped_files=0 current=/data/graal/pre_analisi/pre_analisi_2000_uv1.root
PROGRESS: h80 files=7 processed_entries=608000000 valid_entries=608000000 skipped_entries=0 skipped_files=0 current=/data/graal/pre_analisi/pre_analisi_2000_uv1.root
PROGRESS: h80 files=7 processed_entries=609000000 valid_entries=609000000 skipped_entries=0 skipped_files=0 current=/data/graal/pre_analisi/pre_analisi_2000_uv1.root
PROGRESS: h80 files=7 processed_entries=610000000 valid_entries=610000000 skipped_entries=0 skipped_files=0 current=/data/graal/pre_analisi/pre_analisi_2000_uv1.root
PROGRESS: h80 files=7 processed_entries=611000000 valid_entries=611000000 skipped_entries=0 skipped_files=0 current=/data/graal/pre_analisi/pre_analisi_2000_uv1.root
PROGRESS: h80 files=7 processed_entries=612000000 valid_entries=612000000 skipped_entries=0 skipped_files=0 current=/data/graal/pre_analisi/pre_analisi_2000_uv1.root
PROGRESS: h80 files=7 processed_entries=613000000 valid_entries=613000000 skipped_entries=0 skipped_files=0 current=/data/graal/pre_analisi/pre_analisi_2000_uv1.root
PROGRESS: h80 files=7 processed_entries=614000000 valid_entries=614000000 skipped_entries=0 skipped_files=0 current=/data/graal/pre_analisi/pre_analisi_2000_uv1.root
PROGRESS: h80 files=7 processed_entries=615000000 valid_entries=615000000 skipped_entries=0 skipped_files=0 current=/data/graal/pre_analisi/pre_analisi_2000_uv1.root
PROGRESS: h80 files=7 processed_entries=616000000 valid_entries=616000000 skipped_entries=0 skipped_files=0 current=/data/graal/pre_analisi/pre_analisi_2000_uv1.root
PROGRESS: h80 files=7 processed_entries=617000000 valid_entries=617000000 skipped_entries=0 skipped_files=0 current=/data/graal/pre_analisi/pre_analisi_2000_uv1.root
PROGRESS: h80 files=7 processed_entries=618000000 valid_entries=618000000 skipped_entries=0 skipped_files=0 current=/data/graal/pre_analisi/pre_analisi_2000_uv1.root
PROGRESS: h80 files=7 processed_entries=619000000 valid_entries=619000000 skipped_entries=0 skipped_files=0 current=/data/graal/pre_analisi/pre_analisi_2000_uv1.root
PROGRESS: h80 files=7 processed_entries=620000000 valid_entries=620000000 skipped_entries=0 skipped_files=0 current=/data/graal/pre_analisi/pre_analisi_2000_uv1.root
PROGRESS: h80 files=7 processed_entries=621000000 valid_entries=621000000 skipped_entries=0 skipped_files=0 current=/data/graal/pre_analisi/pre_analisi_2000_uv1.root
PROGRESS: h80 files=7 processed_entries=622000000 valid_entries=622000000 skipped_entries=0 skipped_files=0 current=/data/graal/pre_analisi/pre_analisi_2000_uv1.root
PROGRESS: h80 files=7 processed_entries=623000000 valid_entries=623000000 skipped_entries=0 skipped_files=0 current=/data/graal/pre_analisi/pre_analisi_2000_uv1.root
PROGRESS: h80 files=7 processed_entries=624000000 valid_entries=624000000 skipped_entries=0 skipped_files=0 current=/data/graal/pre_analisi/pre_analisi_2000_uv1.root
PROGRESS: h80 files=7 processed_entries=625000000 valid_entries=625000000 skipped_entries=0 skipped_files=0 current=/data/graal/pre_analisi/pre_analisi_2000_uv1.root
PROGRESS: h80 files=7 processed_entries=626000000 valid_entries=626000000 skipped_entries=0 skipped_files=0 current=/data/graal/pre_analisi/pre_analisi_2000_uv1.root
PROGRESS: h80 files=7 processed_entries=627000000 valid_entries=627000000 skipped_entries=0 skipped_files=0 current=/data/graal/pre_analisi/pre_analisi_2000_uv1.root
PROGRESS: h80 files=7 processed_entries=628000000 valid_entries=628000000 skipped_entries=0 skipped_files=0 current=/data/graal/pre_analisi/pre_analisi_2000_uv1.root
PROGRESS: h80 files=7 processed_entries=629000000 valid_entries=629000000 skipped_entries=0 skipped_files=0 current=/data/graal/pre_analisi/pre_analisi_2000_uv1.root
PROGRESS: h80 files=7 processed_entries=630000000 valid_entries=630000000 skipped_entries=0 skipped_files=0 current=/data/graal/pre_analisi/pre_analisi_2000_uv1.root
PROGRESS: h80 files=7 processed_entries=631000000 valid_entries=631000000 skipped_entries=0 skipped_files=0 current=/data/graal/pre_analisi/pre_analisi_2000_uv1.root
PROGRESS: h80 files=7 processed_entries=632000000 valid_entries=632000000 skipped_entries=0 skipped_files=0 current=/data/graal/pre_analisi/pre_analisi_2000_uv1.root
PROGRESS: h80 files=7 processed_entries=633000000 valid_entries=633000000 skipped_entries=0 skipped_files=0 current=/data/graal/pre_analisi/pre_analisi_2000_uv1.root
PROGRESS: h80 files=7 processed_entries=634000000 valid_entries=634000000 skipped_entries=0 skipped_files=0 current=/data/graal/pre_analisi/pre_analisi_2000_uv1.root
PROGRESS: h80 files=7 processed_entries=635000000 valid_entries=635000000 skipped_entries=0 skipped_files=0 current=/data/graal/pre_analisi/pre_analisi_2000_uv1.root
PROGRESS: h80 files=7 processed_entries=636000000 valid_entries=636000000 skipped_entries=0 skipped_files=0 current=/data/graal/pre_analisi/pre_analisi_2000_uv1.root
PROGRESS: h80 files=7 processed_entries=637000000 valid_entries=637000000 skipped_entries=0 skipped_files=0 current=/data/graal/pre_analisi/pre_analisi_2000_uv1.root
PROGRESS: h80 files=7 processed_entries=638000000 valid_entries=638000000 skipped_entries=0 skipped_files=0 current=/data/graal/pre_analisi/pre_analisi_2000_uv1.root
PROGRESS: h80 files=7 processed_entries=639000000 valid_entries=639000000 skipped_entries=0 skipped_files=0 current=/data/graal/pre_analisi/pre_analisi_2000_uv1.root
PROGRESS: h80 files=7 processed_entries=640000000 valid_entries=640000000 skipped_entries=0 skipped_files=0 current=/data/graal/pre_analisi/pre_analisi_2000_uv1.root
PROGRESS: h80 files=7 processed_entries=641000000 valid_entries=641000000 skipped_entries=0 skipped_files=0 current=/data/graal/pre_analisi/pre_analisi_2000_uv1.root
PROGRESS: h80 files=7 processed_entries=642000000 valid_entries=642000000 skipped_entries=0 skipped_files=0 current=/data/graal/pre_analisi/pre_analisi_2000_uv1.root
PROGRESS: h80 files=7 processed_entries=643000000 valid_entries=643000000 skipped_entries=0 skipped_files=0 current=/data/graal/pre_analisi/pre_analisi_2000_uv1.root
PROGRESS: h80 files=7 processed_entries=644000000 valid_entries=644000000 skipped_entries=0 skipped_files=0 current=/data/graal/pre_analisi/pre_analisi_2000_uv1.root
PROGRESS: h80 files=7 processed_entries=645000000 valid_entries=645000000 skipped_entries=0 skipped_files=0 current=/data/graal/pre_analisi/pre_analisi_2000_uv1.root
PROGRESS: h80 files=7 processed_entries=646000000 valid_entries=646000000 skipped_entries=0 skipped_files=0 current=/data/graal/pre_analisi/pre_analisi_2000_uv1.root
PROGRESS: h80 files=7 processed_entries=647000000 valid_entries=647000000 skipped_entries=0 skipped_files=0 current=/data/graal/pre_analisi/pre_analisi_2000_uv1.root
PROGRESS: h80 files=7 processed_entries=648000000 valid_entries=648000000 skipped_entries=0 skipped_files=0 current=/data/graal/pre_analisi/pre_analisi_2000_uv1.root
PROGRESS: h80 files=7 processed_entries=649000000 valid_entries=649000000 skipped_entries=0 skipped_files=0 current=/data/graal/pre_analisi/pre_analisi_2000_uv1.root
PROGRESS: h80 files=7 processed_entries=650000000 valid_entries=650000000 skipped_entries=0 skipped_files=0 current=/data/graal/pre_analisi/pre_analisi_2000_uv1.root
PROGRESS: h80 files=7 processed_entries=651000000 valid_entries=651000000 skipped_entries=0 skipped_files=0 current=/data/graal/pre_analisi/pre_analisi_2000_uv1.root
PROGRESS: h80 files=7 processed_entries=652000000 valid_entries=652000000 skipped_entries=0 skipped_files=0 current=/data/graal/pre_analisi/pre_analisi_2000_uv1.root
PROGRESS: h80 files=7 processed_entries=653000000 valid_entries=653000000 skipped_entries=0 skipped_files=0 current=/data/graal/pre_analisi/pre_analisi_2000_uv1.root
PROGRESS: h80 files=7 processed_entries=654000000 valid_entries=654000000 skipped_entries=0 skipped_files=0 current=/data/graal/pre_analisi/pre_analisi_2000_uv1.root
PROGRESS: h80 files=7 processed_entries=655000000 valid_entries=655000000 skipped_entries=0 skipped_files=0 current=/data/graal/pre_analisi/pre_analisi_2000_uv1.root
PROGRESS: h80 files=7 processed_entries=656000000 valid_entries=656000000 skipped_entries=0 skipped_files=0 current=/data/graal/pre_analisi/pre_analisi_2000_uv1.root
PROGRESS: h80 files=7 processed_entries=657000000 valid_entries=657000000 skipped_entries=0 skipped_files=0 current=/data/graal/pre_analisi/pre_analisi_2000_uv1.root
PROGRESS: h80 files=7 processed_entries=658000000 valid_entries=658000000 skipped_entries=0 skipped_files=0 current=/data/graal/pre_analisi/pre_analisi_2000_uv1.root
PROGRESS: h80 files=7 processed_entries=659000000 valid_entries=659000000 skipped_entries=0 skipped_files=0 current=/data/graal/pre_analisi/pre_analisi_2000_uv1.root
PROGRESS: h80 files=7 processed_entries=660000000 valid_entries=660000000 skipped_entries=0 skipped_files=0 current=/data/graal/pre_analisi/pre_analisi_2000_uv1.root
PROGRESS: h80 files=7 processed_entries=661000000 valid_entries=661000000 skipped_entries=0 skipped_files=0 current=/data/graal/pre_analisi/pre_analisi_2000_uv1.root
PROGRESS: h80 files=7 processed_entries=662000000 valid_entries=662000000 skipped_entries=0 skipped_files=0 current=/data/graal/pre_analisi/pre_analisi_2000_uv1.root
PROGRESS: h80 files=7 processed_entries=663000000 valid_entries=663000000 skipped_entries=0 skipped_files=0 current=/data/graal/pre_analisi/pre_analisi_2000_uv1.root
PROGRESS: h80 files=7 processed_entries=664000000 valid_entries=664000000 skipped_entries=0 skipped_files=0 current=/data/graal/pre_analisi/pre_analisi_2000_uv1.root
PROGRESS: h80 files=7 processed_entries=665000000 valid_entries=665000000 skipped_entries=0 skipped_files=0 current=/data/graal/pre_analisi/pre_analisi_2000_uv1.root
PROGRESS: h80 files=7 processed_entries=666000000 valid_entries=666000000 skipped_entries=0 skipped_files=0 current=/data/graal/pre_analisi/pre_analisi_2000_uv1.root
PROGRESS: h80 files=7 processed_entries=667000000 valid_entries=667000000 skipped_entries=0 skipped_files=0 current=/data/graal/pre_analisi/pre_analisi_2000_uv1.root
PROGRESS: h80 files=7 processed_entries=668000000 valid_entries=668000000 skipped_entries=0 skipped_files=0 current=/data/graal/pre_analisi/pre_analisi_2000_uv1.root
PROGRESS: h80 files=7 processed_entries=669000000 valid_entries=669000000 skipped_entries=0 skipped_files=0 current=/data/graal/pre_analisi/pre_analisi_2000_uv1.root
PROGRESS: h80 files=7 processed_entries=670000000 valid_entries=670000000 skipped_entries=0 skipped_files=0 current=/data/graal/pre_analisi/pre_analisi_2000_uv1.root
PROGRESS: h80 files=7 processed_entries=671000000 valid_entries=671000000 skipped_entries=0 skipped_files=0 current=/data/graal/pre_analisi/pre_analisi_2000_uv1.root
PROGRESS: h80 files=7 processed_entries=672000000 valid_entries=672000000 skipped_entries=0 skipped_files=0 current=/data/graal/pre_analisi/pre_analisi_2000_uv1.root
PROGRESS: h80 files=7 processed_entries=673000000 valid_entries=673000000 skipped_entries=0 skipped_files=0 current=/data/graal/pre_analisi/pre_analisi_2000_uv1.root
PROGRESS: h80 files=7 processed_entries=674000000 valid_entries=674000000 skipped_entries=0 skipped_files=0 current=/data/graal/pre_analisi/pre_analisi_2000_uv1.root
PROGRESS: h80 files=7 processed_entries=675000000 valid_entries=675000000 skipped_entries=0 skipped_files=0 current=/data/graal/pre_analisi/pre_analisi_2000_uv1.root
PROGRESS: h80 files=7 processed_entries=676000000 valid_entries=676000000 skipped_entries=0 skipped_files=0 current=/data/graal/pre_analisi/pre_analisi_2000_uv1.root
PROGRESS: h80 files=7 processed_entries=677000000 valid_entries=677000000 skipped_entries=0 skipped_files=0 current=/data/graal/pre_analisi/pre_analisi_2000_uv1.root
PROGRESS: h80 files=7 processed_entries=678000000 valid_entries=678000000 skipped_entries=0 skipped_files=0 current=/data/graal/pre_analisi/pre_analisi_2000_uv1.root
PROGRESS: h80 files=7 processed_entries=679000000 valid_entries=679000000 skipped_entries=0 skipped_files=0 current=/data/graal/pre_analisi/pre_analisi_2000_uv1.root
PROGRESS: h80 files=7 processed_entries=680000000 valid_entries=680000000 skipped_entries=0 skipped_files=0 current=/data/graal/pre_analisi/pre_analisi_2000_uv1.root
PROGRESS: h80 files=7 processed_entries=681000000 valid_entries=681000000 skipped_entries=0 skipped_files=0 current=/data/graal/pre_analisi/pre_analisi_2000_uv1.root
PROGRESS: h80 files=7 processed_entries=682000000 valid_entries=682000000 skipped_entries=0 skipped_files=0 current=/data/graal/pre_analisi/pre_analisi_2000_uv1.root
PROGRESS: h80 files=7 processed_entries=683000000 valid_entries=683000000 skipped_entries=0 skipped_files=0 current=/data/graal/pre_analisi/pre_analisi_2000_uv1.root
PROGRESS: h80 files=7 processed_entries=684000000 valid_entries=684000000 skipped_entries=0 skipped_files=0 current=/data/graal/pre_analisi/pre_analisi_2000_uv1.root
PROGRESS: h80 files=7 processed_entries=685000000 valid_entries=685000000 skipped_entries=0 skipped_files=0 current=/data/graal/pre_analisi/pre_analisi_2000_uv1.root
PROGRESS: h80 files=7 processed_entries=686000000 valid_entries=686000000 skipped_entries=0 skipped_files=0 current=/data/graal/pre_analisi/pre_analisi_2000_uv1.root
PROGRESS: h80 files=7 processed_entries=687000000 valid_entries=687000000 skipped_entries=0 skipped_files=0 current=/data/graal/pre_analisi/pre_analisi_2000_uv1.root
PROGRESS: h80 files=7 processed_entries=688000000 valid_entries=688000000 skipped_entries=0 skipped_files=0 current=/data/graal/pre_analisi/pre_analisi_2000_uv1.root
PROGRESS: h80 files=7 processed_entries=689000000 valid_entries=689000000 skipped_entries=0 skipped_files=0 current=/data/graal/pre_analisi/pre_analisi_2000_uv1.root
PROGRESS: h80 files=7 processed_entries=690000000 valid_entries=690000000 skipped_entries=0 skipped_files=0 current=/data/graal/pre_analisi/pre_analisi_2000_uv1.root
PROGRESS: h80 files=7 processed_entries=691000000 valid_entries=691000000 skipped_entries=0 skipped_files=0 current=/data/graal/pre_analisi/pre_analisi_2000_uv1.root
PROGRESS: h80 files=7 processed_entries=692000000 valid_entries=692000000 skipped_entries=0 skipped_files=0 current=/data/graal/pre_analisi/pre_analisi_2000_uv1.root
PROGRESS: h80 files=7 processed_entries=693000000 valid_entries=693000000 skipped_entries=0 skipped_files=0 current=/data/graal/pre_analisi/pre_analisi_2000_uv1.root
PROGRESS: h80 files=7 processed_entries=694000000 valid_entries=694000000 skipped_entries=0 skipped_files=0 current=/data/graal/pre_analisi/pre_analisi_2000_uv1.root
PROGRESS: h80 files=7 processed_entries=695000000 valid_entries=695000000 skipped_entries=0 skipped_files=0 current=/data/graal/pre_analisi/pre_analisi_2000_uv1.root
PROGRESS: h80 files=7 processed_entries=696000000 valid_entries=696000000 skipped_entries=0 skipped_files=0 current=/data/graal/pre_analisi/pre_analisi_2000_uv1.root
PROGRESS: h80 files=7 processed_entries=697000000 valid_entries=697000000 skipped_entries=0 skipped_files=0 current=/data/graal/pre_analisi/pre_analisi_2000_uv1.root
PROGRESS: h80 files=7 processed_entries=698000000 valid_entries=698000000 skipped_entries=0 skipped_files=0 current=/data/graal/pre_analisi/pre_analisi_2000_uv1.root
PROGRESS: h80 files=7 processed_entries=699000000 valid_entries=699000000 skipped_entries=0 skipped_files=0 current=/data/graal/pre_analisi/pre_analisi_2000_uv1.root
PROGRESS: h80 files=7 processed_entries=700000000 valid_entries=700000000 skipped_entries=0 skipped_files=0 current=/data/graal/pre_analisi/pre_analisi_2000_uv1.root
PROGRESS: h80 files=7 processed_entries=701000000 valid_entries=701000000 skipped_entries=0 skipped_files=0 current=/data/graal/pre_analisi/pre_analisi_2000_uv1.root
PROGRESS: h80 files=7 processed_entries=702000000 valid_entries=702000000 skipped_entries=0 skipped_files=0 current=/data/graal/pre_analisi/pre_analisi_2000_uv1.root
PROGRESS: h80 files=7 processed_entries=703000000 valid_entries=703000000 skipped_entries=0 skipped_files=0 current=/data/graal/pre_analisi/pre_analisi_2000_uv1.root
PROGRESS: h80 files=7 processed_entries=704000000 valid_entries=704000000 skipped_entries=0 skipped_files=0 current=/data/graal/pre_analisi/pre_analisi_2000_uv1.root
PROGRESS: h80 files=7 processed_entries=705000000 valid_entries=705000000 skipped_entries=0 skipped_files=0 current=/data/graal/pre_analisi/pre_analisi_2000_uv1.root
PROGRESS: h80 files=7 processed_entries=706000000 valid_entries=706000000 skipped_entries=0 skipped_files=0 current=/data/graal/pre_analisi/pre_analisi_2000_uv1.root
PROGRESS: h80 files=7 processed_entries=707000000 valid_entries=707000000 skipped_entries=0 skipped_files=0 current=/data/graal/pre_analisi/pre_analisi_2000_uv1.root
PROGRESS: h80 files=7 processed_entries=708000000 valid_entries=708000000 skipped_entries=0 skipped_files=0 current=/data/graal/pre_analisi/pre_analisi_2000_uv1.root
PROGRESS: h80 files=7 processed_entries=709000000 valid_entries=709000000 skipped_entries=0 skipped_files=0 current=/data/graal/pre_analisi/pre_analisi_2000_uv1.root
PROGRESS: h80 files=7 processed_entries=710000000 valid_entries=710000000 skipped_entries=0 skipped_files=0 current=/data/graal/pre_analisi/pre_analisi_2000_uv1.root
PROGRESS: h80 files=7 processed_entries=711000000 valid_entries=711000000 skipped_entries=0 skipped_files=0 current=/data/graal/pre_analisi/pre_analisi_2000_uv1.root
PROGRESS: h80 files=7 processed_entries=712000000 valid_entries=712000000 skipped_entries=0 skipped_files=0 current=/data/graal/pre_analisi/pre_analisi_2000_uv1.root
PROGRESS: h80 files=7 processed_entries=713000000 valid_entries=713000000 skipped_entries=0 skipped_files=0 current=/data/graal/pre_analisi/pre_analisi_2000_uv1.root
PROGRESS: h80 files=7 processed_entries=714000000 valid_entries=714000000 skipped_entries=0 skipped_files=0 current=/data/graal/pre_analisi/pre_analisi_2000_uv1.root
PROGRESS: h80 files=7 processed_entries=715000000 valid_entries=715000000 skipped_entries=0 skipped_files=0 current=/data/graal/pre_analisi/pre_analisi_2000_uv1.root
PROGRESS: h80 files=7 processed_entries=716000000 valid_entries=716000000 skipped_entries=0 skipped_files=0 current=/data/graal/pre_analisi/pre_analisi_2000_uv1.root
PROGRESS: h80 files=7 processed_entries=717000000 valid_entries=717000000 skipped_entries=0 skipped_files=0 current=/data/graal/pre_analisi/pre_analisi_2000_uv1.root
PROGRESS: h80 files=7 processed_entries=718000000 valid_entries=718000000 skipped_entries=0 skipped_files=0 current=/data/graal/pre_analisi/pre_analisi_2000_uv1.root
PROGRESS: h80 files=7 processed_entries=719000000 valid_entries=719000000 skipped_entries=0 skipped_files=0 current=/data/graal/pre_analisi/pre_analisi_2000_uv1.root
PROGRESS: h80 files=7 processed_entries=720000000 valid_entries=720000000 skipped_entries=0 skipped_files=0 current=/data/graal/pre_analisi/pre_analisi_2000_uv1.root
PROGRESS: h80 files=7 processed_entries=721000000 valid_entries=721000000 skipped_entries=0 skipped_files=0 current=/data/graal/pre_analisi/pre_analisi_2000_uv1.root
PROGRESS: h80 files=7 processed_entries=722000000 valid_entries=722000000 skipped_entries=0 skipped_files=0 current=/data/graal/pre_analisi/pre_analisi_2000_uv1.root
PROGRESS: h80 files=7 processed_entries=723000000 valid_entries=723000000 skipped_entries=0 skipped_files=0 current=/data/graal/pre_analisi/pre_analisi_2000_uv1.root
PROGRESS: h80 files=7 processed_entries=724000000 valid_entries=724000000 skipped_entries=0 skipped_files=0 current=/data/graal/pre_analisi/pre_analisi_2000_uv1.root
PROGRESS: h80 files=7 processed_entries=725000000 valid_entries=725000000 skipped_entries=0 skipped_files=0 current=/data/graal/pre_analisi/pre_analisi_2000_uv1.root
PROGRESS: h80 files=7 processed_entries=726000000 valid_entries=726000000 skipped_entries=0 skipped_files=0 current=/data/graal/pre_analisi/pre_analisi_2000_uv1.root
PROGRESS: h80 files=7 processed_entries=727000000 valid_entries=727000000 skipped_entries=0 skipped_files=0 current=/data/graal/pre_analisi/pre_analisi_2000_uv1.root
PROGRESS: h80 files=7 processed_entries=728000000 valid_entries=728000000 skipped_entries=0 skipped_files=0 current=/data/graal/pre_analisi/pre_analisi_2000_uv1.root
PROGRESS: h80 files=7 processed_entries=729000000 valid_entries=729000000 skipped_entries=0 skipped_files=0 current=/data/graal/pre_analisi/pre_analisi_2000_uv1.root
PROGRESS: h80 files=7 processed_entries=730000000 valid_entries=730000000 skipped_entries=0 skipped_files=0 current=/data/graal/pre_analisi/pre_analisi_2000_uv1.root
PROGRESS: h80 files=7 processed_entries=731000000 valid_entries=731000000 skipped_entries=0 skipped_files=0 current=/data/graal/pre_analisi/pre_analisi_2000_uv1.root
PROGRESS: h80 files=7 processed_entries=732000000 valid_entries=732000000 skipped_entries=0 skipped_files=0 current=/data/graal/pre_analisi/pre_analisi_2000_uv1.root
PROGRESS: h80 files=7 processed_entries=733000000 valid_entries=733000000 skipped_entries=0 skipped_files=0 current=/data/graal/pre_analisi/pre_analisi_2000_uv1.root
PROGRESS: h80 files=7 processed_entries=734000000 valid_entries=734000000 skipped_entries=0 skipped_files=0 current=/data/graal/pre_analisi/pre_analisi_2000_uv1.root
PROGRESS: h80 files=7 processed_entries=735000000 valid_entries=735000000 skipped_entries=0 skipped_files=0 current=/data/graal/pre_analisi/pre_analisi_2000_uv1.root
PROGRESS: h80 files=7 processed_entries=735100735 valid_entries=735100735 skipped_entries=0 skipped_files=0 completed=/data/graal/pre_analisi/pre_analisi_2000_uv1.root
PROGRESS: h80 files=8 processed_entries=736000000 valid_entries=736000000 skipped_entries=0 skipped_files=0 current=/data/graal/pre_analisi/pre_analisi_2000_uv2.root
PROGRESS: h80 files=8 processed_entries=737000000 valid_entries=737000000 skipped_entries=0 skipped_files=0 current=/data/graal/pre_analisi/pre_analisi_2000_uv2.root
PROGRESS: h80 files=8 processed_entries=738000000 valid_entries=738000000 skipped_entries=0 skipped_files=0 current=/data/graal/pre_analisi/pre_analisi_2000_uv2.root
PROGRESS: h80 files=8 processed_entries=739000000 valid_entries=739000000 skipped_entries=0 skipped_files=0 current=/data/graal/pre_analisi/pre_analisi_2000_uv2.root
PROGRESS: h80 files=8 processed_entries=740000000 valid_entries=740000000 skipped_entries=0 skipped_files=0 current=/data/graal/pre_analisi/pre_analisi_2000_uv2.root
PROGRESS: h80 files=8 processed_entries=741000000 valid_entries=741000000 skipped_entries=0 skipped_files=0 current=/data/graal/pre_analisi/pre_analisi_2000_uv2.root
PROGRESS: h80 files=8 processed_entries=742000000 valid_entries=742000000 skipped_entries=0 skipped_files=0 current=/data/graal/pre_analisi/pre_analisi_2000_uv2.root
PROGRESS: h80 files=8 processed_entries=743000000 valid_entries=743000000 skipped_entries=0 skipped_files=0 current=/data/graal/pre_analisi/pre_analisi_2000_uv2.root
PROGRESS: h80 files=8 processed_entries=744000000 valid_entries=744000000 skipped_entries=0 skipped_files=0 current=/data/graal/pre_analisi/pre_analisi_2000_uv2.root
PROGRESS: h80 files=8 processed_entries=745000000 valid_entries=745000000 skipped_entries=0 skipped_files=0 current=/data/graal/pre_analisi/pre_analisi_2000_uv2.root
PROGRESS: h80 files=8 processed_entries=746000000 valid_entries=746000000 skipped_entries=0 skipped_files=0 current=/data/graal/pre_analisi/pre_analisi_2000_uv2.root
PROGRESS: h80 files=8 processed_entries=747000000 valid_entries=747000000 skipped_entries=0 skipped_files=0 current=/data/graal/pre_analisi/pre_analisi_2000_uv2.root
PROGRESS: h80 files=8 processed_entries=748000000 valid_entries=748000000 skipped_entries=0 skipped_files=0 current=/data/graal/pre_analisi/pre_analisi_2000_uv2.root
PROGRESS: h80 files=8 processed_entries=749000000 valid_entries=749000000 skipped_entries=0 skipped_files=0 current=/data/graal/pre_analisi/pre_analisi_2000_uv2.root
PROGRESS: h80 files=8 processed_entries=750000000 valid_entries=750000000 skipped_entries=0 skipped_files=0 current=/data/graal/pre_analisi/pre_analisi_2000_uv2.root
PROGRESS: h80 files=8 processed_entries=751000000 valid_entries=751000000 skipped_entries=0 skipped_files=0 current=/data/graal/pre_analisi/pre_analisi_2000_uv2.root
PROGRESS: h80 files=8 processed_entries=752000000 valid_entries=752000000 skipped_entries=0 skipped_files=0 current=/data/graal/pre_analisi/pre_analisi_2000_uv2.root
PROGRESS: h80 files=8 processed_entries=753000000 valid_entries=753000000 skipped_entries=0 skipped_files=0 current=/data/graal/pre_analisi/pre_analisi_2000_uv2.root
PROGRESS: h80 files=8 processed_entries=754000000 valid_entries=754000000 skipped_entries=0 skipped_files=0 current=/data/graal/pre_analisi/pre_analisi_2000_uv2.root
PROGRESS: h80 files=8 processed_entries=755000000 valid_entries=755000000 skipped_entries=0 skipped_files=0 current=/data/graal/pre_analisi/pre_analisi_2000_uv2.root
PROGRESS: h80 files=8 processed_entries=756000000 valid_entries=756000000 skipped_entries=0 skipped_files=0 current=/data/graal/pre_analisi/pre_analisi_2000_uv2.root
PROGRESS: h80 files=8 processed_entries=757000000 valid_entries=757000000 skipped_entries=0 skipped_files=0 current=/data/graal/pre_analisi/pre_analisi_2000_uv2.root
PROGRESS: h80 files=8 processed_entries=758000000 valid_entries=758000000 skipped_entries=0 skipped_files=0 current=/data/graal/pre_analisi/pre_analisi_2000_uv2.root
PROGRESS: h80 files=8 processed_entries=759000000 valid_entries=759000000 skipped_entries=0 skipped_files=0 current=/data/graal/pre_analisi/pre_analisi_2000_uv2.root
PROGRESS: h80 files=8 processed_entries=760000000 valid_entries=760000000 skipped_entries=0 skipped_files=0 current=/data/graal/pre_analisi/pre_analisi_2000_uv2.root
PROGRESS: h80 files=8 processed_entries=761000000 valid_entries=761000000 skipped_entries=0 skipped_files=0 current=/data/graal/pre_analisi/pre_analisi_2000_uv2.root
PROGRESS: h80 files=8 processed_entries=762000000 valid_entries=762000000 skipped_entries=0 skipped_files=0 current=/data/graal/pre_analisi/pre_analisi_2000_uv2.root
PROGRESS: h80 files=8 processed_entries=763000000 valid_entries=763000000 skipped_entries=0 skipped_files=0 current=/data/graal/pre_analisi/pre_analisi_2000_uv2.root
PROGRESS: h80 files=8 processed_entries=764000000 valid_entries=764000000 skipped_entries=0 skipped_files=0 current=/data/graal/pre_analisi/pre_analisi_2000_uv2.root
PROGRESS: h80 files=8 processed_entries=765000000 valid_entries=765000000 skipped_entries=0 skipped_files=0 current=/data/graal/pre_analisi/pre_analisi_2000_uv2.root
PROGRESS: h80 files=8 processed_entries=766000000 valid_entries=766000000 skipped_entries=0 skipped_files=0 current=/data/graal/pre_analisi/pre_analisi_2000_uv2.root
PROGRESS: h80 files=8 processed_entries=767000000 valid_entries=767000000 skipped_entries=0 skipped_files=0 current=/data/graal/pre_analisi/pre_analisi_2000_uv2.root
PROGRESS: h80 files=8 processed_entries=768000000 valid_entries=768000000 skipped_entries=0 skipped_files=0 current=/data/graal/pre_analisi/pre_analisi_2000_uv2.root
PROGRESS: h80 files=8 processed_entries=769000000 valid_entries=769000000 skipped_entries=0 skipped_files=0 current=/data/graal/pre_analisi/pre_analisi_2000_uv2.root
PROGRESS: h80 files=8 processed_entries=770000000 valid_entries=770000000 skipped_entries=0 skipped_files=0 current=/data/graal/pre_analisi/pre_analisi_2000_uv2.root
PROGRESS: h80 files=8 processed_entries=771000000 valid_entries=771000000 skipped_entries=0 skipped_files=0 current=/data/graal/pre_analisi/pre_analisi_2000_uv2.root
PROGRESS: h80 files=8 processed_entries=772000000 valid_entries=772000000 skipped_entries=0 skipped_files=0 current=/data/graal/pre_analisi/pre_analisi_2000_uv2.root
PROGRESS: h80 files=8 processed_entries=773000000 valid_entries=773000000 skipped_entries=0 skipped_files=0 current=/data/graal/pre_analisi/pre_analisi_2000_uv2.root
PROGRESS: h80 files=8 processed_entries=774000000 valid_entries=774000000 skipped_entries=0 skipped_files=0 current=/data/graal/pre_analisi/pre_analisi_2000_uv2.root
PROGRESS: h80 files=8 processed_entries=775000000 valid_entries=775000000 skipped_entries=0 skipped_files=0 current=/data/graal/pre_analisi/pre_analisi_2000_uv2.root
PROGRESS: h80 files=8 processed_entries=776000000 valid_entries=776000000 skipped_entries=0 skipped_files=0 current=/data/graal/pre_analisi/pre_analisi_2000_uv2.root
PROGRESS: h80 files=8 processed_entries=777000000 valid_entries=777000000 skipped_entries=0 skipped_files=0 current=/data/graal/pre_analisi/pre_analisi_2000_uv2.root
PROGRESS: h80 files=8 processed_entries=778000000 valid_entries=778000000 skipped_entries=0 skipped_files=0 current=/data/graal/pre_analisi/pre_analisi_2000_uv2.root
PROGRESS: h80 files=8 processed_entries=779000000 valid_entries=779000000 skipped_entries=0 skipped_files=0 current=/data/graal/pre_analisi/pre_analisi_2000_uv2.root
PROGRESS: h80 files=8 processed_entries=780000000 valid_entries=780000000 skipped_entries=0 skipped_files=0 current=/data/graal/pre_analisi/pre_analisi_2000_uv2.root
PROGRESS: h80 files=8 processed_entries=781000000 valid_entries=781000000 skipped_entries=0 skipped_files=0 current=/data/graal/pre_analisi/pre_analisi_2000_uv2.root
PROGRESS: h80 files=8 processed_entries=782000000 valid_entries=782000000 skipped_entries=0 skipped_files=0 current=/data/graal/pre_analisi/pre_analisi_2000_uv2.root
PROGRESS: h80 files=8 processed_entries=783000000 valid_entries=783000000 skipped_entries=0 skipped_files=0 current=/data/graal/pre_analisi/pre_analisi_2000_uv2.root
PROGRESS: h80 files=8 processed_entries=784000000 valid_entries=784000000 skipped_entries=0 skipped_files=0 current=/data/graal/pre_analisi/pre_analisi_2000_uv2.root
PROGRESS: h80 files=8 processed_entries=785000000 valid_entries=785000000 skipped_entries=0 skipped_files=0 current=/data/graal/pre_analisi/pre_analisi_2000_uv2.root
PROGRESS: h80 files=8 processed_entries=786000000 valid_entries=786000000 skipped_entries=0 skipped_files=0 current=/data/graal/pre_analisi/pre_analisi_2000_uv2.root
PROGRESS: h80 files=8 processed_entries=787000000 valid_entries=787000000 skipped_entries=0 skipped_files=0 current=/data/graal/pre_analisi/pre_analisi_2000_uv2.root
PROGRESS: h80 files=8 processed_entries=788000000 valid_entries=788000000 skipped_entries=0 skipped_files=0 current=/data/graal/pre_analisi/pre_analisi_2000_uv2.root
PROGRESS: h80 files=8 processed_entries=789000000 valid_entries=789000000 skipped_entries=0 skipped_files=0 current=/data/graal/pre_analisi/pre_analisi_2000_uv2.root
PROGRESS: h80 files=8 processed_entries=790000000 valid_entries=790000000 skipped_entries=0 skipped_files=0 current=/data/graal/pre_analisi/pre_analisi_2000_uv2.root
PROGRESS: h80 files=8 processed_entries=791000000 valid_entries=791000000 skipped_entries=0 skipped_files=0 current=/data/graal/pre_analisi/pre_analisi_2000_uv2.root
PROGRESS: h80 files=8 processed_entries=792000000 valid_entries=792000000 skipped_entries=0 skipped_files=0 current=/data/graal/pre_analisi/pre_analisi_2000_uv2.root
PROGRESS: h80 files=8 processed_entries=793000000 valid_entries=793000000 skipped_entries=0 skipped_files=0 current=/data/graal/pre_analisi/pre_analisi_2000_uv2.root
PROGRESS: h80 files=8 processed_entries=794000000 valid_entries=794000000 skipped_entries=0 skipped_files=0 current=/data/graal/pre_analisi/pre_analisi_2000_uv2.root
PROGRESS: h80 files=8 processed_entries=795000000 valid_entries=795000000 skipped_entries=0 skipped_files=0 current=/data/graal/pre_analisi/pre_analisi_2000_uv2.root
PROGRESS: h80 files=8 processed_entries=796000000 valid_entries=796000000 skipped_entries=0 skipped_files=0 current=/data/graal/pre_analisi/pre_analisi_2000_uv2.root
PROGRESS: h80 files=8 processed_entries=797000000 valid_entries=797000000 skipped_entries=0 skipped_files=0 current=/data/graal/pre_analisi/pre_analisi_2000_uv2.root
PROGRESS: h80 files=8 processed_entries=798000000 valid_entries=798000000 skipped_entries=0 skipped_files=0 current=/data/graal/pre_analisi/pre_analisi_2000_uv2.root
PROGRESS: h80 files=8 processed_entries=799000000 valid_entries=799000000 skipped_entries=0 skipped_files=0 current=/data/graal/pre_analisi/pre_analisi_2000_uv2.root
PROGRESS: h80 files=8 processed_entries=800000000 valid_entries=800000000 skipped_entries=0 skipped_files=0 current=/data/graal/pre_analisi/pre_analisi_2000_uv2.root
PROGRESS: h80 files=8 processed_entries=801000000 valid_entries=801000000 skipped_entries=0 skipped_files=0 current=/data/graal/pre_analisi/pre_analisi_2000_uv2.root
PROGRESS: h80 files=8 processed_entries=802000000 valid_entries=802000000 skipped_entries=0 skipped_files=0 current=/data/graal/pre_analisi/pre_analisi_2000_uv2.root
PROGRESS: h80 files=8 processed_entries=803000000 valid_entries=803000000 skipped_entries=0 skipped_files=0 current=/data/graal/pre_analisi/pre_analisi_2000_uv2.root
PROGRESS: h80 files=8 processed_entries=804000000 valid_entries=804000000 skipped_entries=0 skipped_files=0 current=/data/graal/pre_analisi/pre_analisi_2000_uv2.root
PROGRESS: h80 files=8 processed_entries=805000000 valid_entries=805000000 skipped_entries=0 skipped_files=0 current=/data/graal/pre_analisi/pre_analisi_2000_uv2.root
PROGRESS: h80 files=8 processed_entries=806000000 valid_entries=806000000 skipped_entries=0 skipped_files=0 current=/data/graal/pre_analisi/pre_analisi_2000_uv2.root
PROGRESS: h80 files=8 processed_entries=807000000 valid_entries=807000000 skipped_entries=0 skipped_files=0 current=/data/graal/pre_analisi/pre_analisi_2000_uv2.root
PROGRESS: h80 files=8 processed_entries=808000000 valid_entries=808000000 skipped_entries=0 skipped_files=0 current=/data/graal/pre_analisi/pre_analisi_2000_uv2.root
PROGRESS: h80 files=8 processed_entries=809000000 valid_entries=809000000 skipped_entries=0 skipped_files=0 current=/data/graal/pre_analisi/pre_analisi_2000_uv2.root
PROGRESS: h80 files=8 processed_entries=810000000 valid_entries=810000000 skipped_entries=0 skipped_files=0 current=/data/graal/pre_analisi/pre_analisi_2000_uv2.root
PROGRESS: h80 files=8 processed_entries=811000000 valid_entries=811000000 skipped_entries=0 skipped_files=0 current=/data/graal/pre_analisi/pre_analisi_2000_uv2.root
PROGRESS: h80 files=8 processed_entries=812000000 valid_entries=812000000 skipped_entries=0 skipped_files=0 current=/data/graal/pre_analisi/pre_analisi_2000_uv2.root
PROGRESS: h80 files=8 processed_entries=813000000 valid_entries=813000000 skipped_entries=0 skipped_files=0 current=/data/graal/pre_analisi/pre_analisi_2000_uv2.root
PROGRESS: h80 files=8 processed_entries=814000000 valid_entries=814000000 skipped_entries=0 skipped_files=0 current=/data/graal/pre_analisi/pre_analisi_2000_uv2.root
PROGRESS: h80 files=8 processed_entries=815000000 valid_entries=815000000 skipped_entries=0 skipped_files=0 current=/data/graal/pre_analisi/pre_analisi_2000_uv2.root
PROGRESS: h80 files=8 processed_entries=816000000 valid_entries=816000000 skipped_entries=0 skipped_files=0 current=/data/graal/pre_analisi/pre_analisi_2000_uv2.root
PROGRESS: h80 files=8 processed_entries=817000000 valid_entries=817000000 skipped_entries=0 skipped_files=0 current=/data/graal/pre_analisi/pre_analisi_2000_uv2.root
PROGRESS: h80 files=8 processed_entries=818000000 valid_entries=818000000 skipped_entries=0 skipped_files=0 current=/data/graal/pre_analisi/pre_analisi_2000_uv2.root
PROGRESS: h80 files=8 processed_entries=819000000 valid_entries=819000000 skipped_entries=0 skipped_files=0 current=/data/graal/pre_analisi/pre_analisi_2000_uv2.root
PROGRESS: h80 files=8 processed_entries=820000000 valid_entries=820000000 skipped_entries=0 skipped_files=0 current=/data/graal/pre_analisi/pre_analisi_2000_uv2.root
PROGRESS: h80 files=8 processed_entries=821000000 valid_entries=821000000 skipped_entries=0 skipped_files=0 current=/data/graal/pre_analisi/pre_analisi_2000_uv2.root
PROGRESS: h80 files=8 processed_entries=822000000 valid_entries=822000000 skipped_entries=0 skipped_files=0 current=/data/graal/pre_analisi/pre_analisi_2000_uv2.root
PROGRESS: h80 files=8 processed_entries=823000000 valid_entries=823000000 skipped_entries=0 skipped_files=0 current=/data/graal/pre_analisi/pre_analisi_2000_uv2.root
PROGRESS: h80 files=8 processed_entries=824000000 valid_entries=824000000 skipped_entries=0 skipped_files=0 current=/data/graal/pre_analisi/pre_analisi_2000_uv2.root
PROGRESS: h80 files=8 processed_entries=825000000 valid_entries=825000000 skipped_entries=0 skipped_files=0 current=/data/graal/pre_analisi/pre_analisi_2000_uv2.root
PROGRESS: h80 files=8 processed_entries=826000000 valid_entries=826000000 skipped_entries=0 skipped_files=0 current=/data/graal/pre_analisi/pre_analisi_2000_uv2.root
PROGRESS: h80 files=8 processed_entries=827000000 valid_entries=827000000 skipped_entries=0 skipped_files=0 current=/data/graal/pre_analisi/pre_analisi_2000_uv2.root
PROGRESS: h80 files=8 processed_entries=828000000 valid_entries=828000000 skipped_entries=0 skipped_files=0 current=/data/graal/pre_analisi/pre_analisi_2000_uv2.root
PROGRESS: h80 files=8 processed_entries=829000000 valid_entries=829000000 skipped_entries=0 skipped_files=0 current=/data/graal/pre_analisi/pre_analisi_2000_uv2.root
PROGRESS: h80 files=8 processed_entries=830000000 valid_entries=830000000 skipped_entries=0 skipped_files=0 current=/data/graal/pre_analisi/pre_analisi_2000_uv2.root
PROGRESS: h80 files=8 processed_entries=831000000 valid_entries=831000000 skipped_entries=0 skipped_files=0 current=/data/graal/pre_analisi/pre_analisi_2000_uv2.root
PROGRESS: h80 files=8 processed_entries=832000000 valid_entries=832000000 skipped_entries=0 skipped_files=0 current=/data/graal/pre_analisi/pre_analisi_2000_uv2.root
PROGRESS: h80 files=8 processed_entries=833000000 valid_entries=833000000 skipped_entries=0 skipped_files=0 current=/data/graal/pre_analisi/pre_analisi_2000_uv2.root
PROGRESS: h80 files=8 processed_entries=834000000 valid_entries=834000000 skipped_entries=0 skipped_files=0 current=/data/graal/pre_analisi/pre_analisi_2000_uv2.root
PROGRESS: h80 files=8 processed_entries=835000000 valid_entries=835000000 skipped_entries=0 skipped_files=0 current=/data/graal/pre_analisi/pre_analisi_2000_uv2.root
PROGRESS: h80 files=8 processed_entries=836000000 valid_entries=836000000 skipped_entries=0 skipped_files=0 current=/data/graal/pre_analisi/pre_analisi_2000_uv2.root
PROGRESS: h80 files=8 processed_entries=837000000 valid_entries=837000000 skipped_entries=0 skipped_files=0 current=/data/graal/pre_analisi/pre_analisi_2000_uv2.root
PROGRESS: h80 files=8 processed_entries=838000000 valid_entries=838000000 skipped_entries=0 skipped_files=0 current=/data/graal/pre_analisi/pre_analisi_2000_uv2.root
PROGRESS: h80 files=8 processed_entries=839000000 valid_entries=839000000 skipped_entries=0 skipped_files=0 current=/data/graal/pre_analisi/pre_analisi_2000_uv2.root
PROGRESS: h80 files=8 processed_entries=840000000 valid_entries=840000000 skipped_entries=0 skipped_files=0 current=/data/graal/pre_analisi/pre_analisi_2000_uv2.root
PROGRESS: h80 files=8 processed_entries=841000000 valid_entries=841000000 skipped_entries=0 skipped_files=0 current=/data/graal/pre_analisi/pre_analisi_2000_uv2.root
PROGRESS: h80 files=8 processed_entries=842000000 valid_entries=842000000 skipped_entries=0 skipped_files=0 current=/data/graal/pre_analisi/pre_analisi_2000_uv2.root
PROGRESS: h80 files=8 processed_entries=843000000 valid_entries=843000000 skipped_entries=0 skipped_files=0 current=/data/graal/pre_analisi/pre_analisi_2000_uv2.root
PROGRESS: h80 files=8 processed_entries=844000000 valid_entries=844000000 skipped_entries=0 skipped_files=0 current=/data/graal/pre_analisi/pre_analisi_2000_uv2.root
PROGRESS: h80 files=8 processed_entries=845000000 valid_entries=845000000 skipped_entries=0 skipped_files=0 current=/data/graal/pre_analisi/pre_analisi_2000_uv2.root
PROGRESS: h80 files=8 processed_entries=846000000 valid_entries=846000000 skipped_entries=0 skipped_files=0 current=/data/graal/pre_analisi/pre_analisi_2000_uv2.root
PROGRESS: h80 files=8 processed_entries=847000000 valid_entries=847000000 skipped_entries=0 skipped_files=0 current=/data/graal/pre_analisi/pre_analisi_2000_uv2.root
PROGRESS: h80 files=8 processed_entries=848000000 valid_entries=848000000 skipped_entries=0 skipped_files=0 current=/data/graal/pre_analisi/pre_analisi_2000_uv2.root
PROGRESS: h80 files=8 processed_entries=849000000 valid_entries=849000000 skipped_entries=0 skipped_files=0 current=/data/graal/pre_analisi/pre_analisi_2000_uv2.root
PROGRESS: h80 files=8 processed_entries=850000000 valid_entries=850000000 skipped_entries=0 skipped_files=0 current=/data/graal/pre_analisi/pre_analisi_2000_uv2.root
PROGRESS: h80 files=8 processed_entries=851000000 valid_entries=851000000 skipped_entries=0 skipped_files=0 current=/data/graal/pre_analisi/pre_analisi_2000_uv2.root
PROGRESS: h80 files=8 processed_entries=852000000 valid_entries=852000000 skipped_entries=0 skipped_files=0 current=/data/graal/pre_analisi/pre_analisi_2000_uv2.root
PROGRESS: h80 files=8 processed_entries=853000000 valid_entries=853000000 skipped_entries=0 skipped_files=0 current=/data/graal/pre_analisi/pre_analisi_2000_uv2.root
PROGRESS: h80 files=8 processed_entries=853000355 valid_entries=853000355 skipped_entries=0 skipped_files=0 completed=/data/graal/pre_analisi/pre_analisi_2000_uv2.root
PROGRESS: h80 files=9 processed_entries=854000000 valid_entries=854000000 skipped_entries=0 skipped_files=0 current=/data/graal/pre_analisi/pre_analisi_2000_vis.root
PROGRESS: h80 files=9 processed_entries=855000000 valid_entries=855000000 skipped_entries=0 skipped_files=0 current=/data/graal/pre_analisi/pre_analisi_2000_vis.root
PROGRESS: h80 files=9 processed_entries=856000000 valid_entries=856000000 skipped_entries=0 skipped_files=0 current=/data/graal/pre_analisi/pre_analisi_2000_vis.root
PROGRESS: h80 files=9 processed_entries=857000000 valid_entries=857000000 skipped_entries=0 skipped_files=0 current=/data/graal/pre_analisi/pre_analisi_2000_vis.root
PROGRESS: h80 files=9 processed_entries=858000000 valid_entries=858000000 skipped_entries=0 skipped_files=0 current=/data/graal/pre_analisi/pre_analisi_2000_vis.root
PROGRESS: h80 files=9 processed_entries=859000000 valid_entries=859000000 skipped_entries=0 skipped_files=0 current=/data/graal/pre_analisi/pre_analisi_2000_vis.root
PROGRESS: h80 files=9 processed_entries=860000000 valid_entries=860000000 skipped_entries=0 skipped_files=0 current=/data/graal/pre_analisi/pre_analisi_2000_vis.root
PROGRESS: h80 files=9 processed_entries=861000000 valid_entries=861000000 skipped_entries=0 skipped_files=0 current=/data/graal/pre_analisi/pre_analisi_2000_vis.root
PROGRESS: h80 files=9 processed_entries=862000000 valid_entries=862000000 skipped_entries=0 skipped_files=0 current=/data/graal/pre_analisi/pre_analisi_2000_vis.root
PROGRESS: h80 files=9 processed_entries=863000000 valid_entries=863000000 skipped_entries=0 skipped_files=0 current=/data/graal/pre_analisi/pre_analisi_2000_vis.root
PROGRESS: h80 files=9 processed_entries=864000000 valid_entries=864000000 skipped_entries=0 skipped_files=0 current=/data/graal/pre_analisi/pre_analisi_2000_vis.root
PROGRESS: h80 files=9 processed_entries=865000000 valid_entries=865000000 skipped_entries=0 skipped_files=0 current=/data/graal/pre_analisi/pre_analisi_2000_vis.root
PROGRESS: h80 files=9 processed_entries=866000000 valid_entries=866000000 skipped_entries=0 skipped_files=0 current=/data/graal/pre_analisi/pre_analisi_2000_vis.root
PROGRESS: h80 files=9 processed_entries=867000000 valid_entries=867000000 skipped_entries=0 skipped_files=0 current=/data/graal/pre_analisi/pre_analisi_2000_vis.root
PROGRESS: h80 files=9 processed_entries=868000000 valid_entries=868000000 skipped_entries=0 skipped_files=0 current=/data/graal/pre_analisi/pre_analisi_2000_vis.root
PROGRESS: h80 files=9 processed_entries=869000000 valid_entries=869000000 skipped_entries=0 skipped_files=0 current=/data/graal/pre_analisi/pre_analisi_2000_vis.root
PROGRESS: h80 files=9 processed_entries=870000000 valid_entries=870000000 skipped_entries=0 skipped_files=0 current=/data/graal/pre_analisi/pre_analisi_2000_vis.root
PROGRESS: h80 files=9 processed_entries=871000000 valid_entries=871000000 skipped_entries=0 skipped_files=0 current=/data/graal/pre_analisi/pre_analisi_2000_vis.root
PROGRESS: h80 files=9 processed_entries=872000000 valid_entries=872000000 skipped_entries=0 skipped_files=0 current=/data/graal/pre_analisi/pre_analisi_2000_vis.root
PROGRESS: h80 files=9 processed_entries=873000000 valid_entries=873000000 skipped_entries=0 skipped_files=0 current=/data/graal/pre_analisi/pre_analisi_2000_vis.root
PROGRESS: h80 files=9 processed_entries=874000000 valid_entries=874000000 skipped_entries=0 skipped_files=0 current=/data/graal/pre_analisi/pre_analisi_2000_vis.root
PROGRESS: h80 files=9 processed_entries=875000000 valid_entries=875000000 skipped_entries=0 skipped_files=0 current=/data/graal/pre_analisi/pre_analisi_2000_vis.root
PROGRESS: h80 files=9 processed_entries=876000000 valid_entries=876000000 skipped_entries=0 skipped_files=0 current=/data/graal/pre_analisi/pre_analisi_2000_vis.root
PROGRESS: h80 files=9 processed_entries=877000000 valid_entries=877000000 skipped_entries=0 skipped_files=0 current=/data/graal/pre_analisi/pre_analisi_2000_vis.root
PROGRESS: h80 files=9 processed_entries=878000000 valid_entries=878000000 skipped_entries=0 skipped_files=0 current=/data/graal/pre_analisi/pre_analisi_2000_vis.root
PROGRESS: h80 files=9 processed_entries=879000000 valid_entries=879000000 skipped_entries=0 skipped_files=0 current=/data/graal/pre_analisi/pre_analisi_2000_vis.root
PROGRESS: h80 files=9 processed_entries=880000000 valid_entries=880000000 skipped_entries=0 skipped_files=0 current=/data/graal/pre_analisi/pre_analisi_2000_vis.root
PROGRESS: h80 files=9 processed_entries=881000000 valid_entries=881000000 skipped_entries=0 skipped_files=0 current=/data/graal/pre_analisi/pre_analisi_2000_vis.root
PROGRESS: h80 files=9 processed_entries=882000000 valid_entries=882000000 skipped_entries=0 skipped_files=0 current=/data/graal/pre_analisi/pre_analisi_2000_vis.root
PROGRESS: h80 files=9 processed_entries=883000000 valid_entries=883000000 skipped_entries=0 skipped_files=0 current=/data/graal/pre_analisi/pre_analisi_2000_vis.root
PROGRESS: h80 files=9 processed_entries=884000000 valid_entries=884000000 skipped_entries=0 skipped_files=0 current=/data/graal/pre_analisi/pre_analisi_2000_vis.root
PROGRESS: h80 files=9 processed_entries=885000000 valid_entries=885000000 skipped_entries=0 skipped_files=0 current=/data/graal/pre_analisi/pre_analisi_2000_vis.root
PROGRESS: h80 files=9 processed_entries=886000000 valid_entries=886000000 skipped_entries=0 skipped_files=0 current=/data/graal/pre_analisi/pre_analisi_2000_vis.root
PROGRESS: h80 files=9 processed_entries=887000000 valid_entries=887000000 skipped_entries=0 skipped_files=0 current=/data/graal/pre_analisi/pre_analisi_2000_vis.root
PROGRESS: h80 files=9 processed_entries=888000000 valid_entries=888000000 skipped_entries=0 skipped_files=0 current=/data/graal/pre_analisi/pre_analisi_2000_vis.root
PROGRESS: h80 files=9 processed_entries=889000000 valid_entries=889000000 skipped_entries=0 skipped_files=0 current=/data/graal/pre_analisi/pre_analisi_2000_vis.root
PROGRESS: h80 files=9 processed_entries=890000000 valid_entries=890000000 skipped_entries=0 skipped_files=0 current=/data/graal/pre_analisi/pre_analisi_2000_vis.root
PROGRESS: h80 files=9 processed_entries=891000000 valid_entries=891000000 skipped_entries=0 skipped_files=0 current=/data/graal/pre_analisi/pre_analisi_2000_vis.root
PROGRESS: h80 files=9 processed_entries=892000000 valid_entries=892000000 skipped_entries=0 skipped_files=0 current=/data/graal/pre_analisi/pre_analisi_2000_vis.root
PROGRESS: h80 files=9 processed_entries=893000000 valid_entries=893000000 skipped_entries=0 skipped_files=0 current=/data/graal/pre_analisi/pre_analisi_2000_vis.root
PROGRESS: h80 files=9 processed_entries=894000000 valid_entries=894000000 skipped_entries=0 skipped_files=0 current=/data/graal/pre_analisi/pre_analisi_2000_vis.root
PROGRESS: h80 files=9 processed_entries=895000000 valid_entries=895000000 skipped_entries=0 skipped_files=0 current=/data/graal/pre_analisi/pre_analisi_2000_vis.root
PROGRESS: h80 files=9 processed_entries=896000000 valid_entries=896000000 skipped_entries=0 skipped_files=0 current=/data/graal/pre_analisi/pre_analisi_2000_vis.root
PROGRESS: h80 files=9 processed_entries=897000000 valid_entries=897000000 skipped_entries=0 skipped_files=0 current=/data/graal/pre_analisi/pre_analisi_2000_vis.root
PROGRESS: h80 files=9 processed_entries=898000000 valid_entries=898000000 skipped_entries=0 skipped_files=0 current=/data/graal/pre_analisi/pre_analisi_2000_vis.root
PROGRESS: h80 files=9 processed_entries=899000000 valid_entries=899000000 skipped_entries=0 skipped_files=0 current=/data/graal/pre_analisi/pre_analisi_2000_vis.root
PROGRESS: h80 files=9 processed_entries=900000000 valid_entries=900000000 skipped_entries=0 skipped_files=0 current=/data/graal/pre_analisi/pre_analisi_2000_vis.root
PROGRESS: h80 files=9 processed_entries=901000000 valid_entries=901000000 skipped_entries=0 skipped_files=0 current=/data/graal/pre_analisi/pre_analisi_2000_vis.root
PROGRESS: h80 files=9 processed_entries=902000000 valid_entries=902000000 skipped_entries=0 skipped_files=0 current=/data/graal/pre_analisi/pre_analisi_2000_vis.root
PROGRESS: h80 files=9 processed_entries=903000000 valid_entries=903000000 skipped_entries=0 skipped_files=0 current=/data/graal/pre_analisi/pre_analisi_2000_vis.root
PROGRESS: h80 files=9 processed_entries=904000000 valid_entries=904000000 skipped_entries=0 skipped_files=0 current=/data/graal/pre_analisi/pre_analisi_2000_vis.root
PROGRESS: h80 files=9 processed_entries=905000000 valid_entries=905000000 skipped_entries=0 skipped_files=0 current=/data/graal/pre_analisi/pre_analisi_2000_vis.root
PROGRESS: h80 files=9 processed_entries=906000000 valid_entries=906000000 skipped_entries=0 skipped_files=0 current=/data/graal/pre_analisi/pre_analisi_2000_vis.root
PROGRESS: h80 files=9 processed_entries=907000000 valid_entries=907000000 skipped_entries=0 skipped_files=0 current=/data/graal/pre_analisi/pre_analisi_2000_vis.root
PROGRESS: h80 files=9 processed_entries=908000000 valid_entries=908000000 skipped_entries=0 skipped_files=0 current=/data/graal/pre_analisi/pre_analisi_2000_vis.root
PROGRESS: h80 files=9 processed_entries=909000000 valid_entries=909000000 skipped_entries=0 skipped_files=0 current=/data/graal/pre_analisi/pre_analisi_2000_vis.root
PROGRESS: h80 files=9 processed_entries=910000000 valid_entries=910000000 skipped_entries=0 skipped_files=0 current=/data/graal/pre_analisi/pre_analisi_2000_vis.root
PROGRESS: h80 files=9 processed_entries=911000000 valid_entries=911000000 skipped_entries=0 skipped_files=0 current=/data/graal/pre_analisi/pre_analisi_2000_vis.root
PROGRESS: h80 files=9 processed_entries=912000000 valid_entries=912000000 skipped_entries=0 skipped_files=0 current=/data/graal/pre_analisi/pre_analisi_2000_vis.root
PROGRESS: h80 files=9 processed_entries=913000000 valid_entries=913000000 skipped_entries=0 skipped_files=0 current=/data/graal/pre_analisi/pre_analisi_2000_vis.root
PROGRESS: h80 files=9 processed_entries=914000000 valid_entries=914000000 skipped_entries=0 skipped_files=0 current=/data/graal/pre_analisi/pre_analisi_2000_vis.root
PROGRESS: h80 files=9 processed_entries=915000000 valid_entries=915000000 skipped_entries=0 skipped_files=0 current=/data/graal/pre_analisi/pre_analisi_2000_vis.root
PROGRESS: h80 files=9 processed_entries=916000000 valid_entries=916000000 skipped_entries=0 skipped_files=0 current=/data/graal/pre_analisi/pre_analisi_2000_vis.root
PROGRESS: h80 files=9 processed_entries=917000000 valid_entries=917000000 skipped_entries=0 skipped_files=0 current=/data/graal/pre_analisi/pre_analisi_2000_vis.root
PROGRESS: h80 files=9 processed_entries=918000000 valid_entries=918000000 skipped_entries=0 skipped_files=0 current=/data/graal/pre_analisi/pre_analisi_2000_vis.root
PROGRESS: h80 files=9 processed_entries=919000000 valid_entries=919000000 skipped_entries=0 skipped_files=0 current=/data/graal/pre_analisi/pre_analisi_2000_vis.root
PROGRESS: h80 files=9 processed_entries=920000000 valid_entries=920000000 skipped_entries=0 skipped_files=0 current=/data/graal/pre_analisi/pre_analisi_2000_vis.root
PROGRESS: h80 files=9 processed_entries=921000000 valid_entries=921000000 skipped_entries=0 skipped_files=0 current=/data/graal/pre_analisi/pre_analisi_2000_vis.root
PROGRESS: h80 files=9 processed_entries=922000000 valid_entries=922000000 skipped_entries=0 skipped_files=0 current=/data/graal/pre_analisi/pre_analisi_2000_vis.root
PROGRESS: h80 files=9 processed_entries=923000000 valid_entries=923000000 skipped_entries=0 skipped_files=0 current=/data/graal/pre_analisi/pre_analisi_2000_vis.root
PROGRESS: h80 files=9 processed_entries=924000000 valid_entries=924000000 skipped_entries=0 skipped_files=0 current=/data/graal/pre_analisi/pre_analisi_2000_vis.root
PROGRESS: h80 files=9 processed_entries=925000000 valid_entries=925000000 skipped_entries=0 skipped_files=0 current=/data/graal/pre_analisi/pre_analisi_2000_vis.root
PROGRESS: h80 files=9 processed_entries=926000000 valid_entries=926000000 skipped_entries=0 skipped_files=0 current=/data/graal/pre_analisi/pre_analisi_2000_vis.root
PROGRESS: h80 files=9 processed_entries=927000000 valid_entries=927000000 skipped_entries=0 skipped_files=0 current=/data/graal/pre_analisi/pre_analisi_2000_vis.root
PROGRESS: h80 files=9 processed_entries=928000000 valid_entries=928000000 skipped_entries=0 skipped_files=0 current=/data/graal/pre_analisi/pre_analisi_2000_vis.root
PROGRESS: h80 files=9 processed_entries=929000000 valid_entries=929000000 skipped_entries=0 skipped_files=0 current=/data/graal/pre_analisi/pre_analisi_2000_vis.root
PROGRESS: h80 files=9 processed_entries=930000000 valid_entries=930000000 skipped_entries=0 skipped_files=0 current=/data/graal/pre_analisi/pre_analisi_2000_vis.root
PROGRESS: h80 files=9 processed_entries=931000000 valid_entries=931000000 skipped_entries=0 skipped_files=0 current=/data/graal/pre_analisi/pre_analisi_2000_vis.root
PROGRESS: h80 files=9 processed_entries=932000000 valid_entries=932000000 skipped_entries=0 skipped_files=0 current=/data/graal/pre_analisi/pre_analisi_2000_vis.root
PROGRESS: h80 files=9 processed_entries=933000000 valid_entries=933000000 skipped_entries=0 skipped_files=0 current=/data/graal/pre_analisi/pre_analisi_2000_vis.root
PROGRESS: h80 files=9 processed_entries=934000000 valid_entries=934000000 skipped_entries=0 skipped_files=0 current=/data/graal/pre_analisi/pre_analisi_2000_vis.root
PROGRESS: h80 files=9 processed_entries=935000000 valid_entries=935000000 skipped_entries=0 skipped_files=0 current=/data/graal/pre_analisi/pre_analisi_2000_vis.root
PROGRESS: h80 files=9 processed_entries=936000000 valid_entries=936000000 skipped_entries=0 skipped_files=0 current=/data/graal/pre_analisi/pre_analisi_2000_vis.root
PROGRESS: h80 files=9 processed_entries=937000000 valid_entries=937000000 skipped_entries=0 skipped_files=0 current=/data/graal/pre_analisi/pre_analisi_2000_vis.root
PROGRESS: h80 files=9 processed_entries=938000000 valid_entries=938000000 skipped_entries=0 skipped_files=0 current=/data/graal/pre_analisi/pre_analisi_2000_vis.root
PROGRESS: h80 files=9 processed_entries=939000000 valid_entries=939000000 skipped_entries=0 skipped_files=0 current=/data/graal/pre_analisi/pre_analisi_2000_vis.root
PROGRESS: h80 files=9 processed_entries=940000000 valid_entries=940000000 skipped_entries=0 skipped_files=0 current=/data/graal/pre_analisi/pre_analisi_2000_vis.root
PROGRESS: h80 files=9 processed_entries=941000000 valid_entries=941000000 skipped_entries=0 skipped_files=0 current=/data/graal/pre_analisi/pre_analisi_2000_vis.root
PROGRESS: h80 files=9 processed_entries=942000000 valid_entries=942000000 skipped_entries=0 skipped_files=0 current=/data/graal/pre_analisi/pre_analisi_2000_vis.root
PROGRESS: h80 files=9 processed_entries=943000000 valid_entries=943000000 skipped_entries=0 skipped_files=0 current=/data/graal/pre_analisi/pre_analisi_2000_vis.root
PROGRESS: h80 files=9 processed_entries=944000000 valid_entries=944000000 skipped_entries=0 skipped_files=0 current=/data/graal/pre_analisi/pre_analisi_2000_vis.root
PROGRESS: h80 files=9 processed_entries=945000000 valid_entries=945000000 skipped_entries=0 skipped_files=0 current=/data/graal/pre_analisi/pre_analisi_2000_vis.root
PROGRESS: h80 files=9 processed_entries=946000000 valid_entries=946000000 skipped_entries=0 skipped_files=0 current=/data/graal/pre_analisi/pre_analisi_2000_vis.root
PROGRESS: h80 files=9 processed_entries=947000000 valid_entries=947000000 skipped_entries=0 skipped_files=0 current=/data/graal/pre_analisi/pre_analisi_2000_vis.root
PROGRESS: h80 files=9 processed_entries=948000000 valid_entries=948000000 skipped_entries=0 skipped_files=0 current=/data/graal/pre_analisi/pre_analisi_2000_vis.root
PROGRESS: h80 files=9 processed_entries=949000000 valid_entries=949000000 skipped_entries=0 skipped_files=0 current=/data/graal/pre_analisi/pre_analisi_2000_vis.root
PROGRESS: h80 files=9 processed_entries=950000000 valid_entries=950000000 skipped_entries=0 skipped_files=0 current=/data/graal/pre_analisi/pre_analisi_2000_vis.root
PROGRESS: h80 files=9 processed_entries=951000000 valid_entries=951000000 skipped_entries=0 skipped_files=0 current=/data/graal/pre_analisi/pre_analisi_2000_vis.root
PROGRESS: h80 files=9 processed_entries=952000000 valid_entries=952000000 skipped_entries=0 skipped_files=0 current=/data/graal/pre_analisi/pre_analisi_2000_vis.root
PROGRESS: h80 files=9 processed_entries=953000000 valid_entries=953000000 skipped_entries=0 skipped_files=0 current=/data/graal/pre_analisi/pre_analisi_2000_vis.root
PROGRESS: h80 files=9 processed_entries=954000000 valid_entries=954000000 skipped_entries=0 skipped_files=0 current=/data/graal/pre_analisi/pre_analisi_2000_vis.root
PROGRESS: h80 files=9 processed_entries=955000000 valid_entries=955000000 skipped_entries=0 skipped_files=0 current=/data/graal/pre_analisi/pre_analisi_2000_vis.root
PROGRESS: h80 files=9 processed_entries=956000000 valid_entries=956000000 skipped_entries=0 skipped_files=0 current=/data/graal/pre_analisi/pre_analisi_2000_vis.root
PROGRESS: h80 files=9 processed_entries=957000000 valid_entries=957000000 skipped_entries=0 skipped_files=0 current=/data/graal/pre_analisi/pre_analisi_2000_vis.root
PROGRESS: h80 files=9 processed_entries=958000000 valid_entries=958000000 skipped_entries=0 skipped_files=0 current=/data/graal/pre_analisi/pre_analisi_2000_vis.root
PROGRESS: h80 files=9 processed_entries=959000000 valid_entries=959000000 skipped_entries=0 skipped_files=0 current=/data/graal/pre_analisi/pre_analisi_2000_vis.root
PROGRESS: h80 files=9 processed_entries=960000000 valid_entries=960000000 skipped_entries=0 skipped_files=0 current=/data/graal/pre_analisi/pre_analisi_2000_vis.root
PROGRESS: h80 files=9 processed_entries=961000000 valid_entries=961000000 skipped_entries=0 skipped_files=0 current=/data/graal/pre_analisi/pre_analisi_2000_vis.root
PROGRESS: h80 files=9 processed_entries=962000000 valid_entries=962000000 skipped_entries=0 skipped_files=0 current=/data/graal/pre_analisi/pre_analisi_2000_vis.root
PROGRESS: h80 files=9 processed_entries=963000000 valid_entries=963000000 skipped_entries=0 skipped_files=0 current=/data/graal/pre_analisi/pre_analisi_2000_vis.root
PROGRESS: h80 files=9 processed_entries=964000000 valid_entries=964000000 skipped_entries=0 skipped_files=0 current=/data/graal/pre_analisi/pre_analisi_2000_vis.root
PROGRESS: h80 files=9 processed_entries=965000000 valid_entries=965000000 skipped_entries=0 skipped_files=0 current=/data/graal/pre_analisi/pre_analisi_2000_vis.root
PROGRESS: h80 files=9 processed_entries=966000000 valid_entries=966000000 skipped_entries=0 skipped_files=0 current=/data/graal/pre_analisi/pre_analisi_2000_vis.root
PROGRESS: h80 files=9 processed_entries=967000000 valid_entries=967000000 skipped_entries=0 skipped_files=0 current=/data/graal/pre_analisi/pre_analisi_2000_vis.root
PROGRESS: h80 files=9 processed_entries=968000000 valid_entries=968000000 skipped_entries=0 skipped_files=0 current=/data/graal/pre_analisi/pre_analisi_2000_vis.root
PROGRESS: h80 files=9 processed_entries=969000000 valid_entries=969000000 skipped_entries=0 skipped_files=0 current=/data/graal/pre_analisi/pre_analisi_2000_vis.root
PROGRESS: h80 files=9 processed_entries=970000000 valid_entries=970000000 skipped_entries=0 skipped_files=0 current=/data/graal/pre_analisi/pre_analisi_2000_vis.root
PROGRESS: h80 files=9 processed_entries=971000000 valid_entries=971000000 skipped_entries=0 skipped_files=0 current=/data/graal/pre_analisi/pre_analisi_2000_vis.root
PROGRESS: h80 files=9 processed_entries=972000000 valid_entries=972000000 skipped_entries=0 skipped_files=0 current=/data/graal/pre_analisi/pre_analisi_2000_vis.root
PROGRESS: h80 files=9 processed_entries=973000000 valid_entries=973000000 skipped_entries=0 skipped_files=0 current=/data/graal/pre_analisi/pre_analisi_2000_vis.root
PROGRESS: h80 files=9 processed_entries=974000000 valid_entries=974000000 skipped_entries=0 skipped_files=0 current=/data/graal/pre_analisi/pre_analisi_2000_vis.root
PROGRESS: h80 files=9 processed_entries=975000000 valid_entries=975000000 skipped_entries=0 skipped_files=0 current=/data/graal/pre_analisi/pre_analisi_2000_vis.root
PROGRESS: h80 files=9 processed_entries=976000000 valid_entries=976000000 skipped_entries=0 skipped_files=0 current=/data/graal/pre_analisi/pre_analisi_2000_vis.root
PROGRESS: h80 files=9 processed_entries=977000000 valid_entries=977000000 skipped_entries=0 skipped_files=0 current=/data/graal/pre_analisi/pre_analisi_2000_vis.root
PROGRESS: h80 files=9 processed_entries=978000000 valid_entries=978000000 skipped_entries=0 skipped_files=0 current=/data/graal/pre_analisi/pre_analisi_2000_vis.root
PROGRESS: h80 files=9 processed_entries=979000000 valid_entries=979000000 skipped_entries=0 skipped_files=0 current=/data/graal/pre_analisi/pre_analisi_2000_vis.root
PROGRESS: h80 files=9 processed_entries=980000000 valid_entries=980000000 skipped_entries=0 skipped_files=0 current=/data/graal/pre_analisi/pre_analisi_2000_vis.root
PROGRESS: h80 files=9 processed_entries=981000000 valid_entries=981000000 skipped_entries=0 skipped_files=0 current=/data/graal/pre_analisi/pre_analisi_2000_vis.root
PROGRESS: h80 files=9 processed_entries=982000000 valid_entries=982000000 skipped_entries=0 skipped_files=0 current=/data/graal/pre_analisi/pre_analisi_2000_vis.root
PROGRESS: h80 files=9 processed_entries=983000000 valid_entries=983000000 skipped_entries=0 skipped_files=0 current=/data/graal/pre_analisi/pre_analisi_2000_vis.root
PROGRESS: h80 files=9 processed_entries=984000000 valid_entries=984000000 skipped_entries=0 skipped_files=0 current=/data/graal/pre_analisi/pre_analisi_2000_vis.root
PROGRESS: h80 files=9 processed_entries=985000000 valid_entries=985000000 skipped_entries=0 skipped_files=0 current=/data/graal/pre_analisi/pre_analisi_2000_vis.root
PROGRESS: h80 files=9 processed_entries=986000000 valid_entries=986000000 skipped_entries=0 skipped_files=0 current=/data/graal/pre_analisi/pre_analisi_2000_vis.root
PROGRESS: h80 files=9 processed_entries=987000000 valid_entries=987000000 skipped_entries=0 skipped_files=0 current=/data/graal/pre_analisi/pre_analisi_2000_vis.root
PROGRESS: h80 files=9 processed_entries=988000000 valid_entries=988000000 skipped_entries=0 skipped_files=0 current=/data/graal/pre_analisi/pre_analisi_2000_vis.root
PROGRESS: h80 files=9 processed_entries=989000000 valid_entries=989000000 skipped_entries=0 skipped_files=0 current=/data/graal/pre_analisi/pre_analisi_2000_vis.root
PROGRESS: h80 files=9 processed_entries=990000000 valid_entries=990000000 skipped_entries=0 skipped_files=0 current=/data/graal/pre_analisi/pre_analisi_2000_vis.root
PROGRESS: h80 files=9 processed_entries=991000000 valid_entries=991000000 skipped_entries=0 skipped_files=0 current=/data/graal/pre_analisi/pre_analisi_2000_vis.root
PROGRESS: h80 files=9 processed_entries=992000000 valid_entries=992000000 skipped_entries=0 skipped_files=0 current=/data/graal/pre_analisi/pre_analisi_2000_vis.root
PROGRESS: h80 files=9 processed_entries=993000000 valid_entries=993000000 skipped_entries=0 skipped_files=0 current=/data/graal/pre_analisi/pre_analisi_2000_vis.root
PROGRESS: h80 files=9 processed_entries=994000000 valid_entries=994000000 skipped_entries=0 skipped_files=0 current=/data/graal/pre_analisi/pre_analisi_2000_vis.root
PROGRESS: h80 files=9 processed_entries=995000000 valid_entries=995000000 skipped_entries=0 skipped_files=0 current=/data/graal/pre_analisi/pre_analisi_2000_vis.root
PROGRESS: h80 files=9 processed_entries=996000000 valid_entries=996000000 skipped_entries=0 skipped_files=0 current=/data/graal/pre_analisi/pre_analisi_2000_vis.root
PROGRESS: h80 files=9 processed_entries=997000000 valid_entries=997000000 skipped_entries=0 skipped_files=0 current=/data/graal/pre_analisi/pre_analisi_2000_vis.root
PROGRESS: h80 files=9 processed_entries=998000000 valid_entries=998000000 skipped_entries=0 skipped_files=0 current=/data/graal/pre_analisi/pre_analisi_2000_vis.root
PROGRESS: h80 files=9 processed_entries=999000000 valid_entries=999000000 skipped_entries=0 skipped_files=0 current=/data/graal/pre_analisi/pre_analisi_2000_vis.root
PROGRESS: h80 files=9 processed_entries=1000000000 valid_entries=1000000000 skipped_entries=0 skipped_files=0 current=/data/graal/pre_analisi/pre_analisi_2000_vis.root
PROGRESS: h80 files=9 processed_entries=1001000000 valid_entries=1001000000 skipped_entries=0 skipped_files=0 current=/data/graal/pre_analisi/pre_analisi_2000_vis.root
PROGRESS: h80 files=9 processed_entries=1002000000 valid_entries=1002000000 skipped_entries=0 skipped_files=0 current=/data/graal/pre_analisi/pre_analisi_2000_vis.root
PROGRESS: h80 files=9 processed_entries=1003000000 valid_entries=1003000000 skipped_entries=0 skipped_files=0 current=/data/graal/pre_analisi/pre_analisi_2000_vis.root
PROGRESS: h80 files=9 processed_entries=1004000000 valid_entries=1004000000 skipped_entries=0 skipped_files=0 current=/data/graal/pre_analisi/pre_analisi_2000_vis.root
PROGRESS: h80 files=9 processed_entries=1005000000 valid_entries=1005000000 skipped_entries=0 skipped_files=0 current=/data/graal/pre_analisi/pre_analisi_2000_vis.root
PROGRESS: h80 files=9 processed_entries=1006000000 valid_entries=1006000000 skipped_entries=0 skipped_files=0 current=/data/graal/pre_analisi/pre_analisi_2000_vis.root
PROGRESS: h80 files=9 processed_entries=1007000000 valid_entries=1007000000 skipped_entries=0 skipped_files=0 current=/data/graal/pre_analisi/pre_analisi_2000_vis.root
PROGRESS: h80 files=9 processed_entries=1008000000 valid_entries=1008000000 skipped_entries=0 skipped_files=0 current=/data/graal/pre_analisi/pre_analisi_2000_vis.root
PROGRESS: h80 files=9 processed_entries=1009000000 valid_entries=1009000000 skipped_entries=0 skipped_files=0 current=/data/graal/pre_analisi/pre_analisi_2000_vis.root
PROGRESS: h80 files=9 processed_entries=1010000000 valid_entries=1010000000 skipped_entries=0 skipped_files=0 current=/data/graal/pre_analisi/pre_analisi_2000_vis.root
PROGRESS: h80 files=9 processed_entries=1011000000 valid_entries=1011000000 skipped_entries=0 skipped_files=0 current=/data/graal/pre_analisi/pre_analisi_2000_vis.root
PROGRESS: h80 files=9 processed_entries=1011786288 valid_entries=1011786288 skipped_entries=0 skipped_files=0 completed=/data/graal/pre_analisi/pre_analisi_2000_vis.root
PROGRESS: h80 files=10 processed_entries=1012000000 valid_entries=1012000000 skipped_entries=0 skipped_files=0 current=/data/graal/pre_analisi/pre_analisi_2001_d.root
PROGRESS: h80 files=10 processed_entries=1013000000 valid_entries=1013000000 skipped_entries=0 skipped_files=0 current=/data/graal/pre_analisi/pre_analisi_2001_d.root
PROGRESS: h80 files=10 processed_entries=1014000000 valid_entries=1014000000 skipped_entries=0 skipped_files=0 current=/data/graal/pre_analisi/pre_analisi_2001_d.root
PROGRESS: h80 files=10 processed_entries=1015000000 valid_entries=1015000000 skipped_entries=0 skipped_files=0 current=/data/graal/pre_analisi/pre_analisi_2001_d.root
PROGRESS: h80 files=10 processed_entries=1016000000 valid_entries=1016000000 skipped_entries=0 skipped_files=0 current=/data/graal/pre_analisi/pre_analisi_2001_d.root
PROGRESS: h80 files=10 processed_entries=1017000000 valid_entries=1017000000 skipped_entries=0 skipped_files=0 current=/data/graal/pre_analisi/pre_analisi_2001_d.root
PROGRESS: h80 files=10 processed_entries=1018000000 valid_entries=1018000000 skipped_entries=0 skipped_files=0 current=/data/graal/pre_analisi/pre_analisi_2001_d.root
PROGRESS: h80 files=10 processed_entries=1019000000 valid_entries=1019000000 skipped_entries=0 skipped_files=0 current=/data/graal/pre_analisi/pre_analisi_2001_d.root
PROGRESS: h80 files=10 processed_entries=1020000000 valid_entries=1020000000 skipped_entries=0 skipped_files=0 current=/data/graal/pre_analisi/pre_analisi_2001_d.root
PROGRESS: h80 files=10 processed_entries=1021000000 valid_entries=1021000000 skipped_entries=0 skipped_files=0 current=/data/graal/pre_analisi/pre_analisi_2001_d.root
PROGRESS: h80 files=10 processed_entries=1022000000 valid_entries=1022000000 skipped_entries=0 skipped_files=0 current=/data/graal/pre_analisi/pre_analisi_2001_d.root
PROGRESS: h80 files=10 processed_entries=1023000000 valid_entries=1023000000 skipped_entries=0 skipped_files=0 current=/data/graal/pre_analisi/pre_analisi_2001_d.root
PROGRESS: h80 files=10 processed_entries=1024000000 valid_entries=1024000000 skipped_entries=0 skipped_files=0 current=/data/graal/pre_analisi/pre_analisi_2001_d.root
PROGRESS: h80 files=10 processed_entries=1025000000 valid_entries=1025000000 skipped_entries=0 skipped_files=0 current=/data/graal/pre_analisi/pre_analisi_2001_d.root
PROGRESS: h80 files=10 processed_entries=1026000000 valid_entries=1026000000 skipped_entries=0 skipped_files=0 current=/data/graal/pre_analisi/pre_analisi_2001_d.root
PROGRESS: h80 files=10 processed_entries=1027000000 valid_entries=1027000000 skipped_entries=0 skipped_files=0 current=/data/graal/pre_analisi/pre_analisi_2001_d.root
PROGRESS: h80 files=10 processed_entries=1028000000 valid_entries=1028000000 skipped_entries=0 skipped_files=0 current=/data/graal/pre_analisi/pre_analisi_2001_d.root
PROGRESS: h80 files=10 processed_entries=1029000000 valid_entries=1029000000 skipped_entries=0 skipped_files=0 current=/data/graal/pre_analisi/pre_analisi_2001_d.root
PROGRESS: h80 files=10 processed_entries=1030000000 valid_entries=1030000000 skipped_entries=0 skipped_files=0 current=/data/graal/pre_analisi/pre_analisi_2001_d.root
PROGRESS: h80 files=10 processed_entries=1031000000 valid_entries=1031000000 skipped_entries=0 skipped_files=0 current=/data/graal/pre_analisi/pre_analisi_2001_d.root
PROGRESS: h80 files=10 processed_entries=1032000000 valid_entries=1032000000 skipped_entries=0 skipped_files=0 current=/data/graal/pre_analisi/pre_analisi_2001_d.root
PROGRESS: h80 files=10 processed_entries=1033000000 valid_entries=1033000000 skipped_entries=0 skipped_files=0 current=/data/graal/pre_analisi/pre_analisi_2001_d.root
PROGRESS: h80 files=10 processed_entries=1034000000 valid_entries=1034000000 skipped_entries=0 skipped_files=0 current=/data/graal/pre_analisi/pre_analisi_2001_d.root
PROGRESS: h80 files=10 processed_entries=1035000000 valid_entries=1035000000 skipped_entries=0 skipped_files=0 current=/data/graal/pre_analisi/pre_analisi_2001_d.root
PROGRESS: h80 files=10 processed_entries=1036000000 valid_entries=1036000000 skipped_entries=0 skipped_files=0 current=/data/graal/pre_analisi/pre_analisi_2001_d.root
PROGRESS: h80 files=10 processed_entries=1037000000 valid_entries=1037000000 skipped_entries=0 skipped_files=0 current=/data/graal/pre_analisi/pre_analisi_2001_d.root
PROGRESS: h80 files=10 processed_entries=1038000000 valid_entries=1038000000 skipped_entries=0 skipped_files=0 current=/data/graal/pre_analisi/pre_analisi_2001_d.root
PROGRESS: h80 files=10 processed_entries=1039000000 valid_entries=1039000000 skipped_entries=0 skipped_files=0 current=/data/graal/pre_analisi/pre_analisi_2001_d.root
PROGRESS: h80 files=10 processed_entries=1040000000 valid_entries=1040000000 skipped_entries=0 skipped_files=0 current=/data/graal/pre_analisi/pre_analisi_2001_d.root
PROGRESS: h80 files=10 processed_entries=1041000000 valid_entries=1041000000 skipped_entries=0 skipped_files=0 current=/data/graal/pre_analisi/pre_analisi_2001_d.root
PROGRESS: h80 files=10 processed_entries=1042000000 valid_entries=1042000000 skipped_entries=0 skipped_files=0 current=/data/graal/pre_analisi/pre_analisi_2001_d.root
PROGRESS: h80 files=10 processed_entries=1043000000 valid_entries=1043000000 skipped_entries=0 skipped_files=0 current=/data/graal/pre_analisi/pre_analisi_2001_d.root
PROGRESS: h80 files=10 processed_entries=1044000000 valid_entries=1044000000 skipped_entries=0 skipped_files=0 current=/data/graal/pre_analisi/pre_analisi_2001_d.root
PROGRESS: h80 files=10 processed_entries=1045000000 valid_entries=1045000000 skipped_entries=0 skipped_files=0 current=/data/graal/pre_analisi/pre_analisi_2001_d.root
PROGRESS: h80 files=10 processed_entries=1046000000 valid_entries=1046000000 skipped_entries=0 skipped_files=0 current=/data/graal/pre_analisi/pre_analisi_2001_d.root
PROGRESS: h80 files=10 processed_entries=1047000000 valid_entries=1047000000 skipped_entries=0 skipped_files=0 current=/data/graal/pre_analisi/pre_analisi_2001_d.root
PROGRESS: h80 files=10 processed_entries=1048000000 valid_entries=1048000000 skipped_entries=0 skipped_files=0 current=/data/graal/pre_analisi/pre_analisi_2001_d.root
PROGRESS: h80 files=10 processed_entries=1049000000 valid_entries=1049000000 skipped_entries=0 skipped_files=0 current=/data/graal/pre_analisi/pre_analisi_2001_d.root
PROGRESS: h80 files=10 processed_entries=1050000000 valid_entries=1050000000 skipped_entries=0 skipped_files=0 current=/data/graal/pre_analisi/pre_analisi_2001_d.root
PROGRESS: h80 files=10 processed_entries=1051000000 valid_entries=1051000000 skipped_entries=0 skipped_files=0 current=/data/graal/pre_analisi/pre_analisi_2001_d.root
PROGRESS: h80 files=10 processed_entries=1052000000 valid_entries=1052000000 skipped_entries=0 skipped_files=0 current=/data/graal/pre_analisi/pre_analisi_2001_d.root
PROGRESS: h80 files=10 processed_entries=1053000000 valid_entries=1053000000 skipped_entries=0 skipped_files=0 current=/data/graal/pre_analisi/pre_analisi_2001_d.root
PROGRESS: h80 files=10 processed_entries=1054000000 valid_entries=1054000000 skipped_entries=0 skipped_files=0 current=/data/graal/pre_analisi/pre_analisi_2001_d.root
PROGRESS: h80 files=10 processed_entries=1055000000 valid_entries=1055000000 skipped_entries=0 skipped_files=0 current=/data/graal/pre_analisi/pre_analisi_2001_d.root
PROGRESS: h80 files=10 processed_entries=1056000000 valid_entries=1056000000 skipped_entries=0 skipped_files=0 current=/data/graal/pre_analisi/pre_analisi_2001_d.root
PROGRESS: h80 files=10 processed_entries=1057000000 valid_entries=1057000000 skipped_entries=0 skipped_files=0 current=/data/graal/pre_analisi/pre_analisi_2001_d.root
PROGRESS: h80 files=10 processed_entries=1058000000 valid_entries=1058000000 skipped_entries=0 skipped_files=0 current=/data/graal/pre_analisi/pre_analisi_2001_d.root
PROGRESS: h80 files=10 processed_entries=1059000000 valid_entries=1059000000 skipped_entries=0 skipped_files=0 current=/data/graal/pre_analisi/pre_analisi_2001_d.root
PROGRESS: h80 files=10 processed_entries=1060000000 valid_entries=1060000000 skipped_entries=0 skipped_files=0 current=/data/graal/pre_analisi/pre_analisi_2001_d.root
PROGRESS: h80 files=10 processed_entries=1061000000 valid_entries=1061000000 skipped_entries=0 skipped_files=0 current=/data/graal/pre_analisi/pre_analisi_2001_d.root
PROGRESS: h80 files=10 processed_entries=1062000000 valid_entries=1062000000 skipped_entries=0 skipped_files=0 current=/data/graal/pre_analisi/pre_analisi_2001_d.root
PROGRESS: h80 files=10 processed_entries=1063000000 valid_entries=1063000000 skipped_entries=0 skipped_files=0 current=/data/graal/pre_analisi/pre_analisi_2001_d.root
PROGRESS: h80 files=10 processed_entries=1064000000 valid_entries=1064000000 skipped_entries=0 skipped_files=0 current=/data/graal/pre_analisi/pre_analisi_2001_d.root
PROGRESS: h80 files=10 processed_entries=1065000000 valid_entries=1065000000 skipped_entries=0 skipped_files=0 current=/data/graal/pre_analisi/pre_analisi_2001_d.root
PROGRESS: h80 files=10 processed_entries=1066000000 valid_entries=1066000000 skipped_entries=0 skipped_files=0 current=/data/graal/pre_analisi/pre_analisi_2001_d.root
PROGRESS: h80 files=10 processed_entries=1067000000 valid_entries=1067000000 skipped_entries=0 skipped_files=0 current=/data/graal/pre_analisi/pre_analisi_2001_d.root
PROGRESS: h80 files=10 processed_entries=1068000000 valid_entries=1068000000 skipped_entries=0 skipped_files=0 current=/data/graal/pre_analisi/pre_analisi_2001_d.root
PROGRESS: h80 files=10 processed_entries=1069000000 valid_entries=1069000000 skipped_entries=0 skipped_files=0 current=/data/graal/pre_analisi/pre_analisi_2001_d.root
PROGRESS: h80 files=10 processed_entries=1070000000 valid_entries=1070000000 skipped_entries=0 skipped_files=0 current=/data/graal/pre_analisi/pre_analisi_2001_d.root
PROGRESS: h80 files=10 processed_entries=1071000000 valid_entries=1071000000 skipped_entries=0 skipped_files=0 current=/data/graal/pre_analisi/pre_analisi_2001_d.root
PROGRESS: h80 files=10 processed_entries=1072000000 valid_entries=1072000000 skipped_entries=0 skipped_files=0 current=/data/graal/pre_analisi/pre_analisi_2001_d.root
PROGRESS: h80 files=10 processed_entries=1073000000 valid_entries=1073000000 skipped_entries=0 skipped_files=0 current=/data/graal/pre_analisi/pre_analisi_2001_d.root
PROGRESS: h80 files=10 processed_entries=1074000000 valid_entries=1074000000 skipped_entries=0 skipped_files=0 current=/data/graal/pre_analisi/pre_analisi_2001_d.root
PROGRESS: h80 files=10 processed_entries=1075000000 valid_entries=1075000000 skipped_entries=0 skipped_files=0 current=/data/graal/pre_analisi/pre_analisi_2001_d.root
PROGRESS: h80 files=10 processed_entries=1076000000 valid_entries=1076000000 skipped_entries=0 skipped_files=0 current=/data/graal/pre_analisi/pre_analisi_2001_d.root
PROGRESS: h80 files=10 processed_entries=1077000000 valid_entries=1077000000 skipped_entries=0 skipped_files=0 current=/data/graal/pre_analisi/pre_analisi_2001_d.root
PROGRESS: h80 files=10 processed_entries=1078000000 valid_entries=1078000000 skipped_entries=0 skipped_files=0 current=/data/graal/pre_analisi/pre_analisi_2001_d.root
PROGRESS: h80 files=10 processed_entries=1079000000 valid_entries=1079000000 skipped_entries=0 skipped_files=0 current=/data/graal/pre_analisi/pre_analisi_2001_d.root
PROGRESS: h80 files=10 processed_entries=1080000000 valid_entries=1080000000 skipped_entries=0 skipped_files=0 current=/data/graal/pre_analisi/pre_analisi_2001_d.root
PROGRESS: h80 files=10 processed_entries=1081000000 valid_entries=1081000000 skipped_entries=0 skipped_files=0 current=/data/graal/pre_analisi/pre_analisi_2001_d.root
PROGRESS: h80 files=10 processed_entries=1082000000 valid_entries=1082000000 skipped_entries=0 skipped_files=0 current=/data/graal/pre_analisi/pre_analisi_2001_d.root
PROGRESS: h80 files=10 processed_entries=1083000000 valid_entries=1083000000 skipped_entries=0 skipped_files=0 current=/data/graal/pre_analisi/pre_analisi_2001_d.root
PROGRESS: h80 files=10 processed_entries=1084000000 valid_entries=1084000000 skipped_entries=0 skipped_files=0 current=/data/graal/pre_analisi/pre_analisi_2001_d.root
PROGRESS: h80 files=10 processed_entries=1085000000 valid_entries=1085000000 skipped_entries=0 skipped_files=0 current=/data/graal/pre_analisi/pre_analisi_2001_d.root
PROGRESS: h80 files=10 processed_entries=1086000000 valid_entries=1086000000 skipped_entries=0 skipped_files=0 current=/data/graal/pre_analisi/pre_analisi_2001_d.root
PROGRESS: h80 files=10 processed_entries=1087000000 valid_entries=1087000000 skipped_entries=0 skipped_files=0 current=/data/graal/pre_analisi/pre_analisi_2001_d.root
PROGRESS: h80 files=10 processed_entries=1088000000 valid_entries=1088000000 skipped_entries=0 skipped_files=0 current=/data/graal/pre_analisi/pre_analisi_2001_d.root
PROGRESS: h80 files=10 processed_entries=1089000000 valid_entries=1089000000 skipped_entries=0 skipped_files=0 current=/data/graal/pre_analisi/pre_analisi_2001_d.root
PROGRESS: h80 files=10 processed_entries=1090000000 valid_entries=1090000000 skipped_entries=0 skipped_files=0 current=/data/graal/pre_analisi/pre_analisi_2001_d.root
PROGRESS: h80 files=10 processed_entries=1091000000 valid_entries=1091000000 skipped_entries=0 skipped_files=0 current=/data/graal/pre_analisi/pre_analisi_2001_d.root
PROGRESS: h80 files=10 processed_entries=1092000000 valid_entries=1092000000 skipped_entries=0 skipped_files=0 current=/data/graal/pre_analisi/pre_analisi_2001_d.root
PROGRESS: h80 files=10 processed_entries=1093000000 valid_entries=1093000000 skipped_entries=0 skipped_files=0 current=/data/graal/pre_analisi/pre_analisi_2001_d.root
PROGRESS: h80 files=10 processed_entries=1094000000 valid_entries=1094000000 skipped_entries=0 skipped_files=0 current=/data/graal/pre_analisi/pre_analisi_2001_d.root
PROGRESS: h80 files=10 processed_entries=1095000000 valid_entries=1095000000 skipped_entries=0 skipped_files=0 current=/data/graal/pre_analisi/pre_analisi_2001_d.root
PROGRESS: h80 files=10 processed_entries=1096000000 valid_entries=1096000000 skipped_entries=0 skipped_files=0 current=/data/graal/pre_analisi/pre_analisi_2001_d.root
PROGRESS: h80 files=10 processed_entries=1097000000 valid_entries=1097000000 skipped_entries=0 skipped_files=0 current=/data/graal/pre_analisi/pre_analisi_2001_d.root
PROGRESS: h80 files=10 processed_entries=1098000000 valid_entries=1098000000 skipped_entries=0 skipped_files=0 current=/data/graal/pre_analisi/pre_analisi_2001_d.root
PROGRESS: h80 files=10 processed_entries=1099000000 valid_entries=1099000000 skipped_entries=0 skipped_files=0 current=/data/graal/pre_analisi/pre_analisi_2001_d.root
PROGRESS: h80 files=10 processed_entries=1100000000 valid_entries=1100000000 skipped_entries=0 skipped_files=0 current=/data/graal/pre_analisi/pre_analisi_2001_d.root
PROGRESS: h80 files=10 processed_entries=1101000000 valid_entries=1101000000 skipped_entries=0 skipped_files=0 current=/data/graal/pre_analisi/pre_analisi_2001_d.root
PROGRESS: h80 files=10 processed_entries=1102000000 valid_entries=1102000000 skipped_entries=0 skipped_files=0 current=/data/graal/pre_analisi/pre_analisi_2001_d.root
PROGRESS: h80 files=10 processed_entries=1103000000 valid_entries=1103000000 skipped_entries=0 skipped_files=0 current=/data/graal/pre_analisi/pre_analisi_2001_d.root
PROGRESS: h80 files=10 processed_entries=1104000000 valid_entries=1104000000 skipped_entries=0 skipped_files=0 current=/data/graal/pre_analisi/pre_analisi_2001_d.root
PROGRESS: h80 files=10 processed_entries=1105000000 valid_entries=1105000000 skipped_entries=0 skipped_files=0 current=/data/graal/pre_analisi/pre_analisi_2001_d.root
PROGRESS: h80 files=10 processed_entries=1106000000 valid_entries=1106000000 skipped_entries=0 skipped_files=0 current=/data/graal/pre_analisi/pre_analisi_2001_d.root
PROGRESS: h80 files=10 processed_entries=1107000000 valid_entries=1107000000 skipped_entries=0 skipped_files=0 current=/data/graal/pre_analisi/pre_analisi_2001_d.root
PROGRESS: h80 files=10 processed_entries=1108000000 valid_entries=1108000000 skipped_entries=0 skipped_files=0 current=/data/graal/pre_analisi/pre_analisi_2001_d.root
PROGRESS: h80 files=10 processed_entries=1109000000 valid_entries=1109000000 skipped_entries=0 skipped_files=0 current=/data/graal/pre_analisi/pre_analisi_2001_d.root
PROGRESS: h80 files=10 processed_entries=1110000000 valid_entries=1110000000 skipped_entries=0 skipped_files=0 current=/data/graal/pre_analisi/pre_analisi_2001_d.root
PROGRESS: h80 files=10 processed_entries=1111000000 valid_entries=1111000000 skipped_entries=0 skipped_files=0 current=/data/graal/pre_analisi/pre_analisi_2001_d.root
PROGRESS: h80 files=10 processed_entries=1112000000 valid_entries=1112000000 skipped_entries=0 skipped_files=0 current=/data/graal/pre_analisi/pre_analisi_2001_d.root
PROGRESS: h80 files=10 processed_entries=1113000000 valid_entries=1113000000 skipped_entries=0 skipped_files=0 current=/data/graal/pre_analisi/pre_analisi_2001_d.root
PROGRESS: h80 files=10 processed_entries=1114000000 valid_entries=1114000000 skipped_entries=0 skipped_files=0 current=/data/graal/pre_analisi/pre_analisi_2001_d.root
PROGRESS: h80 files=10 processed_entries=1115000000 valid_entries=1115000000 skipped_entries=0 skipped_files=0 current=/data/graal/pre_analisi/pre_analisi_2001_d.root
PROGRESS: h80 files=10 processed_entries=1116000000 valid_entries=1116000000 skipped_entries=0 skipped_files=0 current=/data/graal/pre_analisi/pre_analisi_2001_d.root
PROGRESS: h80 files=10 processed_entries=1117000000 valid_entries=1117000000 skipped_entries=0 skipped_files=0 current=/data/graal/pre_analisi/pre_analisi_2001_d.root
PROGRESS: h80 files=10 processed_entries=1118000000 valid_entries=1118000000 skipped_entries=0 skipped_files=0 current=/data/graal/pre_analisi/pre_analisi_2001_d.root
PROGRESS: h80 files=10 processed_entries=1119000000 valid_entries=1119000000 skipped_entries=0 skipped_files=0 current=/data/graal/pre_analisi/pre_analisi_2001_d.root
PROGRESS: h80 files=10 processed_entries=1120000000 valid_entries=1120000000 skipped_entries=0 skipped_files=0 current=/data/graal/pre_analisi/pre_analisi_2001_d.root
PROGRESS: h80 files=10 processed_entries=1121000000 valid_entries=1121000000 skipped_entries=0 skipped_files=0 current=/data/graal/pre_analisi/pre_analisi_2001_d.root
PROGRESS: h80 files=10 processed_entries=1122000000 valid_entries=1122000000 skipped_entries=0 skipped_files=0 current=/data/graal/pre_analisi/pre_analisi_2001_d.root
PROGRESS: h80 files=10 processed_entries=1123000000 valid_entries=1123000000 skipped_entries=0 skipped_files=0 current=/data/graal/pre_analisi/pre_analisi_2001_d.root
PROGRESS: h80 files=10 processed_entries=1124000000 valid_entries=1124000000 skipped_entries=0 skipped_files=0 current=/data/graal/pre_analisi/pre_analisi_2001_d.root
PROGRESS: h80 files=10 processed_entries=1125000000 valid_entries=1125000000 skipped_entries=0 skipped_files=0 current=/data/graal/pre_analisi/pre_analisi_2001_d.root
PROGRESS: h80 files=10 processed_entries=1126000000 valid_entries=1126000000 skipped_entries=0 skipped_files=0 current=/data/graal/pre_analisi/pre_analisi_2001_d.root
PROGRESS: h80 files=10 processed_entries=1127000000 valid_entries=1127000000 skipped_entries=0 skipped_files=0 current=/data/graal/pre_analisi/pre_analisi_2001_d.root
PROGRESS: h80 files=10 processed_entries=1128000000 valid_entries=1128000000 skipped_entries=0 skipped_files=0 current=/data/graal/pre_analisi/pre_analisi_2001_d.root
PROGRESS: h80 files=10 processed_entries=1129000000 valid_entries=1129000000 skipped_entries=0 skipped_files=0 current=/data/graal/pre_analisi/pre_analisi_2001_d.root
PROGRESS: h80 files=10 processed_entries=1130000000 valid_entries=1130000000 skipped_entries=0 skipped_files=0 current=/data/graal/pre_analisi/pre_analisi_2001_d.root
PROGRESS: h80 files=10 processed_entries=1131000000 valid_entries=1131000000 skipped_entries=0 skipped_files=0 current=/data/graal/pre_analisi/pre_analisi_2001_d.root
PROGRESS: h80 files=10 processed_entries=1132000000 valid_entries=1132000000 skipped_entries=0 skipped_files=0 current=/data/graal/pre_analisi/pre_analisi_2001_d.root
PROGRESS: h80 files=10 processed_entries=1133000000 valid_entries=1133000000 skipped_entries=0 skipped_files=0 current=/data/graal/pre_analisi/pre_analisi_2001_d.root
PROGRESS: h80 files=10 processed_entries=1134000000 valid_entries=1134000000 skipped_entries=0 skipped_files=0 current=/data/graal/pre_analisi/pre_analisi_2001_d.root
PROGRESS: h80 files=10 processed_entries=1135000000 valid_entries=1135000000 skipped_entries=0 skipped_files=0 current=/data/graal/pre_analisi/pre_analisi_2001_d.root
PROGRESS: h80 files=10 processed_entries=1136000000 valid_entries=1136000000 skipped_entries=0 skipped_files=0 current=/data/graal/pre_analisi/pre_analisi_2001_d.root
PROGRESS: h80 files=10 processed_entries=1137000000 valid_entries=1137000000 skipped_entries=0 skipped_files=0 current=/data/graal/pre_analisi/pre_analisi_2001_d.root
PROGRESS: h80 files=10 processed_entries=1138000000 valid_entries=1138000000 skipped_entries=0 skipped_files=0 current=/data/graal/pre_analisi/pre_analisi_2001_d.root
PROGRESS: h80 files=10 processed_entries=1139000000 valid_entries=1139000000 skipped_entries=0 skipped_files=0 current=/data/graal/pre_analisi/pre_analisi_2001_d.root
PROGRESS: h80 files=10 processed_entries=1140000000 valid_entries=1140000000 skipped_entries=0 skipped_files=0 current=/data/graal/pre_analisi/pre_analisi_2001_d.root
PROGRESS: h80 files=10 processed_entries=1141000000 valid_entries=1141000000 skipped_entries=0 skipped_files=0 current=/data/graal/pre_analisi/pre_analisi_2001_d.root
PROGRESS: h80 files=10 processed_entries=1142000000 valid_entries=1142000000 skipped_entries=0 skipped_files=0 current=/data/graal/pre_analisi/pre_analisi_2001_d.root
PROGRESS: h80 files=10 processed_entries=1143000000 valid_entries=1143000000 skipped_entries=0 skipped_files=0 current=/data/graal/pre_analisi/pre_analisi_2001_d.root
PROGRESS: h80 files=10 processed_entries=1144000000 valid_entries=1144000000 skipped_entries=0 skipped_files=0 current=/data/graal/pre_analisi/pre_analisi_2001_d.root
PROGRESS: h80 files=10 processed_entries=1145000000 valid_entries=1145000000 skipped_entries=0 skipped_files=0 current=/data/graal/pre_analisi/pre_analisi_2001_d.root
PROGRESS: h80 files=10 processed_entries=1146000000 valid_entries=1146000000 skipped_entries=0 skipped_files=0 current=/data/graal/pre_analisi/pre_analisi_2001_d.root
PROGRESS: h80 files=10 processed_entries=1147000000 valid_entries=1147000000 skipped_entries=0 skipped_files=0 current=/data/graal/pre_analisi/pre_analisi_2001_d.root
PROGRESS: h80 files=10 processed_entries=1148000000 valid_entries=1148000000 skipped_entries=0 skipped_files=0 current=/data/graal/pre_analisi/pre_analisi_2001_d.root
PROGRESS: h80 files=10 processed_entries=1149000000 valid_entries=1149000000 skipped_entries=0 skipped_files=0 current=/data/graal/pre_analisi/pre_analisi_2001_d.root
PROGRESS: h80 files=10 processed_entries=1150000000 valid_entries=1150000000 skipped_entries=0 skipped_files=0 current=/data/graal/pre_analisi/pre_analisi_2001_d.root
PROGRESS: h80 files=10 processed_entries=1151000000 valid_entries=1151000000 skipped_entries=0 skipped_files=0 current=/data/graal/pre_analisi/pre_analisi_2001_d.root
PROGRESS: h80 files=10 processed_entries=1152000000 valid_entries=1152000000 skipped_entries=0 skipped_files=0 current=/data/graal/pre_analisi/pre_analisi_2001_d.root
PROGRESS: h80 files=10 processed_entries=1153000000 valid_entries=1153000000 skipped_entries=0 skipped_files=0 current=/data/graal/pre_analisi/pre_analisi_2001_d.root
PROGRESS: h80 files=10 processed_entries=1154000000 valid_entries=1154000000 skipped_entries=0 skipped_files=0 current=/data/graal/pre_analisi/pre_analisi_2001_d.root
PROGRESS: h80 files=10 processed_entries=1155000000 valid_entries=1155000000 skipped_entries=0 skipped_files=0 current=/data/graal/pre_analisi/pre_analisi_2001_d.root
PROGRESS: h80 files=10 processed_entries=1156000000 valid_entries=1156000000 skipped_entries=0 skipped_files=0 current=/data/graal/pre_analisi/pre_analisi_2001_d.root
PROGRESS: h80 files=10 processed_entries=1157000000 valid_entries=1157000000 skipped_entries=0 skipped_files=0 current=/data/graal/pre_analisi/pre_analisi_2001_d.root
PROGRESS: h80 files=10 processed_entries=1158000000 valid_entries=1158000000 skipped_entries=0 skipped_files=0 current=/data/graal/pre_analisi/pre_analisi_2001_d.root
PROGRESS: h80 files=10 processed_entries=1159000000 valid_entries=1159000000 skipped_entries=0 skipped_files=0 current=/data/graal/pre_analisi/pre_analisi_2001_d.root
PROGRESS: h80 files=10 processed_entries=1160000000 valid_entries=1160000000 skipped_entries=0 skipped_files=0 current=/data/graal/pre_analisi/pre_analisi_2001_d.root
PROGRESS: h80 files=10 processed_entries=1161000000 valid_entries=1161000000 skipped_entries=0 skipped_files=0 current=/data/graal/pre_analisi/pre_analisi_2001_d.root
PROGRESS: h80 files=10 processed_entries=1162000000 valid_entries=1162000000 skipped_entries=0 skipped_files=0 current=/data/graal/pre_analisi/pre_analisi_2001_d.root
PROGRESS: h80 files=10 processed_entries=1163000000 valid_entries=1163000000 skipped_entries=0 skipped_files=0 current=/data/graal/pre_analisi/pre_analisi_2001_d.root
PROGRESS: h80 files=10 processed_entries=1164000000 valid_entries=1164000000 skipped_entries=0 skipped_files=0 current=/data/graal/pre_analisi/pre_analisi_2001_d.root
PROGRESS: h80 files=10 processed_entries=1165000000 valid_entries=1165000000 skipped_entries=0 skipped_files=0 current=/data/graal/pre_analisi/pre_analisi_2001_d.root
PROGRESS: h80 files=10 processed_entries=1166000000 valid_entries=1166000000 skipped_entries=0 skipped_files=0 current=/data/graal/pre_analisi/pre_analisi_2001_d.root
PROGRESS: h80 files=10 processed_entries=1167000000 valid_entries=1167000000 skipped_entries=0 skipped_files=0 current=/data/graal/pre_analisi/pre_analisi_2001_d.root
PROGRESS: h80 files=10 processed_entries=1168000000 valid_entries=1168000000 skipped_entries=0 skipped_files=0 current=/data/graal/pre_analisi/pre_analisi_2001_d.root
PROGRESS: h80 files=10 processed_entries=1169000000 valid_entries=1169000000 skipped_entries=0 skipped_files=0 current=/data/graal/pre_analisi/pre_analisi_2001_d.root
PROGRESS: h80 files=10 processed_entries=1170000000 valid_entries=1170000000 skipped_entries=0 skipped_files=0 current=/data/graal/pre_analisi/pre_analisi_2001_d.root
PROGRESS: h80 files=10 processed_entries=1171000000 valid_entries=1171000000 skipped_entries=0 skipped_files=0 current=/data/graal/pre_analisi/pre_analisi_2001_d.root
PROGRESS: h80 files=10 processed_entries=1172000000 valid_entries=1172000000 skipped_entries=0 skipped_files=0 current=/data/graal/pre_analisi/pre_analisi_2001_d.root
PROGRESS: h80 files=10 processed_entries=1173000000 valid_entries=1173000000 skipped_entries=0 skipped_files=0 current=/data/graal/pre_analisi/pre_analisi_2001_d.root
PROGRESS: h80 files=10 processed_entries=1174000000 valid_entries=1174000000 skipped_entries=0 skipped_files=0 current=/data/graal/pre_analisi/pre_analisi_2001_d.root
PROGRESS: h80 files=10 processed_entries=1175000000 valid_entries=1175000000 skipped_entries=0 skipped_files=0 current=/data/graal/pre_analisi/pre_analisi_2001_d.root
PROGRESS: h80 files=10 processed_entries=1176000000 valid_entries=1176000000 skipped_entries=0 skipped_files=0 current=/data/graal/pre_analisi/pre_analisi_2001_d.root
PROGRESS: h80 files=10 processed_entries=1177000000 valid_entries=1177000000 skipped_entries=0 skipped_files=0 current=/data/graal/pre_analisi/pre_analisi_2001_d.root
PROGRESS: h80 files=10 processed_entries=1178000000 valid_entries=1178000000 skipped_entries=0 skipped_files=0 current=/data/graal/pre_analisi/pre_analisi_2001_d.root
PROGRESS: h80 files=10 processed_entries=1179000000 valid_entries=1179000000 skipped_entries=0 skipped_files=0 current=/data/graal/pre_analisi/pre_analisi_2001_d.root
PROGRESS: h80 files=10 processed_entries=1180000000 valid_entries=1180000000 skipped_entries=0 skipped_files=0 current=/data/graal/pre_analisi/pre_analisi_2001_d.root
PROGRESS: h80 files=10 processed_entries=1181000000 valid_entries=1181000000 skipped_entries=0 skipped_files=0 current=/data/graal/pre_analisi/pre_analisi_2001_d.root
PROGRESS: h80 files=10 processed_entries=1182000000 valid_entries=1182000000 skipped_entries=0 skipped_files=0 current=/data/graal/pre_analisi/pre_analisi_2001_d.root
PROGRESS: h80 files=10 processed_entries=1183000000 valid_entries=1183000000 skipped_entries=0 skipped_files=0 current=/data/graal/pre_analisi/pre_analisi_2001_d.root
PROGRESS: h80 files=10 processed_entries=1184000000 valid_entries=1184000000 skipped_entries=0 skipped_files=0 current=/data/graal/pre_analisi/pre_analisi_2001_d.root
PROGRESS: h80 files=10 processed_entries=1185000000 valid_entries=1185000000 skipped_entries=0 skipped_files=0 current=/data/graal/pre_analisi/pre_analisi_2001_d.root
PROGRESS: h80 files=10 processed_entries=1186000000 valid_entries=1186000000 skipped_entries=0 skipped_files=0 current=/data/graal/pre_analisi/pre_analisi_2001_d.root
PROGRESS: h80 files=10 processed_entries=1187000000 valid_entries=1187000000 skipped_entries=0 skipped_files=0 current=/data/graal/pre_analisi/pre_analisi_2001_d.root
PROGRESS: h80 files=10 processed_entries=1188000000 valid_entries=1188000000 skipped_entries=0 skipped_files=0 current=/data/graal/pre_analisi/pre_analisi_2001_d.root
PROGRESS: h80 files=10 processed_entries=1189000000 valid_entries=1189000000 skipped_entries=0 skipped_files=0 current=/data/graal/pre_analisi/pre_analisi_2001_d.root
PROGRESS: h80 files=10 processed_entries=1190000000 valid_entries=1190000000 skipped_entries=0 skipped_files=0 current=/data/graal/pre_analisi/pre_analisi_2001_d.root
PROGRESS: h80 files=10 processed_entries=1191000000 valid_entries=1191000000 skipped_entries=0 skipped_files=0 current=/data/graal/pre_analisi/pre_analisi_2001_d.root
PROGRESS: h80 files=10 processed_entries=1192000000 valid_entries=1192000000 skipped_entries=0 skipped_files=0 current=/data/graal/pre_analisi/pre_analisi_2001_d.root
PROGRESS: h80 files=10 processed_entries=1193000000 valid_entries=1193000000 skipped_entries=0 skipped_files=0 current=/data/graal/pre_analisi/pre_analisi_2001_d.root
PROGRESS: h80 files=10 processed_entries=1194000000 valid_entries=1194000000 skipped_entries=0 skipped_files=0 current=/data/graal/pre_analisi/pre_analisi_2001_d.root
PROGRESS: h80 files=10 processed_entries=1195000000 valid_entries=1195000000 skipped_entries=0 skipped_files=0 current=/data/graal/pre_analisi/pre_analisi_2001_d.root
PROGRESS: h80 files=10 processed_entries=1196000000 valid_entries=1196000000 skipped_entries=0 skipped_files=0 current=/data/graal/pre_analisi/pre_analisi_2001_d.root
PROGRESS: h80 files=10 processed_entries=1197000000 valid_entries=1197000000 skipped_entries=0 skipped_files=0 current=/data/graal/pre_analisi/pre_analisi_2001_d.root
PROGRESS: h80 files=10 processed_entries=1198000000 valid_entries=1198000000 skipped_entries=0 skipped_files=0 current=/data/graal/pre_analisi/pre_analisi_2001_d.root
PROGRESS: h80 files=10 processed_entries=1199000000 valid_entries=1199000000 skipped_entries=0 skipped_files=0 current=/data/graal/pre_analisi/pre_analisi_2001_d.root
PROGRESS: h80 files=10 processed_entries=1200000000 valid_entries=1200000000 skipped_entries=0 skipped_files=0 current=/data/graal/pre_analisi/pre_analisi_2001_d.root
PROGRESS: h80 files=10 processed_entries=1201000000 valid_entries=1201000000 skipped_entries=0 skipped_files=0 current=/data/graal/pre_analisi/pre_analisi_2001_d.root
PROGRESS: h80 files=10 processed_entries=1202000000 valid_entries=1202000000 skipped_entries=0 skipped_files=0 current=/data/graal/pre_analisi/pre_analisi_2001_d.root
PROGRESS: h80 files=10 processed_entries=1203000000 valid_entries=1203000000 skipped_entries=0 skipped_files=0 current=/data/graal/pre_analisi/pre_analisi_2001_d.root
PROGRESS: h80 files=10 processed_entries=1204000000 valid_entries=1204000000 skipped_entries=0 skipped_files=0 current=/data/graal/pre_analisi/pre_analisi_2001_d.root
PROGRESS: h80 files=10 processed_entries=1205000000 valid_entries=1205000000 skipped_entries=0 skipped_files=0 current=/data/graal/pre_analisi/pre_analisi_2001_d.root
PROGRESS: h80 files=10 processed_entries=1206000000 valid_entries=1206000000 skipped_entries=0 skipped_files=0 current=/data/graal/pre_analisi/pre_analisi_2001_d.root
PROGRESS: h80 files=10 processed_entries=1207000000 valid_entries=1207000000 skipped_entries=0 skipped_files=0 current=/data/graal/pre_analisi/pre_analisi_2001_d.root
PROGRESS: h80 files=10 processed_entries=1208000000 valid_entries=1208000000 skipped_entries=0 skipped_files=0 current=/data/graal/pre_analisi/pre_analisi_2001_d.root
PROGRESS: h80 files=10 processed_entries=1209000000 valid_entries=1209000000 skipped_entries=0 skipped_files=0 current=/data/graal/pre_analisi/pre_analisi_2001_d.root
PROGRESS: h80 files=10 processed_entries=1210000000 valid_entries=1210000000 skipped_entries=0 skipped_files=0 current=/data/graal/pre_analisi/pre_analisi_2001_d.root
PROGRESS: h80 files=10 processed_entries=1211000000 valid_entries=1211000000 skipped_entries=0 skipped_files=0 current=/data/graal/pre_analisi/pre_analisi_2001_d.root
PROGRESS: h80 files=10 processed_entries=1212000000 valid_entries=1212000000 skipped_entries=0 skipped_files=0 current=/data/graal/pre_analisi/pre_analisi_2001_d.root
PROGRESS: h80 files=10 processed_entries=1213000000 valid_entries=1213000000 skipped_entries=0 skipped_files=0 current=/data/graal/pre_analisi/pre_analisi_2001_d.root
PROGRESS: h80 files=10 processed_entries=1214000000 valid_entries=1214000000 skipped_entries=0 skipped_files=0 current=/data/graal/pre_analisi/pre_analisi_2001_d.root
PROGRESS: h80 files=10 processed_entries=1215000000 valid_entries=1215000000 skipped_entries=0 skipped_files=0 current=/data/graal/pre_analisi/pre_analisi_2001_d.root
PROGRESS: h80 files=10 processed_entries=1216000000 valid_entries=1216000000 skipped_entries=0 skipped_files=0 current=/data/graal/pre_analisi/pre_analisi_2001_d.root
PROGRESS: h80 files=10 processed_entries=1217000000 valid_entries=1217000000 skipped_entries=0 skipped_files=0 current=/data/graal/pre_analisi/pre_analisi_2001_d.root
PROGRESS: h80 files=10 processed_entries=1218000000 valid_entries=1218000000 skipped_entries=0 skipped_files=0 current=/data/graal/pre_analisi/pre_analisi_2001_d.root
PROGRESS: h80 files=10 processed_entries=1219000000 valid_entries=1219000000 skipped_entries=0 skipped_files=0 current=/data/graal/pre_analisi/pre_analisi_2001_d.root
PROGRESS: h80 files=10 processed_entries=1220000000 valid_entries=1220000000 skipped_entries=0 skipped_files=0 current=/data/graal/pre_analisi/pre_analisi_2001_d.root
PROGRESS: h80 files=10 processed_entries=1221000000 valid_entries=1221000000 skipped_entries=0 skipped_files=0 current=/data/graal/pre_analisi/pre_analisi_2001_d.root
PROGRESS: h80 files=10 processed_entries=1222000000 valid_entries=1222000000 skipped_entries=0 skipped_files=0 current=/data/graal/pre_analisi/pre_analisi_2001_d.root
PROGRESS: h80 files=10 processed_entries=1223000000 valid_entries=1223000000 skipped_entries=0 skipped_files=0 current=/data/graal/pre_analisi/pre_analisi_2001_d.root
PROGRESS: h80 files=10 processed_entries=1224000000 valid_entries=1224000000 skipped_entries=0 skipped_files=0 current=/data/graal/pre_analisi/pre_analisi_2001_d.root
PROGRESS: h80 files=10 processed_entries=1225000000 valid_entries=1225000000 skipped_entries=0 skipped_files=0 current=/data/graal/pre_analisi/pre_analisi_2001_d.root
PROGRESS: h80 files=10 processed_entries=1226000000 valid_entries=1226000000 skipped_entries=0 skipped_files=0 current=/data/graal/pre_analisi/pre_analisi_2001_d.root
PROGRESS: h80 files=10 processed_entries=1227000000 valid_entries=1227000000 skipped_entries=0 skipped_files=0 current=/data/graal/pre_analisi/pre_analisi_2001_d.root
PROGRESS: h80 files=10 processed_entries=1228000000 valid_entries=1228000000 skipped_entries=0 skipped_files=0 current=/data/graal/pre_analisi/pre_analisi_2001_d.root
PROGRESS: h80 files=10 processed_entries=1229000000 valid_entries=1229000000 skipped_entries=0 skipped_files=0 current=/data/graal/pre_analisi/pre_analisi_2001_d.root
PROGRESS: h80 files=10 processed_entries=1230000000 valid_entries=1230000000 skipped_entries=0 skipped_files=0 current=/data/graal/pre_analisi/pre_analisi_2001_d.root
PROGRESS: h80 files=10 processed_entries=1231000000 valid_entries=1231000000 skipped_entries=0 skipped_files=0 current=/data/graal/pre_analisi/pre_analisi_2001_d.root
PROGRESS: h80 files=10 processed_entries=1232000000 valid_entries=1232000000 skipped_entries=0 skipped_files=0 current=/data/graal/pre_analisi/pre_analisi_2001_d.root
PROGRESS: h80 files=10 processed_entries=1233000000 valid_entries=1233000000 skipped_entries=0 skipped_files=0 current=/data/graal/pre_analisi/pre_analisi_2001_d.root
PROGRESS: h80 files=10 processed_entries=1234000000 valid_entries=1234000000 skipped_entries=0 skipped_files=0 current=/data/graal/pre_analisi/pre_analisi_2001_d.root
PROGRESS: h80 files=10 processed_entries=1235000000 valid_entries=1235000000 skipped_entries=0 skipped_files=0 current=/data/graal/pre_analisi/pre_analisi_2001_d.root
PROGRESS: h80 files=10 processed_entries=1236000000 valid_entries=1236000000 skipped_entries=0 skipped_files=0 current=/data/graal/pre_analisi/pre_analisi_2001_d.root
PROGRESS: h80 files=10 processed_entries=1237000000 valid_entries=1237000000 skipped_entries=0 skipped_files=0 current=/data/graal/pre_analisi/pre_analisi_2001_d.root
PROGRESS: h80 files=10 processed_entries=1238000000 valid_entries=1238000000 skipped_entries=0 skipped_files=0 current=/data/graal/pre_analisi/pre_analisi_2001_d.root
PROGRESS: h80 files=10 processed_entries=1239000000 valid_entries=1239000000 skipped_entries=0 skipped_files=0 current=/data/graal/pre_analisi/pre_analisi_2001_d.root
PROGRESS: h80 files=10 processed_entries=1240000000 valid_entries=1240000000 skipped_entries=0 skipped_files=0 current=/data/graal/pre_analisi/pre_analisi_2001_d.root
PROGRESS: h80 files=10 processed_entries=1241000000 valid_entries=1241000000 skipped_entries=0 skipped_files=0 current=/data/graal/pre_analisi/pre_analisi_2001_d.root
PROGRESS: h80 files=10 processed_entries=1242000000 valid_entries=1242000000 skipped_entries=0 skipped_files=0 current=/data/graal/pre_analisi/pre_analisi_2001_d.root
PROGRESS: h80 files=10 processed_entries=1243000000 valid_entries=1243000000 skipped_entries=0 skipped_files=0 current=/data/graal/pre_analisi/pre_analisi_2001_d.root
PROGRESS: h80 files=10 processed_entries=1244000000 valid_entries=1244000000 skipped_entries=0 skipped_files=0 current=/data/graal/pre_analisi/pre_analisi_2001_d.root
PROGRESS: h80 files=10 processed_entries=1245000000 valid_entries=1245000000 skipped_entries=0 skipped_files=0 current=/data/graal/pre_analisi/pre_analisi_2001_d.root
PROGRESS: h80 files=10 processed_entries=1246000000 valid_entries=1246000000 skipped_entries=0 skipped_files=0 current=/data/graal/pre_analisi/pre_analisi_2001_d.root
PROGRESS: h80 files=10 processed_entries=1247000000 valid_entries=1247000000 skipped_entries=0 skipped_files=0 current=/data/graal/pre_analisi/pre_analisi_2001_d.root
PROGRESS: h80 files=10 processed_entries=1248000000 valid_entries=1248000000 skipped_entries=0 skipped_files=0 current=/data/graal/pre_analisi/pre_analisi_2001_d.root
PROGRESS: h80 files=10 processed_entries=1249000000 valid_entries=1249000000 skipped_entries=0 skipped_files=0 current=/data/graal/pre_analisi/pre_analisi_2001_d.root
PROGRESS: h80 files=10 processed_entries=1250000000 valid_entries=1250000000 skipped_entries=0 skipped_files=0 current=/data/graal/pre_analisi/pre_analisi_2001_d.root
PROGRESS: h80 files=10 processed_entries=1251000000 valid_entries=1251000000 skipped_entries=0 skipped_files=0 current=/data/graal/pre_analisi/pre_analisi_2001_d.root
PROGRESS: h80 files=10 processed_entries=1252000000 valid_entries=1252000000 skipped_entries=0 skipped_files=0 current=/data/graal/pre_analisi/pre_analisi_2001_d.root
PROGRESS: h80 files=10 processed_entries=1253000000 valid_entries=1253000000 skipped_entries=0 skipped_files=0 current=/data/graal/pre_analisi/pre_analisi_2001_d.root
PROGRESS: h80 files=10 processed_entries=1254000000 valid_entries=1254000000 skipped_entries=0 skipped_files=0 current=/data/graal/pre_analisi/pre_analisi_2001_d.root
PROGRESS: h80 files=10 processed_entries=1255000000 valid_entries=1255000000 skipped_entries=0 skipped_files=0 current=/data/graal/pre_analisi/pre_analisi_2001_d.root
PROGRESS: h80 files=10 processed_entries=1256000000 valid_entries=1256000000 skipped_entries=0 skipped_files=0 current=/data/graal/pre_analisi/pre_analisi_2001_d.root
PROGRESS: h80 files=10 processed_entries=1257000000 valid_entries=1257000000 skipped_entries=0 skipped_files=0 current=/data/graal/pre_analisi/pre_analisi_2001_d.root
PROGRESS: h80 files=10 processed_entries=1258000000 valid_entries=1258000000 skipped_entries=0 skipped_files=0 current=/data/graal/pre_analisi/pre_analisi_2001_d.root
PROGRESS: h80 files=10 processed_entries=1259000000 valid_entries=1259000000 skipped_entries=0 skipped_files=0 current=/data/graal/pre_analisi/pre_analisi_2001_d.root
PROGRESS: h80 files=10 processed_entries=1260000000 valid_entries=1260000000 skipped_entries=0 skipped_files=0 current=/data/graal/pre_analisi/pre_analisi_2001_d.root
PROGRESS: h80 files=10 processed_entries=1261000000 valid_entries=1261000000 skipped_entries=0 skipped_files=0 current=/data/graal/pre_analisi/pre_analisi_2001_d.root
PROGRESS: h80 files=10 processed_entries=1261045627 valid_entries=1261045627 skipped_entries=0 skipped_files=0 completed=/data/graal/pre_analisi/pre_analisi_2001_d.root
PROGRESS: h80 files=11 processed_entries=1262000000 valid_entries=1262000000 skipped_entries=0 skipped_files=0 current=/data/graal/pre_analisi/pre_analisi_2001_uv.root
PROGRESS: h80 files=11 processed_entries=1263000000 valid_entries=1263000000 skipped_entries=0 skipped_files=0 current=/data/graal/pre_analisi/pre_analisi_2001_uv.root
PROGRESS: h80 files=11 processed_entries=1264000000 valid_entries=1264000000 skipped_entries=0 skipped_files=0 current=/data/graal/pre_analisi/pre_analisi_2001_uv.root
PROGRESS: h80 files=11 processed_entries=1265000000 valid_entries=1265000000 skipped_entries=0 skipped_files=0 current=/data/graal/pre_analisi/pre_analisi_2001_uv.root
PROGRESS: h80 files=11 processed_entries=1266000000 valid_entries=1266000000 skipped_entries=0 skipped_files=0 current=/data/graal/pre_analisi/pre_analisi_2001_uv.root
PROGRESS: h80 files=11 processed_entries=1267000000 valid_entries=1267000000 skipped_entries=0 skipped_files=0 current=/data/graal/pre_analisi/pre_analisi_2001_uv.root
PROGRESS: h80 files=11 processed_entries=1268000000 valid_entries=1268000000 skipped_entries=0 skipped_files=0 current=/data/graal/pre_analisi/pre_analisi_2001_uv.root
PROGRESS: h80 files=11 processed_entries=1269000000 valid_entries=1269000000 skipped_entries=0 skipped_files=0 current=/data/graal/pre_analisi/pre_analisi_2001_uv.root
PROGRESS: h80 files=11 processed_entries=1270000000 valid_entries=1270000000 skipped_entries=0 skipped_files=0 current=/data/graal/pre_analisi/pre_analisi_2001_uv.root
PROGRESS: h80 files=11 processed_entries=1271000000 valid_entries=1271000000 skipped_entries=0 skipped_files=0 current=/data/graal/pre_analisi/pre_analisi_2001_uv.root
PROGRESS: h80 files=11 processed_entries=1272000000 valid_entries=1272000000 skipped_entries=0 skipped_files=0 current=/data/graal/pre_analisi/pre_analisi_2001_uv.root
PROGRESS: h80 files=11 processed_entries=1273000000 valid_entries=1273000000 skipped_entries=0 skipped_files=0 current=/data/graal/pre_analisi/pre_analisi_2001_uv.root
PROGRESS: h80 files=11 processed_entries=1274000000 valid_entries=1274000000 skipped_entries=0 skipped_files=0 current=/data/graal/pre_analisi/pre_analisi_2001_uv.root
PROGRESS: h80 files=11 processed_entries=1275000000 valid_entries=1275000000 skipped_entries=0 skipped_files=0 current=/data/graal/pre_analisi/pre_analisi_2001_uv.root
PROGRESS: h80 files=11 processed_entries=1276000000 valid_entries=1276000000 skipped_entries=0 skipped_files=0 current=/data/graal/pre_analisi/pre_analisi_2001_uv.root
PROGRESS: h80 files=11 processed_entries=1277000000 valid_entries=1277000000 skipped_entries=0 skipped_files=0 current=/data/graal/pre_analisi/pre_analisi_2001_uv.root
PROGRESS: h80 files=11 processed_entries=1278000000 valid_entries=1278000000 skipped_entries=0 skipped_files=0 current=/data/graal/pre_analisi/pre_analisi_2001_uv.root
PROGRESS: h80 files=11 processed_entries=1279000000 valid_entries=1279000000 skipped_entries=0 skipped_files=0 current=/data/graal/pre_analisi/pre_analisi_2001_uv.root
PROGRESS: h80 files=11 processed_entries=1280000000 valid_entries=1280000000 skipped_entries=0 skipped_files=0 current=/data/graal/pre_analisi/pre_analisi_2001_uv.root
PROGRESS: h80 files=11 processed_entries=1281000000 valid_entries=1281000000 skipped_entries=0 skipped_files=0 current=/data/graal/pre_analisi/pre_analisi_2001_uv.root
PROGRESS: h80 files=11 processed_entries=1282000000 valid_entries=1282000000 skipped_entries=0 skipped_files=0 current=/data/graal/pre_analisi/pre_analisi_2001_uv.root
PROGRESS: h80 files=11 processed_entries=1283000000 valid_entries=1283000000 skipped_entries=0 skipped_files=0 current=/data/graal/pre_analisi/pre_analisi_2001_uv.root
PROGRESS: h80 files=11 processed_entries=1284000000 valid_entries=1284000000 skipped_entries=0 skipped_files=0 current=/data/graal/pre_analisi/pre_analisi_2001_uv.root
PROGRESS: h80 files=11 processed_entries=1285000000 valid_entries=1285000000 skipped_entries=0 skipped_files=0 current=/data/graal/pre_analisi/pre_analisi_2001_uv.root
PROGRESS: h80 files=11 processed_entries=1286000000 valid_entries=1286000000 skipped_entries=0 skipped_files=0 current=/data/graal/pre_analisi/pre_analisi_2001_uv.root
PROGRESS: h80 files=11 processed_entries=1287000000 valid_entries=1287000000 skipped_entries=0 skipped_files=0 current=/data/graal/pre_analisi/pre_analisi_2001_uv.root
PROGRESS: h80 files=11 processed_entries=1288000000 valid_entries=1288000000 skipped_entries=0 skipped_files=0 current=/data/graal/pre_analisi/pre_analisi_2001_uv.root
PROGRESS: h80 files=11 processed_entries=1289000000 valid_entries=1289000000 skipped_entries=0 skipped_files=0 current=/data/graal/pre_analisi/pre_analisi_2001_uv.root
PROGRESS: h80 files=11 processed_entries=1290000000 valid_entries=1290000000 skipped_entries=0 skipped_files=0 current=/data/graal/pre_analisi/pre_analisi_2001_uv.root
PROGRESS: h80 files=11 processed_entries=1291000000 valid_entries=1291000000 skipped_entries=0 skipped_files=0 current=/data/graal/pre_analisi/pre_analisi_2001_uv.root
PROGRESS: h80 files=11 processed_entries=1292000000 valid_entries=1292000000 skipped_entries=0 skipped_files=0 current=/data/graal/pre_analisi/pre_analisi_2001_uv.root
PROGRESS: h80 files=11 processed_entries=1293000000 valid_entries=1293000000 skipped_entries=0 skipped_files=0 current=/data/graal/pre_analisi/pre_analisi_2001_uv.root
PROGRESS: h80 files=11 processed_entries=1294000000 valid_entries=1294000000 skipped_entries=0 skipped_files=0 current=/data/graal/pre_analisi/pre_analisi_2001_uv.root
PROGRESS: h80 files=11 processed_entries=1295000000 valid_entries=1295000000 skipped_entries=0 skipped_files=0 current=/data/graal/pre_analisi/pre_analisi_2001_uv.root
PROGRESS: h80 files=11 processed_entries=1296000000 valid_entries=1296000000 skipped_entries=0 skipped_files=0 current=/data/graal/pre_analisi/pre_analisi_2001_uv.root
PROGRESS: h80 files=11 processed_entries=1297000000 valid_entries=1297000000 skipped_entries=0 skipped_files=0 current=/data/graal/pre_analisi/pre_analisi_2001_uv.root
PROGRESS: h80 files=11 processed_entries=1298000000 valid_entries=1298000000 skipped_entries=0 skipped_files=0 current=/data/graal/pre_analisi/pre_analisi_2001_uv.root
PROGRESS: h80 files=11 processed_entries=1299000000 valid_entries=1299000000 skipped_entries=0 skipped_files=0 current=/data/graal/pre_analisi/pre_analisi_2001_uv.root
PROGRESS: h80 files=11 processed_entries=1300000000 valid_entries=1300000000 skipped_entries=0 skipped_files=0 current=/data/graal/pre_analisi/pre_analisi_2001_uv.root
PROGRESS: h80 files=11 processed_entries=1301000000 valid_entries=1301000000 skipped_entries=0 skipped_files=0 current=/data/graal/pre_analisi/pre_analisi_2001_uv.root
PROGRESS: h80 files=11 processed_entries=1302000000 valid_entries=1302000000 skipped_entries=0 skipped_files=0 current=/data/graal/pre_analisi/pre_analisi_2001_uv.root
PROGRESS: h80 files=11 processed_entries=1303000000 valid_entries=1303000000 skipped_entries=0 skipped_files=0 current=/data/graal/pre_analisi/pre_analisi_2001_uv.root
PROGRESS: h80 files=11 processed_entries=1304000000 valid_entries=1304000000 skipped_entries=0 skipped_files=0 current=/data/graal/pre_analisi/pre_analisi_2001_uv.root
PROGRESS: h80 files=11 processed_entries=1305000000 valid_entries=1305000000 skipped_entries=0 skipped_files=0 current=/data/graal/pre_analisi/pre_analisi_2001_uv.root
PROGRESS: h80 files=11 processed_entries=1306000000 valid_entries=1306000000 skipped_entries=0 skipped_files=0 current=/data/graal/pre_analisi/pre_analisi_2001_uv.root
PROGRESS: h80 files=11 processed_entries=1307000000 valid_entries=1307000000 skipped_entries=0 skipped_files=0 current=/data/graal/pre_analisi/pre_analisi_2001_uv.root
PROGRESS: h80 files=11 processed_entries=1308000000 valid_entries=1308000000 skipped_entries=0 skipped_files=0 current=/data/graal/pre_analisi/pre_analisi_2001_uv.root
PROGRESS: h80 files=11 processed_entries=1309000000 valid_entries=1309000000 skipped_entries=0 skipped_files=0 current=/data/graal/pre_analisi/pre_analisi_2001_uv.root
PROGRESS: h80 files=11 processed_entries=1310000000 valid_entries=1310000000 skipped_entries=0 skipped_files=0 current=/data/graal/pre_analisi/pre_analisi_2001_uv.root
PROGRESS: h80 files=11 processed_entries=1311000000 valid_entries=1311000000 skipped_entries=0 skipped_files=0 current=/data/graal/pre_analisi/pre_analisi_2001_uv.root
PROGRESS: h80 files=11 processed_entries=1312000000 valid_entries=1312000000 skipped_entries=0 skipped_files=0 current=/data/graal/pre_analisi/pre_analisi_2001_uv.root
PROGRESS: h80 files=11 processed_entries=1313000000 valid_entries=1313000000 skipped_entries=0 skipped_files=0 current=/data/graal/pre_analisi/pre_analisi_2001_uv.root
PROGRESS: h80 files=11 processed_entries=1314000000 valid_entries=1314000000 skipped_entries=0 skipped_files=0 current=/data/graal/pre_analisi/pre_analisi_2001_uv.root
PROGRESS: h80 files=11 processed_entries=1315000000 valid_entries=1315000000 skipped_entries=0 skipped_files=0 current=/data/graal/pre_analisi/pre_analisi_2001_uv.root
PROGRESS: h80 files=11 processed_entries=1316000000 valid_entries=1316000000 skipped_entries=0 skipped_files=0 current=/data/graal/pre_analisi/pre_analisi_2001_uv.root
PROGRESS: h80 files=11 processed_entries=1317000000 valid_entries=1317000000 skipped_entries=0 skipped_files=0 current=/data/graal/pre_analisi/pre_analisi_2001_uv.root
PROGRESS: h80 files=11 processed_entries=1318000000 valid_entries=1318000000 skipped_entries=0 skipped_files=0 current=/data/graal/pre_analisi/pre_analisi_2001_uv.root
PROGRESS: h80 files=11 processed_entries=1319000000 valid_entries=1319000000 skipped_entries=0 skipped_files=0 current=/data/graal/pre_analisi/pre_analisi_2001_uv.root
PROGRESS: h80 files=11 processed_entries=1320000000 valid_entries=1320000000 skipped_entries=0 skipped_files=0 current=/data/graal/pre_analisi/pre_analisi_2001_uv.root
PROGRESS: h80 files=11 processed_entries=1321000000 valid_entries=1321000000 skipped_entries=0 skipped_files=0 current=/data/graal/pre_analisi/pre_analisi_2001_uv.root
PROGRESS: h80 files=11 processed_entries=1322000000 valid_entries=1322000000 skipped_entries=0 skipped_files=0 current=/data/graal/pre_analisi/pre_analisi_2001_uv.root
PROGRESS: h80 files=11 processed_entries=1323000000 valid_entries=1323000000 skipped_entries=0 skipped_files=0 current=/data/graal/pre_analisi/pre_analisi_2001_uv.root
PROGRESS: h80 files=11 processed_entries=1324000000 valid_entries=1324000000 skipped_entries=0 skipped_files=0 current=/data/graal/pre_analisi/pre_analisi_2001_uv.root
PROGRESS: h80 files=11 processed_entries=1325000000 valid_entries=1325000000 skipped_entries=0 skipped_files=0 current=/data/graal/pre_analisi/pre_analisi_2001_uv.root
PROGRESS: h80 files=11 processed_entries=1326000000 valid_entries=1326000000 skipped_entries=0 skipped_files=0 current=/data/graal/pre_analisi/pre_analisi_2001_uv.root
PROGRESS: h80 files=11 processed_entries=1327000000 valid_entries=1327000000 skipped_entries=0 skipped_files=0 current=/data/graal/pre_analisi/pre_analisi_2001_uv.root
PROGRESS: h80 files=11 processed_entries=1328000000 valid_entries=1328000000 skipped_entries=0 skipped_files=0 current=/data/graal/pre_analisi/pre_analisi_2001_uv.root
PROGRESS: h80 files=11 processed_entries=1329000000 valid_entries=1329000000 skipped_entries=0 skipped_files=0 current=/data/graal/pre_analisi/pre_analisi_2001_uv.root
PROGRESS: h80 files=11 processed_entries=1330000000 valid_entries=1330000000 skipped_entries=0 skipped_files=0 current=/data/graal/pre_analisi/pre_analisi_2001_uv.root
PROGRESS: h80 files=11 processed_entries=1331000000 valid_entries=1331000000 skipped_entries=0 skipped_files=0 current=/data/graal/pre_analisi/pre_analisi_2001_uv.root
PROGRESS: h80 files=11 processed_entries=1332000000 valid_entries=1332000000 skipped_entries=0 skipped_files=0 current=/data/graal/pre_analisi/pre_analisi_2001_uv.root
PROGRESS: h80 files=11 processed_entries=1333000000 valid_entries=1333000000 skipped_entries=0 skipped_files=0 current=/data/graal/pre_analisi/pre_analisi_2001_uv.root
PROGRESS: h80 files=11 processed_entries=1334000000 valid_entries=1334000000 skipped_entries=0 skipped_files=0 current=/data/graal/pre_analisi/pre_analisi_2001_uv.root
PROGRESS: h80 files=11 processed_entries=1335000000 valid_entries=1335000000 skipped_entries=0 skipped_files=0 current=/data/graal/pre_analisi/pre_analisi_2001_uv.root
PROGRESS: h80 files=11 processed_entries=1336000000 valid_entries=1336000000 skipped_entries=0 skipped_files=0 current=/data/graal/pre_analisi/pre_analisi_2001_uv.root
PROGRESS: h80 files=11 processed_entries=1337000000 valid_entries=1337000000 skipped_entries=0 skipped_files=0 current=/data/graal/pre_analisi/pre_analisi_2001_uv.root
PROGRESS: h80 files=11 processed_entries=1338000000 valid_entries=1338000000 skipped_entries=0 skipped_files=0 current=/data/graal/pre_analisi/pre_analisi_2001_uv.root
PROGRESS: h80 files=11 processed_entries=1339000000 valid_entries=1339000000 skipped_entries=0 skipped_files=0 current=/data/graal/pre_analisi/pre_analisi_2001_uv.root
PROGRESS: h80 files=11 processed_entries=1340000000 valid_entries=1340000000 skipped_entries=0 skipped_files=0 current=/data/graal/pre_analisi/pre_analisi_2001_uv.root
PROGRESS: h80 files=11 processed_entries=1341000000 valid_entries=1341000000 skipped_entries=0 skipped_files=0 current=/data/graal/pre_analisi/pre_analisi_2001_uv.root
PROGRESS: h80 files=11 processed_entries=1342000000 valid_entries=1342000000 skipped_entries=0 skipped_files=0 current=/data/graal/pre_analisi/pre_analisi_2001_uv.root
PROGRESS: h80 files=11 processed_entries=1343000000 valid_entries=1343000000 skipped_entries=0 skipped_files=0 current=/data/graal/pre_analisi/pre_analisi_2001_uv.root
PROGRESS: h80 files=11 processed_entries=1344000000 valid_entries=1344000000 skipped_entries=0 skipped_files=0 current=/data/graal/pre_analisi/pre_analisi_2001_uv.root
PROGRESS: h80 files=11 processed_entries=1345000000 valid_entries=1345000000 skipped_entries=0 skipped_files=0 current=/data/graal/pre_analisi/pre_analisi_2001_uv.root
PROGRESS: h80 files=11 processed_entries=1346000000 valid_entries=1346000000 skipped_entries=0 skipped_files=0 current=/data/graal/pre_analisi/pre_analisi_2001_uv.root
PROGRESS: h80 files=11 processed_entries=1347000000 valid_entries=1347000000 skipped_entries=0 skipped_files=0 current=/data/graal/pre_analisi/pre_analisi_2001_uv.root
PROGRESS: h80 files=11 processed_entries=1348000000 valid_entries=1348000000 skipped_entries=0 skipped_files=0 current=/data/graal/pre_analisi/pre_analisi_2001_uv.root
PROGRESS: h80 files=11 processed_entries=1349000000 valid_entries=1349000000 skipped_entries=0 skipped_files=0 current=/data/graal/pre_analisi/pre_analisi_2001_uv.root
PROGRESS: h80 files=11 processed_entries=1350000000 valid_entries=1350000000 skipped_entries=0 skipped_files=0 current=/data/graal/pre_analisi/pre_analisi_2001_uv.root
PROGRESS: h80 files=11 processed_entries=1351000000 valid_entries=1351000000 skipped_entries=0 skipped_files=0 current=/data/graal/pre_analisi/pre_analisi_2001_uv.root
PROGRESS: h80 files=11 processed_entries=1352000000 valid_entries=1352000000 skipped_entries=0 skipped_files=0 current=/data/graal/pre_analisi/pre_analisi_2001_uv.root
PROGRESS: h80 files=11 processed_entries=1353000000 valid_entries=1353000000 skipped_entries=0 skipped_files=0 current=/data/graal/pre_analisi/pre_analisi_2001_uv.root
PROGRESS: h80 files=11 processed_entries=1354000000 valid_entries=1354000000 skipped_entries=0 skipped_files=0 current=/data/graal/pre_analisi/pre_analisi_2001_uv.root
PROGRESS: h80 files=11 processed_entries=1355000000 valid_entries=1355000000 skipped_entries=0 skipped_files=0 current=/data/graal/pre_analisi/pre_analisi_2001_uv.root
PROGRESS: h80 files=11 processed_entries=1356000000 valid_entries=1356000000 skipped_entries=0 skipped_files=0 current=/data/graal/pre_analisi/pre_analisi_2001_uv.root
PROGRESS: h80 files=11 processed_entries=1357000000 valid_entries=1357000000 skipped_entries=0 skipped_files=0 current=/data/graal/pre_analisi/pre_analisi_2001_uv.root
PROGRESS: h80 files=11 processed_entries=1358000000 valid_entries=1358000000 skipped_entries=0 skipped_files=0 current=/data/graal/pre_analisi/pre_analisi_2001_uv.root
PROGRESS: h80 files=11 processed_entries=1359000000 valid_entries=1359000000 skipped_entries=0 skipped_files=0 current=/data/graal/pre_analisi/pre_analisi_2001_uv.root
PROGRESS: h80 files=11 processed_entries=1360000000 valid_entries=1360000000 skipped_entries=0 skipped_files=0 current=/data/graal/pre_analisi/pre_analisi_2001_uv.root
PROGRESS: h80 files=11 processed_entries=1361000000 valid_entries=1361000000 skipped_entries=0 skipped_files=0 current=/data/graal/pre_analisi/pre_analisi_2001_uv.root
PROGRESS: h80 files=11 processed_entries=1362000000 valid_entries=1362000000 skipped_entries=0 skipped_files=0 current=/data/graal/pre_analisi/pre_analisi_2001_uv.root
PROGRESS: h80 files=11 processed_entries=1363000000 valid_entries=1363000000 skipped_entries=0 skipped_files=0 current=/data/graal/pre_analisi/pre_analisi_2001_uv.root
PROGRESS: h80 files=11 processed_entries=1364000000 valid_entries=1364000000 skipped_entries=0 skipped_files=0 current=/data/graal/pre_analisi/pre_analisi_2001_uv.root
PROGRESS: h80 files=11 processed_entries=1365000000 valid_entries=1365000000 skipped_entries=0 skipped_files=0 current=/data/graal/pre_analisi/pre_analisi_2001_uv.root
PROGRESS: h80 files=11 processed_entries=1366000000 valid_entries=1366000000 skipped_entries=0 skipped_files=0 current=/data/graal/pre_analisi/pre_analisi_2001_uv.root
PROGRESS: h80 files=11 processed_entries=1367000000 valid_entries=1367000000 skipped_entries=0 skipped_files=0 current=/data/graal/pre_analisi/pre_analisi_2001_uv.root
PROGRESS: h80 files=11 processed_entries=1368000000 valid_entries=1368000000 skipped_entries=0 skipped_files=0 current=/data/graal/pre_analisi/pre_analisi_2001_uv.root
PROGRESS: h80 files=11 processed_entries=1369000000 valid_entries=1369000000 skipped_entries=0 skipped_files=0 current=/data/graal/pre_analisi/pre_analisi_2001_uv.root
PROGRESS: h80 files=11 processed_entries=1370000000 valid_entries=1370000000 skipped_entries=0 skipped_files=0 current=/data/graal/pre_analisi/pre_analisi_2001_uv.root
PROGRESS: h80 files=11 processed_entries=1371000000 valid_entries=1371000000 skipped_entries=0 skipped_files=0 current=/data/graal/pre_analisi/pre_analisi_2001_uv.root
PROGRESS: h80 files=11 processed_entries=1372000000 valid_entries=1372000000 skipped_entries=0 skipped_files=0 current=/data/graal/pre_analisi/pre_analisi_2001_uv.root
PROGRESS: h80 files=11 processed_entries=1373000000 valid_entries=1373000000 skipped_entries=0 skipped_files=0 current=/data/graal/pre_analisi/pre_analisi_2001_uv.root
PROGRESS: h80 files=11 processed_entries=1374000000 valid_entries=1374000000 skipped_entries=0 skipped_files=0 current=/data/graal/pre_analisi/pre_analisi_2001_uv.root
PROGRESS: h80 files=11 processed_entries=1375000000 valid_entries=1375000000 skipped_entries=0 skipped_files=0 current=/data/graal/pre_analisi/pre_analisi_2001_uv.root
PROGRESS: h80 files=11 processed_entries=1376000000 valid_entries=1376000000 skipped_entries=0 skipped_files=0 current=/data/graal/pre_analisi/pre_analisi_2001_uv.root
PROGRESS: h80 files=11 processed_entries=1377000000 valid_entries=1377000000 skipped_entries=0 skipped_files=0 current=/data/graal/pre_analisi/pre_analisi_2001_uv.root
PROGRESS: h80 files=11 processed_entries=1378000000 valid_entries=1378000000 skipped_entries=0 skipped_files=0 current=/data/graal/pre_analisi/pre_analisi_2001_uv.root
PROGRESS: h80 files=11 processed_entries=1379000000 valid_entries=1379000000 skipped_entries=0 skipped_files=0 current=/data/graal/pre_analisi/pre_analisi_2001_uv.root
PROGRESS: h80 files=11 processed_entries=1380000000 valid_entries=1380000000 skipped_entries=0 skipped_files=0 current=/data/graal/pre_analisi/pre_analisi_2001_uv.root
PROGRESS: h80 files=11 processed_entries=1381000000 valid_entries=1381000000 skipped_entries=0 skipped_files=0 current=/data/graal/pre_analisi/pre_analisi_2001_uv.root
PROGRESS: h80 files=11 processed_entries=1382000000 valid_entries=1382000000 skipped_entries=0 skipped_files=0 current=/data/graal/pre_analisi/pre_analisi_2001_uv.root
PROGRESS: h80 files=11 processed_entries=1383000000 valid_entries=1383000000 skipped_entries=0 skipped_files=0 current=/data/graal/pre_analisi/pre_analisi_2001_uv.root
PROGRESS: h80 files=11 processed_entries=1384000000 valid_entries=1384000000 skipped_entries=0 skipped_files=0 current=/data/graal/pre_analisi/pre_analisi_2001_uv.root
PROGRESS: h80 files=11 processed_entries=1385000000 valid_entries=1385000000 skipped_entries=0 skipped_files=0 current=/data/graal/pre_analisi/pre_analisi_2001_uv.root
PROGRESS: h80 files=11 processed_entries=1386000000 valid_entries=1386000000 skipped_entries=0 skipped_files=0 current=/data/graal/pre_analisi/pre_analisi_2001_uv.root
PROGRESS: h80 files=11 processed_entries=1387000000 valid_entries=1387000000 skipped_entries=0 skipped_files=0 current=/data/graal/pre_analisi/pre_analisi_2001_uv.root
PROGRESS: h80 files=11 processed_entries=1388000000 valid_entries=1388000000 skipped_entries=0 skipped_files=0 current=/data/graal/pre_analisi/pre_analisi_2001_uv.root
PROGRESS: h80 files=11 processed_entries=1389000000 valid_entries=1389000000 skipped_entries=0 skipped_files=0 current=/data/graal/pre_analisi/pre_analisi_2001_uv.root
PROGRESS: h80 files=11 processed_entries=1390000000 valid_entries=1390000000 skipped_entries=0 skipped_files=0 current=/data/graal/pre_analisi/pre_analisi_2001_uv.root
PROGRESS: h80 files=11 processed_entries=1391000000 valid_entries=1391000000 skipped_entries=0 skipped_files=0 current=/data/graal/pre_analisi/pre_analisi_2001_uv.root
PROGRESS: h80 files=11 processed_entries=1392000000 valid_entries=1392000000 skipped_entries=0 skipped_files=0 current=/data/graal/pre_analisi/pre_analisi_2001_uv.root
PROGRESS: h80 files=11 processed_entries=1393000000 valid_entries=1393000000 skipped_entries=0 skipped_files=0 current=/data/graal/pre_analisi/pre_analisi_2001_uv.root
PROGRESS: h80 files=11 processed_entries=1394000000 valid_entries=1394000000 skipped_entries=0 skipped_files=0 current=/data/graal/pre_analisi/pre_analisi_2001_uv.root
PROGRESS: h80 files=11 processed_entries=1395000000 valid_entries=1395000000 skipped_entries=0 skipped_files=0 current=/data/graal/pre_analisi/pre_analisi_2001_uv.root
PROGRESS: h80 files=11 processed_entries=1396000000 valid_entries=1396000000 skipped_entries=0 skipped_files=0 current=/data/graal/pre_analisi/pre_analisi_2001_uv.root
PROGRESS: h80 files=11 processed_entries=1397000000 valid_entries=1397000000 skipped_entries=0 skipped_files=0 current=/data/graal/pre_analisi/pre_analisi_2001_uv.root
PROGRESS: h80 files=11 processed_entries=1398000000 valid_entries=1398000000 skipped_entries=0 skipped_files=0 current=/data/graal/pre_analisi/pre_analisi_2001_uv.root
PROGRESS: h80 files=11 processed_entries=1399000000 valid_entries=1399000000 skipped_entries=0 skipped_files=0 current=/data/graal/pre_analisi/pre_analisi_2001_uv.root
PROGRESS: h80 files=11 processed_entries=1400000000 valid_entries=1400000000 skipped_entries=0 skipped_files=0 current=/data/graal/pre_analisi/pre_analisi_2001_uv.root
PROGRESS: h80 files=11 processed_entries=1401000000 valid_entries=1401000000 skipped_entries=0 skipped_files=0 current=/data/graal/pre_analisi/pre_analisi_2001_uv.root
PROGRESS: h80 files=11 processed_entries=1402000000 valid_entries=1402000000 skipped_entries=0 skipped_files=0 current=/data/graal/pre_analisi/pre_analisi_2001_uv.root
PROGRESS: h80 files=11 processed_entries=1403000000 valid_entries=1403000000 skipped_entries=0 skipped_files=0 current=/data/graal/pre_analisi/pre_analisi_2001_uv.root
PROGRESS: h80 files=11 processed_entries=1404000000 valid_entries=1404000000 skipped_entries=0 skipped_files=0 current=/data/graal/pre_analisi/pre_analisi_2001_uv.root
PROGRESS: h80 files=11 processed_entries=1405000000 valid_entries=1405000000 skipped_entries=0 skipped_files=0 current=/data/graal/pre_analisi/pre_analisi_2001_uv.root
PROGRESS: h80 files=11 processed_entries=1406000000 valid_entries=1406000000 skipped_entries=0 skipped_files=0 current=/data/graal/pre_analisi/pre_analisi_2001_uv.root
PROGRESS: h80 files=11 processed_entries=1407000000 valid_entries=1407000000 skipped_entries=0 skipped_files=0 current=/data/graal/pre_analisi/pre_analisi_2001_uv.root
PROGRESS: h80 files=11 processed_entries=1408000000 valid_entries=1408000000 skipped_entries=0 skipped_files=0 current=/data/graal/pre_analisi/pre_analisi_2001_uv.root
PROGRESS: h80 files=11 processed_entries=1409000000 valid_entries=1409000000 skipped_entries=0 skipped_files=0 current=/data/graal/pre_analisi/pre_analisi_2001_uv.root
PROGRESS: h80 files=11 processed_entries=1410000000 valid_entries=1410000000 skipped_entries=0 skipped_files=0 current=/data/graal/pre_analisi/pre_analisi_2001_uv.root
PROGRESS: h80 files=11 processed_entries=1411000000 valid_entries=1411000000 skipped_entries=0 skipped_files=0 current=/data/graal/pre_analisi/pre_analisi_2001_uv.root
PROGRESS: h80 files=11 processed_entries=1412000000 valid_entries=1412000000 skipped_entries=0 skipped_files=0 current=/data/graal/pre_analisi/pre_analisi_2001_uv.root
PROGRESS: h80 files=11 processed_entries=1413000000 valid_entries=1413000000 skipped_entries=0 skipped_files=0 current=/data/graal/pre_analisi/pre_analisi_2001_uv.root
PROGRESS: h80 files=11 processed_entries=1414000000 valid_entries=1414000000 skipped_entries=0 skipped_files=0 current=/data/graal/pre_analisi/pre_analisi_2001_uv.root
PROGRESS: h80 files=11 processed_entries=1415000000 valid_entries=1415000000 skipped_entries=0 skipped_files=0 current=/data/graal/pre_analisi/pre_analisi_2001_uv.root
PROGRESS: h80 files=11 processed_entries=1416000000 valid_entries=1416000000 skipped_entries=0 skipped_files=0 current=/data/graal/pre_analisi/pre_analisi_2001_uv.root
PROGRESS: h80 files=11 processed_entries=1417000000 valid_entries=1417000000 skipped_entries=0 skipped_files=0 current=/data/graal/pre_analisi/pre_analisi_2001_uv.root
PROGRESS: h80 files=11 processed_entries=1418000000 valid_entries=1418000000 skipped_entries=0 skipped_files=0 current=/data/graal/pre_analisi/pre_analisi_2001_uv.root
PROGRESS: h80 files=11 processed_entries=1419000000 valid_entries=1419000000 skipped_entries=0 skipped_files=0 current=/data/graal/pre_analisi/pre_analisi_2001_uv.root
PROGRESS: h80 files=11 processed_entries=1420000000 valid_entries=1420000000 skipped_entries=0 skipped_files=0 current=/data/graal/pre_analisi/pre_analisi_2001_uv.root
PROGRESS: h80 files=11 processed_entries=1421000000 valid_entries=1421000000 skipped_entries=0 skipped_files=0 current=/data/graal/pre_analisi/pre_analisi_2001_uv.root
PROGRESS: h80 files=11 processed_entries=1422000000 valid_entries=1422000000 skipped_entries=0 skipped_files=0 current=/data/graal/pre_analisi/pre_analisi_2001_uv.root
PROGRESS: h80 files=11 processed_entries=1423000000 valid_entries=1423000000 skipped_entries=0 skipped_files=0 current=/data/graal/pre_analisi/pre_analisi_2001_uv.root
PROGRESS: h80 files=11 processed_entries=1424000000 valid_entries=1424000000 skipped_entries=0 skipped_files=0 current=/data/graal/pre_analisi/pre_analisi_2001_uv.root
PROGRESS: h80 files=11 processed_entries=1425000000 valid_entries=1425000000 skipped_entries=0 skipped_files=0 current=/data/graal/pre_analisi/pre_analisi_2001_uv.root
PROGRESS: h80 files=11 processed_entries=1426000000 valid_entries=1426000000 skipped_entries=0 skipped_files=0 current=/data/graal/pre_analisi/pre_analisi_2001_uv.root
PROGRESS: h80 files=11 processed_entries=1427000000 valid_entries=1427000000 skipped_entries=0 skipped_files=0 current=/data/graal/pre_analisi/pre_analisi_2001_uv.root
PROGRESS: h80 files=11 processed_entries=1428000000 valid_entries=1428000000 skipped_entries=0 skipped_files=0 current=/data/graal/pre_analisi/pre_analisi_2001_uv.root
PROGRESS: h80 files=11 processed_entries=1429000000 valid_entries=1429000000 skipped_entries=0 skipped_files=0 current=/data/graal/pre_analisi/pre_analisi_2001_uv.root
PROGRESS: h80 files=11 processed_entries=1430000000 valid_entries=1430000000 skipped_entries=0 skipped_files=0 current=/data/graal/pre_analisi/pre_analisi_2001_uv.root
PROGRESS: h80 files=11 processed_entries=1431000000 valid_entries=1431000000 skipped_entries=0 skipped_files=0 current=/data/graal/pre_analisi/pre_analisi_2001_uv.root
PROGRESS: h80 files=11 processed_entries=1432000000 valid_entries=1432000000 skipped_entries=0 skipped_files=0 current=/data/graal/pre_analisi/pre_analisi_2001_uv.root
PROGRESS: h80 files=11 processed_entries=1433000000 valid_entries=1433000000 skipped_entries=0 skipped_files=0 current=/data/graal/pre_analisi/pre_analisi_2001_uv.root
PROGRESS: h80 files=11 processed_entries=1434000000 valid_entries=1434000000 skipped_entries=0 skipped_files=0 current=/data/graal/pre_analisi/pre_analisi_2001_uv.root
PROGRESS: h80 files=11 processed_entries=1435000000 valid_entries=1435000000 skipped_entries=0 skipped_files=0 current=/data/graal/pre_analisi/pre_analisi_2001_uv.root
PROGRESS: h80 files=11 processed_entries=1436000000 valid_entries=1436000000 skipped_entries=0 skipped_files=0 current=/data/graal/pre_analisi/pre_analisi_2001_uv.root
PROGRESS: h80 files=11 processed_entries=1437000000 valid_entries=1437000000 skipped_entries=0 skipped_files=0 current=/data/graal/pre_analisi/pre_analisi_2001_uv.root
PROGRESS: h80 files=11 processed_entries=1438000000 valid_entries=1438000000 skipped_entries=0 skipped_files=0 current=/data/graal/pre_analisi/pre_analisi_2001_uv.root
PROGRESS: h80 files=11 processed_entries=1439000000 valid_entries=1439000000 skipped_entries=0 skipped_files=0 current=/data/graal/pre_analisi/pre_analisi_2001_uv.root
PROGRESS: h80 files=11 processed_entries=1440000000 valid_entries=1440000000 skipped_entries=0 skipped_files=0 current=/data/graal/pre_analisi/pre_analisi_2001_uv.root
PROGRESS: h80 files=11 processed_entries=1441000000 valid_entries=1441000000 skipped_entries=0 skipped_files=0 current=/data/graal/pre_analisi/pre_analisi_2001_uv.root
PROGRESS: h80 files=11 processed_entries=1442000000 valid_entries=1442000000 skipped_entries=0 skipped_files=0 current=/data/graal/pre_analisi/pre_analisi_2001_uv.root
PROGRESS: h80 files=11 processed_entries=1443000000 valid_entries=1443000000 skipped_entries=0 skipped_files=0 current=/data/graal/pre_analisi/pre_analisi_2001_uv.root
PROGRESS: h80 files=11 processed_entries=1444000000 valid_entries=1444000000 skipped_entries=0 skipped_files=0 current=/data/graal/pre_analisi/pre_analisi_2001_uv.root
PROGRESS: h80 files=11 processed_entries=1445000000 valid_entries=1445000000 skipped_entries=0 skipped_files=0 current=/data/graal/pre_analisi/pre_analisi_2001_uv.root
PROGRESS: h80 files=11 processed_entries=1446000000 valid_entries=1446000000 skipped_entries=0 skipped_files=0 current=/data/graal/pre_analisi/pre_analisi_2001_uv.root
PROGRESS: h80 files=11 processed_entries=1447000000 valid_entries=1447000000 skipped_entries=0 skipped_files=0 current=/data/graal/pre_analisi/pre_analisi_2001_uv.root
PROGRESS: h80 files=11 processed_entries=1448000000 valid_entries=1448000000 skipped_entries=0 skipped_files=0 current=/data/graal/pre_analisi/pre_analisi_2001_uv.root
PROGRESS: h80 files=11 processed_entries=1449000000 valid_entries=1449000000 skipped_entries=0 skipped_files=0 current=/data/graal/pre_analisi/pre_analisi_2001_uv.root
PROGRESS: h80 files=11 processed_entries=1450000000 valid_entries=1450000000 skipped_entries=0 skipped_files=0 current=/data/graal/pre_analisi/pre_analisi_2001_uv.root
PROGRESS: h80 files=11 processed_entries=1451000000 valid_entries=1451000000 skipped_entries=0 skipped_files=0 current=/data/graal/pre_analisi/pre_analisi_2001_uv.root
PROGRESS: h80 files=11 processed_entries=1452000000 valid_entries=1452000000 skipped_entries=0 skipped_files=0 current=/data/graal/pre_analisi/pre_analisi_2001_uv.root
PROGRESS: h80 files=11 processed_entries=1453000000 valid_entries=1453000000 skipped_entries=0 skipped_files=0 current=/data/graal/pre_analisi/pre_analisi_2001_uv.root
PROGRESS: h80 files=11 processed_entries=1454000000 valid_entries=1454000000 skipped_entries=0 skipped_files=0 current=/data/graal/pre_analisi/pre_analisi_2001_uv.root
PROGRESS: h80 files=11 processed_entries=1455000000 valid_entries=1455000000 skipped_entries=0 skipped_files=0 current=/data/graal/pre_analisi/pre_analisi_2001_uv.root
PROGRESS: h80 files=11 processed_entries=1456000000 valid_entries=1456000000 skipped_entries=0 skipped_files=0 current=/data/graal/pre_analisi/pre_analisi_2001_uv.root
PROGRESS: h80 files=11 processed_entries=1457000000 valid_entries=1457000000 skipped_entries=0 skipped_files=0 current=/data/graal/pre_analisi/pre_analisi_2001_uv.root
PROGRESS: h80 files=11 processed_entries=1458000000 valid_entries=1458000000 skipped_entries=0 skipped_files=0 current=/data/graal/pre_analisi/pre_analisi_2001_uv.root
PROGRESS: h80 files=11 processed_entries=1459000000 valid_entries=1459000000 skipped_entries=0 skipped_files=0 current=/data/graal/pre_analisi/pre_analisi_2001_uv.root
PROGRESS: h80 files=11 processed_entries=1460000000 valid_entries=1460000000 skipped_entries=0 skipped_files=0 current=/data/graal/pre_analisi/pre_analisi_2001_uv.root
PROGRESS: h80 files=11 processed_entries=1461000000 valid_entries=1461000000 skipped_entries=0 skipped_files=0 current=/data/graal/pre_analisi/pre_analisi_2001_uv.root
PROGRESS: h80 files=11 processed_entries=1462000000 valid_entries=1462000000 skipped_entries=0 skipped_files=0 current=/data/graal/pre_analisi/pre_analisi_2001_uv.root
PROGRESS: h80 files=11 processed_entries=1463000000 valid_entries=1463000000 skipped_entries=0 skipped_files=0 current=/data/graal/pre_analisi/pre_analisi_2001_uv.root
PROGRESS: h80 files=11 processed_entries=1464000000 valid_entries=1464000000 skipped_entries=0 skipped_files=0 current=/data/graal/pre_analisi/pre_analisi_2001_uv.root
PROGRESS: h80 files=11 processed_entries=1465000000 valid_entries=1465000000 skipped_entries=0 skipped_files=0 current=/data/graal/pre_analisi/pre_analisi_2001_uv.root
PROGRESS: h80 files=11 processed_entries=1466000000 valid_entries=1466000000 skipped_entries=0 skipped_files=0 current=/data/graal/pre_analisi/pre_analisi_2001_uv.root
PROGRESS: h80 files=11 processed_entries=1467000000 valid_entries=1467000000 skipped_entries=0 skipped_files=0 current=/data/graal/pre_analisi/pre_analisi_2001_uv.root
PROGRESS: h80 files=11 processed_entries=1468000000 valid_entries=1468000000 skipped_entries=0 skipped_files=0 current=/data/graal/pre_analisi/pre_analisi_2001_uv.root
PROGRESS: h80 files=11 processed_entries=1469000000 valid_entries=1469000000 skipped_entries=0 skipped_files=0 current=/data/graal/pre_analisi/pre_analisi_2001_uv.root
PROGRESS: h80 files=11 processed_entries=1470000000 valid_entries=1470000000 skipped_entries=0 skipped_files=0 current=/data/graal/pre_analisi/pre_analisi_2001_uv.root
PROGRESS: h80 files=11 processed_entries=1471000000 valid_entries=1471000000 skipped_entries=0 skipped_files=0 current=/data/graal/pre_analisi/pre_analisi_2001_uv.root
PROGRESS: h80 files=11 processed_entries=1472000000 valid_entries=1472000000 skipped_entries=0 skipped_files=0 current=/data/graal/pre_analisi/pre_analisi_2001_uv.root
PROGRESS: h80 files=11 processed_entries=1473000000 valid_entries=1473000000 skipped_entries=0 skipped_files=0 current=/data/graal/pre_analisi/pre_analisi_2001_uv.root
PROGRESS: h80 files=11 processed_entries=1474000000 valid_entries=1474000000 skipped_entries=0 skipped_files=0 current=/data/graal/pre_analisi/pre_analisi_2001_uv.root
PROGRESS: h80 files=11 processed_entries=1475000000 valid_entries=1475000000 skipped_entries=0 skipped_files=0 current=/data/graal/pre_analisi/pre_analisi_2001_uv.root
PROGRESS: h80 files=11 processed_entries=1476000000 valid_entries=1476000000 skipped_entries=0 skipped_files=0 current=/data/graal/pre_analisi/pre_analisi_2001_uv.root
PROGRESS: h80 files=11 processed_entries=1477000000 valid_entries=1477000000 skipped_entries=0 skipped_files=0 current=/data/graal/pre_analisi/pre_analisi_2001_uv.root
PROGRESS: h80 files=11 processed_entries=1478000000 valid_entries=1478000000 skipped_entries=0 skipped_files=0 current=/data/graal/pre_analisi/pre_analisi_2001_uv.root
PROGRESS: h80 files=11 processed_entries=1479000000 valid_entries=1479000000 skipped_entries=0 skipped_files=0 current=/data/graal/pre_analisi/pre_analisi_2001_uv.root
PROGRESS: h80 files=11 processed_entries=1480000000 valid_entries=1480000000 skipped_entries=0 skipped_files=0 current=/data/graal/pre_analisi/pre_analisi_2001_uv.root
PROGRESS: h80 files=11 processed_entries=1481000000 valid_entries=1481000000 skipped_entries=0 skipped_files=0 current=/data/graal/pre_analisi/pre_analisi_2001_uv.root
PROGRESS: h80 files=11 processed_entries=1481603544 valid_entries=1481603544 skipped_entries=0 skipped_files=0 completed=/data/graal/pre_analisi/pre_analisi_2001_uv.root
PROGRESS: h80 files=12 processed_entries=1482000000 valid_entries=1482000000 skipped_entries=0 skipped_files=0 current=/data/graal/pre_analisi/pre_analisi_2002_d1.root
PROGRESS: h80 files=12 processed_entries=1483000000 valid_entries=1483000000 skipped_entries=0 skipped_files=0 current=/data/graal/pre_analisi/pre_analisi_2002_d1.root
PROGRESS: h80 files=12 processed_entries=1484000000 valid_entries=1484000000 skipped_entries=0 skipped_files=0 current=/data/graal/pre_analisi/pre_analisi_2002_d1.root
PROGRESS: h80 files=12 processed_entries=1485000000 valid_entries=1485000000 skipped_entries=0 skipped_files=0 current=/data/graal/pre_analisi/pre_analisi_2002_d1.root
PROGRESS: h80 files=12 processed_entries=1486000000 valid_entries=1486000000 skipped_entries=0 skipped_files=0 current=/data/graal/pre_analisi/pre_analisi_2002_d1.root
PROGRESS: h80 files=12 processed_entries=1487000000 valid_entries=1487000000 skipped_entries=0 skipped_files=0 current=/data/graal/pre_analisi/pre_analisi_2002_d1.root
PROGRESS: h80 files=12 processed_entries=1488000000 valid_entries=1488000000 skipped_entries=0 skipped_files=0 current=/data/graal/pre_analisi/pre_analisi_2002_d1.root
PROGRESS: h80 files=12 processed_entries=1489000000 valid_entries=1489000000 skipped_entries=0 skipped_files=0 current=/data/graal/pre_analisi/pre_analisi_2002_d1.root
PROGRESS: h80 files=12 processed_entries=1490000000 valid_entries=1490000000 skipped_entries=0 skipped_files=0 current=/data/graal/pre_analisi/pre_analisi_2002_d1.root
PROGRESS: h80 files=12 processed_entries=1491000000 valid_entries=1491000000 skipped_entries=0 skipped_files=0 current=/data/graal/pre_analisi/pre_analisi_2002_d1.root
PROGRESS: h80 files=12 processed_entries=1492000000 valid_entries=1492000000 skipped_entries=0 skipped_files=0 current=/data/graal/pre_analisi/pre_analisi_2002_d1.root
PROGRESS: h80 files=12 processed_entries=1493000000 valid_entries=1493000000 skipped_entries=0 skipped_files=0 current=/data/graal/pre_analisi/pre_analisi_2002_d1.root
PROGRESS: h80 files=12 processed_entries=1494000000 valid_entries=1494000000 skipped_entries=0 skipped_files=0 current=/data/graal/pre_analisi/pre_analisi_2002_d1.root
PROGRESS: h80 files=12 processed_entries=1495000000 valid_entries=1495000000 skipped_entries=0 skipped_files=0 current=/data/graal/pre_analisi/pre_analisi_2002_d1.root
PROGRESS: h80 files=12 processed_entries=1496000000 valid_entries=1496000000 skipped_entries=0 skipped_files=0 current=/data/graal/pre_analisi/pre_analisi_2002_d1.root
PROGRESS: h80 files=12 processed_entries=1497000000 valid_entries=1497000000 skipped_entries=0 skipped_files=0 current=/data/graal/pre_analisi/pre_analisi_2002_d1.root
PROGRESS: h80 files=12 processed_entries=1498000000 valid_entries=1498000000 skipped_entries=0 skipped_files=0 current=/data/graal/pre_analisi/pre_analisi_2002_d1.root
PROGRESS: h80 files=12 processed_entries=1499000000 valid_entries=1499000000 skipped_entries=0 skipped_files=0 current=/data/graal/pre_analisi/pre_analisi_2002_d1.root
PROGRESS: h80 files=12 processed_entries=1500000000 valid_entries=1500000000 skipped_entries=0 skipped_files=0 current=/data/graal/pre_analisi/pre_analisi_2002_d1.root
PROGRESS: h80 files=12 processed_entries=1501000000 valid_entries=1501000000 skipped_entries=0 skipped_files=0 current=/data/graal/pre_analisi/pre_analisi_2002_d1.root
PROGRESS: h80 files=12 processed_entries=1502000000 valid_entries=1502000000 skipped_entries=0 skipped_files=0 current=/data/graal/pre_analisi/pre_analisi_2002_d1.root
PROGRESS: h80 files=12 processed_entries=1503000000 valid_entries=1503000000 skipped_entries=0 skipped_files=0 current=/data/graal/pre_analisi/pre_analisi_2002_d1.root
PROGRESS: h80 files=12 processed_entries=1504000000 valid_entries=1504000000 skipped_entries=0 skipped_files=0 current=/data/graal/pre_analisi/pre_analisi_2002_d1.root
PROGRESS: h80 files=12 processed_entries=1505000000 valid_entries=1505000000 skipped_entries=0 skipped_files=0 current=/data/graal/pre_analisi/pre_analisi_2002_d1.root
PROGRESS: h80 files=12 processed_entries=1506000000 valid_entries=1506000000 skipped_entries=0 skipped_files=0 current=/data/graal/pre_analisi/pre_analisi_2002_d1.root
PROGRESS: h80 files=12 processed_entries=1507000000 valid_entries=1507000000 skipped_entries=0 skipped_files=0 current=/data/graal/pre_analisi/pre_analisi_2002_d1.root
PROGRESS: h80 files=12 processed_entries=1508000000 valid_entries=1508000000 skipped_entries=0 skipped_files=0 current=/data/graal/pre_analisi/pre_analisi_2002_d1.root
PROGRESS: h80 files=12 processed_entries=1509000000 valid_entries=1509000000 skipped_entries=0 skipped_files=0 current=/data/graal/pre_analisi/pre_analisi_2002_d1.root
PROGRESS: h80 files=12 processed_entries=1510000000 valid_entries=1510000000 skipped_entries=0 skipped_files=0 current=/data/graal/pre_analisi/pre_analisi_2002_d1.root
PROGRESS: h80 files=12 processed_entries=1511000000 valid_entries=1511000000 skipped_entries=0 skipped_files=0 current=/data/graal/pre_analisi/pre_analisi_2002_d1.root
PROGRESS: h80 files=12 processed_entries=1512000000 valid_entries=1512000000 skipped_entries=0 skipped_files=0 current=/data/graal/pre_analisi/pre_analisi_2002_d1.root
PROGRESS: h80 files=12 processed_entries=1513000000 valid_entries=1513000000 skipped_entries=0 skipped_files=0 current=/data/graal/pre_analisi/pre_analisi_2002_d1.root
PROGRESS: h80 files=12 processed_entries=1514000000 valid_entries=1514000000 skipped_entries=0 skipped_files=0 current=/data/graal/pre_analisi/pre_analisi_2002_d1.root
PROGRESS: h80 files=12 processed_entries=1515000000 valid_entries=1515000000 skipped_entries=0 skipped_files=0 current=/data/graal/pre_analisi/pre_analisi_2002_d1.root
PROGRESS: h80 files=12 processed_entries=1516000000 valid_entries=1516000000 skipped_entries=0 skipped_files=0 current=/data/graal/pre_analisi/pre_analisi_2002_d1.root
PROGRESS: h80 files=12 processed_entries=1517000000 valid_entries=1517000000 skipped_entries=0 skipped_files=0 current=/data/graal/pre_analisi/pre_analisi_2002_d1.root
PROGRESS: h80 files=12 processed_entries=1518000000 valid_entries=1518000000 skipped_entries=0 skipped_files=0 current=/data/graal/pre_analisi/pre_analisi_2002_d1.root
PROGRESS: h80 files=12 processed_entries=1519000000 valid_entries=1519000000 skipped_entries=0 skipped_files=0 current=/data/graal/pre_analisi/pre_analisi_2002_d1.root
PROGRESS: h80 files=12 processed_entries=1520000000 valid_entries=1520000000 skipped_entries=0 skipped_files=0 current=/data/graal/pre_analisi/pre_analisi_2002_d1.root
PROGRESS: h80 files=12 processed_entries=1521000000 valid_entries=1521000000 skipped_entries=0 skipped_files=0 current=/data/graal/pre_analisi/pre_analisi_2002_d1.root
PROGRESS: h80 files=12 processed_entries=1522000000 valid_entries=1522000000 skipped_entries=0 skipped_files=0 current=/data/graal/pre_analisi/pre_analisi_2002_d1.root
PROGRESS: h80 files=12 processed_entries=1523000000 valid_entries=1523000000 skipped_entries=0 skipped_files=0 current=/data/graal/pre_analisi/pre_analisi_2002_d1.root
PROGRESS: h80 files=12 processed_entries=1524000000 valid_entries=1524000000 skipped_entries=0 skipped_files=0 current=/data/graal/pre_analisi/pre_analisi_2002_d1.root
PROGRESS: h80 files=12 processed_entries=1525000000 valid_entries=1525000000 skipped_entries=0 skipped_files=0 current=/data/graal/pre_analisi/pre_analisi_2002_d1.root
PROGRESS: h80 files=12 processed_entries=1526000000 valid_entries=1526000000 skipped_entries=0 skipped_files=0 current=/data/graal/pre_analisi/pre_analisi_2002_d1.root
PROGRESS: h80 files=12 processed_entries=1527000000 valid_entries=1527000000 skipped_entries=0 skipped_files=0 current=/data/graal/pre_analisi/pre_analisi_2002_d1.root
PROGRESS: h80 files=12 processed_entries=1528000000 valid_entries=1528000000 skipped_entries=0 skipped_files=0 current=/data/graal/pre_analisi/pre_analisi_2002_d1.root
PROGRESS: h80 files=12 processed_entries=1529000000 valid_entries=1529000000 skipped_entries=0 skipped_files=0 current=/data/graal/pre_analisi/pre_analisi_2002_d1.root
PROGRESS: h80 files=12 processed_entries=1530000000 valid_entries=1530000000 skipped_entries=0 skipped_files=0 current=/data/graal/pre_analisi/pre_analisi_2002_d1.root
PROGRESS: h80 files=12 processed_entries=1531000000 valid_entries=1531000000 skipped_entries=0 skipped_files=0 current=/data/graal/pre_analisi/pre_analisi_2002_d1.root
PROGRESS: h80 files=12 processed_entries=1532000000 valid_entries=1532000000 skipped_entries=0 skipped_files=0 current=/data/graal/pre_analisi/pre_analisi_2002_d1.root
PROGRESS: h80 files=12 processed_entries=1533000000 valid_entries=1533000000 skipped_entries=0 skipped_files=0 current=/data/graal/pre_analisi/pre_analisi_2002_d1.root
PROGRESS: h80 files=12 processed_entries=1534000000 valid_entries=1534000000 skipped_entries=0 skipped_files=0 current=/data/graal/pre_analisi/pre_analisi_2002_d1.root
PROGRESS: h80 files=12 processed_entries=1535000000 valid_entries=1535000000 skipped_entries=0 skipped_files=0 current=/data/graal/pre_analisi/pre_analisi_2002_d1.root
PROGRESS: h80 files=12 processed_entries=1536000000 valid_entries=1536000000 skipped_entries=0 skipped_files=0 current=/data/graal/pre_analisi/pre_analisi_2002_d1.root
PROGRESS: h80 files=12 processed_entries=1537000000 valid_entries=1537000000 skipped_entries=0 skipped_files=0 current=/data/graal/pre_analisi/pre_analisi_2002_d1.root
PROGRESS: h80 files=12 processed_entries=1538000000 valid_entries=1538000000 skipped_entries=0 skipped_files=0 current=/data/graal/pre_analisi/pre_analisi_2002_d1.root
PROGRESS: h80 files=12 processed_entries=1539000000 valid_entries=1539000000 skipped_entries=0 skipped_files=0 current=/data/graal/pre_analisi/pre_analisi_2002_d1.root
PROGRESS: h80 files=12 processed_entries=1540000000 valid_entries=1540000000 skipped_entries=0 skipped_files=0 current=/data/graal/pre_analisi/pre_analisi_2002_d1.root
PROGRESS: h80 files=12 processed_entries=1541000000 valid_entries=1541000000 skipped_entries=0 skipped_files=0 current=/data/graal/pre_analisi/pre_analisi_2002_d1.root
PROGRESS: h80 files=12 processed_entries=1542000000 valid_entries=1542000000 skipped_entries=0 skipped_files=0 current=/data/graal/pre_analisi/pre_analisi_2002_d1.root
PROGRESS: h80 files=12 processed_entries=1543000000 valid_entries=1543000000 skipped_entries=0 skipped_files=0 current=/data/graal/pre_analisi/pre_analisi_2002_d1.root
PROGRESS: h80 files=12 processed_entries=1544000000 valid_entries=1544000000 skipped_entries=0 skipped_files=0 current=/data/graal/pre_analisi/pre_analisi_2002_d1.root
PROGRESS: h80 files=12 processed_entries=1545000000 valid_entries=1545000000 skipped_entries=0 skipped_files=0 current=/data/graal/pre_analisi/pre_analisi_2002_d1.root
PROGRESS: h80 files=12 processed_entries=1546000000 valid_entries=1546000000 skipped_entries=0 skipped_files=0 current=/data/graal/pre_analisi/pre_analisi_2002_d1.root
PROGRESS: h80 files=12 processed_entries=1547000000 valid_entries=1547000000 skipped_entries=0 skipped_files=0 current=/data/graal/pre_analisi/pre_analisi_2002_d1.root
PROGRESS: h80 files=12 processed_entries=1548000000 valid_entries=1548000000 skipped_entries=0 skipped_files=0 current=/data/graal/pre_analisi/pre_analisi_2002_d1.root
PROGRESS: h80 files=12 processed_entries=1549000000 valid_entries=1549000000 skipped_entries=0 skipped_files=0 current=/data/graal/pre_analisi/pre_analisi_2002_d1.root
PROGRESS: h80 files=12 processed_entries=1550000000 valid_entries=1550000000 skipped_entries=0 skipped_files=0 current=/data/graal/pre_analisi/pre_analisi_2002_d1.root
PROGRESS: h80 files=12 processed_entries=1551000000 valid_entries=1551000000 skipped_entries=0 skipped_files=0 current=/data/graal/pre_analisi/pre_analisi_2002_d1.root
PROGRESS: h80 files=12 processed_entries=1552000000 valid_entries=1552000000 skipped_entries=0 skipped_files=0 current=/data/graal/pre_analisi/pre_analisi_2002_d1.root
PROGRESS: h80 files=12 processed_entries=1553000000 valid_entries=1553000000 skipped_entries=0 skipped_files=0 current=/data/graal/pre_analisi/pre_analisi_2002_d1.root
PROGRESS: h80 files=12 processed_entries=1554000000 valid_entries=1554000000 skipped_entries=0 skipped_files=0 current=/data/graal/pre_analisi/pre_analisi_2002_d1.root
PROGRESS: h80 files=12 processed_entries=1555000000 valid_entries=1555000000 skipped_entries=0 skipped_files=0 current=/data/graal/pre_analisi/pre_analisi_2002_d1.root
PROGRESS: h80 files=12 processed_entries=1556000000 valid_entries=1556000000 skipped_entries=0 skipped_files=0 current=/data/graal/pre_analisi/pre_analisi_2002_d1.root
PROGRESS: h80 files=12 processed_entries=1557000000 valid_entries=1557000000 skipped_entries=0 skipped_files=0 current=/data/graal/pre_analisi/pre_analisi_2002_d1.root
PROGRESS: h80 files=12 processed_entries=1558000000 valid_entries=1558000000 skipped_entries=0 skipped_files=0 current=/data/graal/pre_analisi/pre_analisi_2002_d1.root
PROGRESS: h80 files=12 processed_entries=1559000000 valid_entries=1559000000 skipped_entries=0 skipped_files=0 current=/data/graal/pre_analisi/pre_analisi_2002_d1.root
PROGRESS: h80 files=12 processed_entries=1560000000 valid_entries=1560000000 skipped_entries=0 skipped_files=0 current=/data/graal/pre_analisi/pre_analisi_2002_d1.root
PROGRESS: h80 files=12 processed_entries=1561000000 valid_entries=1561000000 skipped_entries=0 skipped_files=0 current=/data/graal/pre_analisi/pre_analisi_2002_d1.root
PROGRESS: h80 files=12 processed_entries=1562000000 valid_entries=1562000000 skipped_entries=0 skipped_files=0 current=/data/graal/pre_analisi/pre_analisi_2002_d1.root
PROGRESS: h80 files=12 processed_entries=1563000000 valid_entries=1563000000 skipped_entries=0 skipped_files=0 current=/data/graal/pre_analisi/pre_analisi_2002_d1.root
PROGRESS: h80 files=12 processed_entries=1564000000 valid_entries=1564000000 skipped_entries=0 skipped_files=0 current=/data/graal/pre_analisi/pre_analisi_2002_d1.root
PROGRESS: h80 files=12 processed_entries=1565000000 valid_entries=1565000000 skipped_entries=0 skipped_files=0 current=/data/graal/pre_analisi/pre_analisi_2002_d1.root
PROGRESS: h80 files=12 processed_entries=1566000000 valid_entries=1566000000 skipped_entries=0 skipped_files=0 current=/data/graal/pre_analisi/pre_analisi_2002_d1.root
PROGRESS: h80 files=12 processed_entries=1567000000 valid_entries=1567000000 skipped_entries=0 skipped_files=0 current=/data/graal/pre_analisi/pre_analisi_2002_d1.root
PROGRESS: h80 files=12 processed_entries=1568000000 valid_entries=1568000000 skipped_entries=0 skipped_files=0 current=/data/graal/pre_analisi/pre_analisi_2002_d1.root
PROGRESS: h80 files=12 processed_entries=1569000000 valid_entries=1569000000 skipped_entries=0 skipped_files=0 current=/data/graal/pre_analisi/pre_analisi_2002_d1.root
PROGRESS: h80 files=12 processed_entries=1570000000 valid_entries=1570000000 skipped_entries=0 skipped_files=0 current=/data/graal/pre_analisi/pre_analisi_2002_d1.root
PROGRESS: h80 files=12 processed_entries=1571000000 valid_entries=1571000000 skipped_entries=0 skipped_files=0 current=/data/graal/pre_analisi/pre_analisi_2002_d1.root
PROGRESS: h80 files=12 processed_entries=1572000000 valid_entries=1572000000 skipped_entries=0 skipped_files=0 current=/data/graal/pre_analisi/pre_analisi_2002_d1.root
PROGRESS: h80 files=12 processed_entries=1573000000 valid_entries=1573000000 skipped_entries=0 skipped_files=0 current=/data/graal/pre_analisi/pre_analisi_2002_d1.root
PROGRESS: h80 files=12 processed_entries=1574000000 valid_entries=1574000000 skipped_entries=0 skipped_files=0 current=/data/graal/pre_analisi/pre_analisi_2002_d1.root
PROGRESS: h80 files=12 processed_entries=1575000000 valid_entries=1575000000 skipped_entries=0 skipped_files=0 current=/data/graal/pre_analisi/pre_analisi_2002_d1.root
PROGRESS: h80 files=12 processed_entries=1576000000 valid_entries=1576000000 skipped_entries=0 skipped_files=0 current=/data/graal/pre_analisi/pre_analisi_2002_d1.root
PROGRESS: h80 files=12 processed_entries=1577000000 valid_entries=1577000000 skipped_entries=0 skipped_files=0 current=/data/graal/pre_analisi/pre_analisi_2002_d1.root
PROGRESS: h80 files=12 processed_entries=1578000000 valid_entries=1578000000 skipped_entries=0 skipped_files=0 current=/data/graal/pre_analisi/pre_analisi_2002_d1.root
PROGRESS: h80 files=12 processed_entries=1579000000 valid_entries=1579000000 skipped_entries=0 skipped_files=0 current=/data/graal/pre_analisi/pre_analisi_2002_d1.root
PROGRESS: h80 files=12 processed_entries=1580000000 valid_entries=1580000000 skipped_entries=0 skipped_files=0 current=/data/graal/pre_analisi/pre_analisi_2002_d1.root
PROGRESS: h80 files=12 processed_entries=1581000000 valid_entries=1581000000 skipped_entries=0 skipped_files=0 current=/data/graal/pre_analisi/pre_analisi_2002_d1.root
PROGRESS: h80 files=12 processed_entries=1582000000 valid_entries=1582000000 skipped_entries=0 skipped_files=0 current=/data/graal/pre_analisi/pre_analisi_2002_d1.root
PROGRESS: h80 files=12 processed_entries=1583000000 valid_entries=1583000000 skipped_entries=0 skipped_files=0 current=/data/graal/pre_analisi/pre_analisi_2002_d1.root
PROGRESS: h80 files=12 processed_entries=1584000000 valid_entries=1584000000 skipped_entries=0 skipped_files=0 current=/data/graal/pre_analisi/pre_analisi_2002_d1.root
PROGRESS: h80 files=12 processed_entries=1585000000 valid_entries=1585000000 skipped_entries=0 skipped_files=0 current=/data/graal/pre_analisi/pre_analisi_2002_d1.root
PROGRESS: h80 files=12 processed_entries=1586000000 valid_entries=1586000000 skipped_entries=0 skipped_files=0 current=/data/graal/pre_analisi/pre_analisi_2002_d1.root
PROGRESS: h80 files=12 processed_entries=1587000000 valid_entries=1587000000 skipped_entries=0 skipped_files=0 current=/data/graal/pre_analisi/pre_analisi_2002_d1.root
PROGRESS: h80 files=12 processed_entries=1588000000 valid_entries=1588000000 skipped_entries=0 skipped_files=0 current=/data/graal/pre_analisi/pre_analisi_2002_d1.root
PROGRESS: h80 files=12 processed_entries=1589000000 valid_entries=1589000000 skipped_entries=0 skipped_files=0 current=/data/graal/pre_analisi/pre_analisi_2002_d1.root
PROGRESS: h80 files=12 processed_entries=1590000000 valid_entries=1590000000 skipped_entries=0 skipped_files=0 current=/data/graal/pre_analisi/pre_analisi_2002_d1.root
PROGRESS: h80 files=12 processed_entries=1591000000 valid_entries=1591000000 skipped_entries=0 skipped_files=0 current=/data/graal/pre_analisi/pre_analisi_2002_d1.root
PROGRESS: h80 files=12 processed_entries=1592000000 valid_entries=1592000000 skipped_entries=0 skipped_files=0 current=/data/graal/pre_analisi/pre_analisi_2002_d1.root
PROGRESS: h80 files=12 processed_entries=1593000000 valid_entries=1593000000 skipped_entries=0 skipped_files=0 current=/data/graal/pre_analisi/pre_analisi_2002_d1.root
PROGRESS: h80 files=12 processed_entries=1594000000 valid_entries=1594000000 skipped_entries=0 skipped_files=0 current=/data/graal/pre_analisi/pre_analisi_2002_d1.root
PROGRESS: h80 files=12 processed_entries=1595000000 valid_entries=1595000000 skipped_entries=0 skipped_files=0 current=/data/graal/pre_analisi/pre_analisi_2002_d1.root
PROGRESS: h80 files=12 processed_entries=1596000000 valid_entries=1596000000 skipped_entries=0 skipped_files=0 current=/data/graal/pre_analisi/pre_analisi_2002_d1.root
PROGRESS: h80 files=12 processed_entries=1597000000 valid_entries=1597000000 skipped_entries=0 skipped_files=0 current=/data/graal/pre_analisi/pre_analisi_2002_d1.root
PROGRESS: h80 files=12 processed_entries=1598000000 valid_entries=1598000000 skipped_entries=0 skipped_files=0 current=/data/graal/pre_analisi/pre_analisi_2002_d1.root
PROGRESS: h80 files=12 processed_entries=1599000000 valid_entries=1599000000 skipped_entries=0 skipped_files=0 current=/data/graal/pre_analisi/pre_analisi_2002_d1.root
PROGRESS: h80 files=12 processed_entries=1600000000 valid_entries=1600000000 skipped_entries=0 skipped_files=0 current=/data/graal/pre_analisi/pre_analisi_2002_d1.root
PROGRESS: h80 files=12 processed_entries=1601000000 valid_entries=1601000000 skipped_entries=0 skipped_files=0 current=/data/graal/pre_analisi/pre_analisi_2002_d1.root
PROGRESS: h80 files=12 processed_entries=1602000000 valid_entries=1602000000 skipped_entries=0 skipped_files=0 current=/data/graal/pre_analisi/pre_analisi_2002_d1.root
PROGRESS: h80 files=12 processed_entries=1603000000 valid_entries=1603000000 skipped_entries=0 skipped_files=0 current=/data/graal/pre_analisi/pre_analisi_2002_d1.root
PROGRESS: h80 files=12 processed_entries=1604000000 valid_entries=1604000000 skipped_entries=0 skipped_files=0 current=/data/graal/pre_analisi/pre_analisi_2002_d1.root
PROGRESS: h80 files=12 processed_entries=1605000000 valid_entries=1605000000 skipped_entries=0 skipped_files=0 current=/data/graal/pre_analisi/pre_analisi_2002_d1.root
PROGRESS: h80 files=12 processed_entries=1606000000 valid_entries=1606000000 skipped_entries=0 skipped_files=0 current=/data/graal/pre_analisi/pre_analisi_2002_d1.root
PROGRESS: h80 files=12 processed_entries=1607000000 valid_entries=1607000000 skipped_entries=0 skipped_files=0 current=/data/graal/pre_analisi/pre_analisi_2002_d1.root
PROGRESS: h80 files=12 processed_entries=1608000000 valid_entries=1608000000 skipped_entries=0 skipped_files=0 current=/data/graal/pre_analisi/pre_analisi_2002_d1.root
PROGRESS: h80 files=12 processed_entries=1609000000 valid_entries=1609000000 skipped_entries=0 skipped_files=0 current=/data/graal/pre_analisi/pre_analisi_2002_d1.root
PROGRESS: h80 files=12 processed_entries=1610000000 valid_entries=1610000000 skipped_entries=0 skipped_files=0 current=/data/graal/pre_analisi/pre_analisi_2002_d1.root
PROGRESS: h80 files=12 processed_entries=1611000000 valid_entries=1611000000 skipped_entries=0 skipped_files=0 current=/data/graal/pre_analisi/pre_analisi_2002_d1.root
PROGRESS: h80 files=12 processed_entries=1612000000 valid_entries=1612000000 skipped_entries=0 skipped_files=0 current=/data/graal/pre_analisi/pre_analisi_2002_d1.root
PROGRESS: h80 files=12 processed_entries=1613000000 valid_entries=1613000000 skipped_entries=0 skipped_files=0 current=/data/graal/pre_analisi/pre_analisi_2002_d1.root
PROGRESS: h80 files=12 processed_entries=1614000000 valid_entries=1614000000 skipped_entries=0 skipped_files=0 current=/data/graal/pre_analisi/pre_analisi_2002_d1.root
PROGRESS: h80 files=12 processed_entries=1615000000 valid_entries=1615000000 skipped_entries=0 skipped_files=0 current=/data/graal/pre_analisi/pre_analisi_2002_d1.root
PROGRESS: h80 files=12 processed_entries=1616000000 valid_entries=1616000000 skipped_entries=0 skipped_files=0 current=/data/graal/pre_analisi/pre_analisi_2002_d1.root
PROGRESS: h80 files=12 processed_entries=1617000000 valid_entries=1617000000 skipped_entries=0 skipped_files=0 current=/data/graal/pre_analisi/pre_analisi_2002_d1.root
PROGRESS: h80 files=12 processed_entries=1618000000 valid_entries=1618000000 skipped_entries=0 skipped_files=0 current=/data/graal/pre_analisi/pre_analisi_2002_d1.root
PROGRESS: h80 files=12 processed_entries=1619000000 valid_entries=1619000000 skipped_entries=0 skipped_files=0 current=/data/graal/pre_analisi/pre_analisi_2002_d1.root
PROGRESS: h80 files=12 processed_entries=1620000000 valid_entries=1620000000 skipped_entries=0 skipped_files=0 current=/data/graal/pre_analisi/pre_analisi_2002_d1.root
PROGRESS: h80 files=12 processed_entries=1621000000 valid_entries=1621000000 skipped_entries=0 skipped_files=0 current=/data/graal/pre_analisi/pre_analisi_2002_d1.root
PROGRESS: h80 files=12 processed_entries=1622000000 valid_entries=1622000000 skipped_entries=0 skipped_files=0 current=/data/graal/pre_analisi/pre_analisi_2002_d1.root
PROGRESS: h80 files=12 processed_entries=1623000000 valid_entries=1623000000 skipped_entries=0 skipped_files=0 current=/data/graal/pre_analisi/pre_analisi_2002_d1.root
PROGRESS: h80 files=12 processed_entries=1624000000 valid_entries=1624000000 skipped_entries=0 skipped_files=0 current=/data/graal/pre_analisi/pre_analisi_2002_d1.root
PROGRESS: h80 files=12 processed_entries=1625000000 valid_entries=1625000000 skipped_entries=0 skipped_files=0 current=/data/graal/pre_analisi/pre_analisi_2002_d1.root
PROGRESS: h80 files=12 processed_entries=1626000000 valid_entries=1626000000 skipped_entries=0 skipped_files=0 current=/data/graal/pre_analisi/pre_analisi_2002_d1.root
PROGRESS: h80 files=12 processed_entries=1627000000 valid_entries=1627000000 skipped_entries=0 skipped_files=0 current=/data/graal/pre_analisi/pre_analisi_2002_d1.root
PROGRESS: h80 files=12 processed_entries=1628000000 valid_entries=1628000000 skipped_entries=0 skipped_files=0 current=/data/graal/pre_analisi/pre_analisi_2002_d1.root
PROGRESS: h80 files=12 processed_entries=1629000000 valid_entries=1629000000 skipped_entries=0 skipped_files=0 current=/data/graal/pre_analisi/pre_analisi_2002_d1.root
PROGRESS: h80 files=12 processed_entries=1630000000 valid_entries=1630000000 skipped_entries=0 skipped_files=0 current=/data/graal/pre_analisi/pre_analisi_2002_d1.root
PROGRESS: h80 files=12 processed_entries=1631000000 valid_entries=1631000000 skipped_entries=0 skipped_files=0 current=/data/graal/pre_analisi/pre_analisi_2002_d1.root
PROGRESS: h80 files=12 processed_entries=1632000000 valid_entries=1632000000 skipped_entries=0 skipped_files=0 current=/data/graal/pre_analisi/pre_analisi_2002_d1.root
PROGRESS: h80 files=12 processed_entries=1633000000 valid_entries=1633000000 skipped_entries=0 skipped_files=0 current=/data/graal/pre_analisi/pre_analisi_2002_d1.root
PROGRESS: h80 files=12 processed_entries=1634000000 valid_entries=1634000000 skipped_entries=0 skipped_files=0 current=/data/graal/pre_analisi/pre_analisi_2002_d1.root
PROGRESS: h80 files=12 processed_entries=1635000000 valid_entries=1635000000 skipped_entries=0 skipped_files=0 current=/data/graal/pre_analisi/pre_analisi_2002_d1.root
PROGRESS: h80 files=12 processed_entries=1636000000 valid_entries=1636000000 skipped_entries=0 skipped_files=0 current=/data/graal/pre_analisi/pre_analisi_2002_d1.root
PROGRESS: h80 files=12 processed_entries=1637000000 valid_entries=1637000000 skipped_entries=0 skipped_files=0 current=/data/graal/pre_analisi/pre_analisi_2002_d1.root
PROGRESS: h80 files=12 processed_entries=1638000000 valid_entries=1638000000 skipped_entries=0 skipped_files=0 current=/data/graal/pre_analisi/pre_analisi_2002_d1.root
PROGRESS: h80 files=12 processed_entries=1639000000 valid_entries=1639000000 skipped_entries=0 skipped_files=0 current=/data/graal/pre_analisi/pre_analisi_2002_d1.root
PROGRESS: h80 files=12 processed_entries=1640000000 valid_entries=1640000000 skipped_entries=0 skipped_files=0 current=/data/graal/pre_analisi/pre_analisi_2002_d1.root
PROGRESS: h80 files=12 processed_entries=1641000000 valid_entries=1641000000 skipped_entries=0 skipped_files=0 current=/data/graal/pre_analisi/pre_analisi_2002_d1.root
PROGRESS: h80 files=12 processed_entries=1642000000 valid_entries=1642000000 skipped_entries=0 skipped_files=0 current=/data/graal/pre_analisi/pre_analisi_2002_d1.root
PROGRESS: h80 files=12 processed_entries=1643000000 valid_entries=1643000000 skipped_entries=0 skipped_files=0 current=/data/graal/pre_analisi/pre_analisi_2002_d1.root
PROGRESS: h80 files=12 processed_entries=1644000000 valid_entries=1644000000 skipped_entries=0 skipped_files=0 current=/data/graal/pre_analisi/pre_analisi_2002_d1.root
PROGRESS: h80 files=12 processed_entries=1645000000 valid_entries=1645000000 skipped_entries=0 skipped_files=0 current=/data/graal/pre_analisi/pre_analisi_2002_d1.root
PROGRESS: h80 files=12 processed_entries=1646000000 valid_entries=1646000000 skipped_entries=0 skipped_files=0 current=/data/graal/pre_analisi/pre_analisi_2002_d1.root
PROGRESS: h80 files=12 processed_entries=1647000000 valid_entries=1647000000 skipped_entries=0 skipped_files=0 current=/data/graal/pre_analisi/pre_analisi_2002_d1.root
PROGRESS: h80 files=12 processed_entries=1648000000 valid_entries=1648000000 skipped_entries=0 skipped_files=0 current=/data/graal/pre_analisi/pre_analisi_2002_d1.root
PROGRESS: h80 files=12 processed_entries=1649000000 valid_entries=1649000000 skipped_entries=0 skipped_files=0 current=/data/graal/pre_analisi/pre_analisi_2002_d1.root
PROGRESS: h80 files=12 processed_entries=1650000000 valid_entries=1650000000 skipped_entries=0 skipped_files=0 current=/data/graal/pre_analisi/pre_analisi_2002_d1.root
PROGRESS: h80 files=12 processed_entries=1651000000 valid_entries=1651000000 skipped_entries=0 skipped_files=0 current=/data/graal/pre_analisi/pre_analisi_2002_d1.root
PROGRESS: h80 files=12 processed_entries=1652000000 valid_entries=1652000000 skipped_entries=0 skipped_files=0 current=/data/graal/pre_analisi/pre_analisi_2002_d1.root
PROGRESS: h80 files=12 processed_entries=1653000000 valid_entries=1653000000 skipped_entries=0 skipped_files=0 current=/data/graal/pre_analisi/pre_analisi_2002_d1.root
PROGRESS: h80 files=12 processed_entries=1654000000 valid_entries=1654000000 skipped_entries=0 skipped_files=0 current=/data/graal/pre_analisi/pre_analisi_2002_d1.root
PROGRESS: h80 files=12 processed_entries=1655000000 valid_entries=1655000000 skipped_entries=0 skipped_files=0 current=/data/graal/pre_analisi/pre_analisi_2002_d1.root
PROGRESS: h80 files=12 processed_entries=1656000000 valid_entries=1656000000 skipped_entries=0 skipped_files=0 current=/data/graal/pre_analisi/pre_analisi_2002_d1.root
PROGRESS: h80 files=12 processed_entries=1657000000 valid_entries=1657000000 skipped_entries=0 skipped_files=0 current=/data/graal/pre_analisi/pre_analisi_2002_d1.root
PROGRESS: h80 files=12 processed_entries=1658000000 valid_entries=1658000000 skipped_entries=0 skipped_files=0 current=/data/graal/pre_analisi/pre_analisi_2002_d1.root
PROGRESS: h80 files=12 processed_entries=1659000000 valid_entries=1659000000 skipped_entries=0 skipped_files=0 current=/data/graal/pre_analisi/pre_analisi_2002_d1.root
PROGRESS: h80 files=12 processed_entries=1660000000 valid_entries=1660000000 skipped_entries=0 skipped_files=0 current=/data/graal/pre_analisi/pre_analisi_2002_d1.root
PROGRESS: h80 files=12 processed_entries=1661000000 valid_entries=1661000000 skipped_entries=0 skipped_files=0 current=/data/graal/pre_analisi/pre_analisi_2002_d1.root
PROGRESS: h80 files=12 processed_entries=1662000000 valid_entries=1662000000 skipped_entries=0 skipped_files=0 current=/data/graal/pre_analisi/pre_analisi_2002_d1.root
PROGRESS: h80 files=12 processed_entries=1663000000 valid_entries=1663000000 skipped_entries=0 skipped_files=0 current=/data/graal/pre_analisi/pre_analisi_2002_d1.root
PROGRESS: h80 files=12 processed_entries=1664000000 valid_entries=1664000000 skipped_entries=0 skipped_files=0 current=/data/graal/pre_analisi/pre_analisi_2002_d1.root
PROGRESS: h80 files=12 processed_entries=1665000000 valid_entries=1665000000 skipped_entries=0 skipped_files=0 current=/data/graal/pre_analisi/pre_analisi_2002_d1.root
PROGRESS: h80 files=12 processed_entries=1666000000 valid_entries=1666000000 skipped_entries=0 skipped_files=0 current=/data/graal/pre_analisi/pre_analisi_2002_d1.root
PROGRESS: h80 files=12 processed_entries=1667000000 valid_entries=1667000000 skipped_entries=0 skipped_files=0 current=/data/graal/pre_analisi/pre_analisi_2002_d1.root
PROGRESS: h80 files=12 processed_entries=1668000000 valid_entries=1668000000 skipped_entries=0 skipped_files=0 current=/data/graal/pre_analisi/pre_analisi_2002_d1.root
PROGRESS: h80 files=12 processed_entries=1669000000 valid_entries=1669000000 skipped_entries=0 skipped_files=0 current=/data/graal/pre_analisi/pre_analisi_2002_d1.root
PROGRESS: h80 files=12 processed_entries=1670000000 valid_entries=1670000000 skipped_entries=0 skipped_files=0 current=/data/graal/pre_analisi/pre_analisi_2002_d1.root
PROGRESS: h80 files=12 processed_entries=1671000000 valid_entries=1671000000 skipped_entries=0 skipped_files=0 current=/data/graal/pre_analisi/pre_analisi_2002_d1.root
PROGRESS: h80 files=12 processed_entries=1672000000 valid_entries=1672000000 skipped_entries=0 skipped_files=0 current=/data/graal/pre_analisi/pre_analisi_2002_d1.root
PROGRESS: h80 files=12 processed_entries=1673000000 valid_entries=1673000000 skipped_entries=0 skipped_files=0 current=/data/graal/pre_analisi/pre_analisi_2002_d1.root
PROGRESS: h80 files=12 processed_entries=1674000000 valid_entries=1674000000 skipped_entries=0 skipped_files=0 current=/data/graal/pre_analisi/pre_analisi_2002_d1.root
PROGRESS: h80 files=12 processed_entries=1675000000 valid_entries=1675000000 skipped_entries=0 skipped_files=0 current=/data/graal/pre_analisi/pre_analisi_2002_d1.root
PROGRESS: h80 files=12 processed_entries=1676000000 valid_entries=1676000000 skipped_entries=0 skipped_files=0 current=/data/graal/pre_analisi/pre_analisi_2002_d1.root
PROGRESS: h80 files=12 processed_entries=1677000000 valid_entries=1677000000 skipped_entries=0 skipped_files=0 current=/data/graal/pre_analisi/pre_analisi_2002_d1.root
PROGRESS: h80 files=12 processed_entries=1678000000 valid_entries=1678000000 skipped_entries=0 skipped_files=0 current=/data/graal/pre_analisi/pre_analisi_2002_d1.root
PROGRESS: h80 files=12 processed_entries=1679000000 valid_entries=1679000000 skipped_entries=0 skipped_files=0 current=/data/graal/pre_analisi/pre_analisi_2002_d1.root
PROGRESS: h80 files=12 processed_entries=1680000000 valid_entries=1680000000 skipped_entries=0 skipped_files=0 current=/data/graal/pre_analisi/pre_analisi_2002_d1.root
PROGRESS: h80 files=12 processed_entries=1681000000 valid_entries=1681000000 skipped_entries=0 skipped_files=0 current=/data/graal/pre_analisi/pre_analisi_2002_d1.root
PROGRESS: h80 files=12 processed_entries=1682000000 valid_entries=1682000000 skipped_entries=0 skipped_files=0 current=/data/graal/pre_analisi/pre_analisi_2002_d1.root
PROGRESS: h80 files=12 processed_entries=1683000000 valid_entries=1683000000 skipped_entries=0 skipped_files=0 current=/data/graal/pre_analisi/pre_analisi_2002_d1.root
PROGRESS: h80 files=12 processed_entries=1684000000 valid_entries=1684000000 skipped_entries=0 skipped_files=0 current=/data/graal/pre_analisi/pre_analisi_2002_d1.root
PROGRESS: h80 files=12 processed_entries=1685000000 valid_entries=1685000000 skipped_entries=0 skipped_files=0 current=/data/graal/pre_analisi/pre_analisi_2002_d1.root
PROGRESS: h80 files=12 processed_entries=1686000000 valid_entries=1686000000 skipped_entries=0 skipped_files=0 current=/data/graal/pre_analisi/pre_analisi_2002_d1.root
PROGRESS: h80 files=12 processed_entries=1687000000 valid_entries=1687000000 skipped_entries=0 skipped_files=0 current=/data/graal/pre_analisi/pre_analisi_2002_d1.root
PROGRESS: h80 files=12 processed_entries=1688000000 valid_entries=1688000000 skipped_entries=0 skipped_files=0 current=/data/graal/pre_analisi/pre_analisi_2002_d1.root
PROGRESS: h80 files=12 processed_entries=1689000000 valid_entries=1689000000 skipped_entries=0 skipped_files=0 current=/data/graal/pre_analisi/pre_analisi_2002_d1.root
PROGRESS: h80 files=12 processed_entries=1690000000 valid_entries=1690000000 skipped_entries=0 skipped_files=0 current=/data/graal/pre_analisi/pre_analisi_2002_d1.root
PROGRESS: h80 files=12 processed_entries=1691000000 valid_entries=1691000000 skipped_entries=0 skipped_files=0 current=/data/graal/pre_analisi/pre_analisi_2002_d1.root
PROGRESS: h80 files=12 processed_entries=1692000000 valid_entries=1692000000 skipped_entries=0 skipped_files=0 current=/data/graal/pre_analisi/pre_analisi_2002_d1.root
PROGRESS: h80 files=12 processed_entries=1693000000 valid_entries=1693000000 skipped_entries=0 skipped_files=0 current=/data/graal/pre_analisi/pre_analisi_2002_d1.root
PROGRESS: h80 files=12 processed_entries=1694000000 valid_entries=1694000000 skipped_entries=0 skipped_files=0 current=/data/graal/pre_analisi/pre_analisi_2002_d1.root
PROGRESS: h80 files=12 processed_entries=1695000000 valid_entries=1695000000 skipped_entries=0 skipped_files=0 current=/data/graal/pre_analisi/pre_analisi_2002_d1.root
PROGRESS: h80 files=12 processed_entries=1696000000 valid_entries=1696000000 skipped_entries=0 skipped_files=0 current=/data/graal/pre_analisi/pre_analisi_2002_d1.root
PROGRESS: h80 files=12 processed_entries=1697000000 valid_entries=1697000000 skipped_entries=0 skipped_files=0 current=/data/graal/pre_analisi/pre_analisi_2002_d1.root
PROGRESS: h80 files=12 processed_entries=1698000000 valid_entries=1698000000 skipped_entries=0 skipped_files=0 current=/data/graal/pre_analisi/pre_analisi_2002_d1.root
PROGRESS: h80 files=12 processed_entries=1699000000 valid_entries=1699000000 skipped_entries=0 skipped_files=0 current=/data/graal/pre_analisi/pre_analisi_2002_d1.root
PROGRESS: h80 files=12 processed_entries=1700000000 valid_entries=1700000000 skipped_entries=0 skipped_files=0 current=/data/graal/pre_analisi/pre_analisi_2002_d1.root
PROGRESS: h80 files=12 processed_entries=1701000000 valid_entries=1701000000 skipped_entries=0 skipped_files=0 current=/data/graal/pre_analisi/pre_analisi_2002_d1.root
PROGRESS: h80 files=12 processed_entries=1702000000 valid_entries=1702000000 skipped_entries=0 skipped_files=0 current=/data/graal/pre_analisi/pre_analisi_2002_d1.root
PROGRESS: h80 files=12 processed_entries=1703000000 valid_entries=1703000000 skipped_entries=0 skipped_files=0 current=/data/graal/pre_analisi/pre_analisi_2002_d1.root
PROGRESS: h80 files=12 processed_entries=1704000000 valid_entries=1704000000 skipped_entries=0 skipped_files=0 current=/data/graal/pre_analisi/pre_analisi_2002_d1.root
PROGRESS: h80 files=12 processed_entries=1705000000 valid_entries=1705000000 skipped_entries=0 skipped_files=0 current=/data/graal/pre_analisi/pre_analisi_2002_d1.root
PROGRESS: h80 files=12 processed_entries=1706000000 valid_entries=1706000000 skipped_entries=0 skipped_files=0 current=/data/graal/pre_analisi/pre_analisi_2002_d1.root
PROGRESS: h80 files=12 processed_entries=1707000000 valid_entries=1707000000 skipped_entries=0 skipped_files=0 current=/data/graal/pre_analisi/pre_analisi_2002_d1.root
PROGRESS: h80 files=12 processed_entries=1708000000 valid_entries=1708000000 skipped_entries=0 skipped_files=0 current=/data/graal/pre_analisi/pre_analisi_2002_d1.root
PROGRESS: h80 files=12 processed_entries=1709000000 valid_entries=1709000000 skipped_entries=0 skipped_files=0 current=/data/graal/pre_analisi/pre_analisi_2002_d1.root
PROGRESS: h80 files=12 processed_entries=1710000000 valid_entries=1710000000 skipped_entries=0 skipped_files=0 current=/data/graal/pre_analisi/pre_analisi_2002_d1.root
PROGRESS: h80 files=12 processed_entries=1711000000 valid_entries=1711000000 skipped_entries=0 skipped_files=0 current=/data/graal/pre_analisi/pre_analisi_2002_d1.root
PROGRESS: h80 files=12 processed_entries=1712000000 valid_entries=1712000000 skipped_entries=0 skipped_files=0 current=/data/graal/pre_analisi/pre_analisi_2002_d1.root
PROGRESS: h80 files=12 processed_entries=1713000000 valid_entries=1713000000 skipped_entries=0 skipped_files=0 current=/data/graal/pre_analisi/pre_analisi_2002_d1.root
PROGRESS: h80 files=12 processed_entries=1714000000 valid_entries=1714000000 skipped_entries=0 skipped_files=0 current=/data/graal/pre_analisi/pre_analisi_2002_d1.root
PROGRESS: h80 files=12 processed_entries=1715000000 valid_entries=1715000000 skipped_entries=0 skipped_files=0 current=/data/graal/pre_analisi/pre_analisi_2002_d1.root
PROGRESS: h80 files=12 processed_entries=1716000000 valid_entries=1716000000 skipped_entries=0 skipped_files=0 current=/data/graal/pre_analisi/pre_analisi_2002_d1.root
PROGRESS: h80 files=12 processed_entries=1717000000 valid_entries=1717000000 skipped_entries=0 skipped_files=0 current=/data/graal/pre_analisi/pre_analisi_2002_d1.root
PROGRESS: h80 files=12 processed_entries=1718000000 valid_entries=1718000000 skipped_entries=0 skipped_files=0 current=/data/graal/pre_analisi/pre_analisi_2002_d1.root
PROGRESS: h80 files=12 processed_entries=1719000000 valid_entries=1719000000 skipped_entries=0 skipped_files=0 current=/data/graal/pre_analisi/pre_analisi_2002_d1.root
PROGRESS: h80 files=12 processed_entries=1720000000 valid_entries=1720000000 skipped_entries=0 skipped_files=0 current=/data/graal/pre_analisi/pre_analisi_2002_d1.root
PROGRESS: h80 files=12 processed_entries=1721000000 valid_entries=1721000000 skipped_entries=0 skipped_files=0 current=/data/graal/pre_analisi/pre_analisi_2002_d1.root
PROGRESS: h80 files=12 processed_entries=1722000000 valid_entries=1722000000 skipped_entries=0 skipped_files=0 current=/data/graal/pre_analisi/pre_analisi_2002_d1.root
PROGRESS: h80 files=12 processed_entries=1723000000 valid_entries=1723000000 skipped_entries=0 skipped_files=0 current=/data/graal/pre_analisi/pre_analisi_2002_d1.root
PROGRESS: h80 files=12 processed_entries=1724000000 valid_entries=1724000000 skipped_entries=0 skipped_files=0 current=/data/graal/pre_analisi/pre_analisi_2002_d1.root
PROGRESS: h80 files=12 processed_entries=1725000000 valid_entries=1725000000 skipped_entries=0 skipped_files=0 current=/data/graal/pre_analisi/pre_analisi_2002_d1.root
PROGRESS: h80 files=12 processed_entries=1726000000 valid_entries=1726000000 skipped_entries=0 skipped_files=0 current=/data/graal/pre_analisi/pre_analisi_2002_d1.root
PROGRESS: h80 files=12 processed_entries=1727000000 valid_entries=1727000000 skipped_entries=0 skipped_files=0 current=/data/graal/pre_analisi/pre_analisi_2002_d1.root
PROGRESS: h80 files=12 processed_entries=1728000000 valid_entries=1728000000 skipped_entries=0 skipped_files=0 current=/data/graal/pre_analisi/pre_analisi_2002_d1.root
PROGRESS: h80 files=12 processed_entries=1729000000 valid_entries=1729000000 skipped_entries=0 skipped_files=0 current=/data/graal/pre_analisi/pre_analisi_2002_d1.root
PROGRESS: h80 files=12 processed_entries=1730000000 valid_entries=1730000000 skipped_entries=0 skipped_files=0 current=/data/graal/pre_analisi/pre_analisi_2002_d1.root
PROGRESS: h80 files=12 processed_entries=1731000000 valid_entries=1731000000 skipped_entries=0 skipped_files=0 current=/data/graal/pre_analisi/pre_analisi_2002_d1.root
PROGRESS: h80 files=12 processed_entries=1732000000 valid_entries=1732000000 skipped_entries=0 skipped_files=0 current=/data/graal/pre_analisi/pre_analisi_2002_d1.root
PROGRESS: h80 files=12 processed_entries=1733000000 valid_entries=1733000000 skipped_entries=0 skipped_files=0 current=/data/graal/pre_analisi/pre_analisi_2002_d1.root
PROGRESS: h80 files=12 processed_entries=1734000000 valid_entries=1734000000 skipped_entries=0 skipped_files=0 current=/data/graal/pre_analisi/pre_analisi_2002_d1.root
PROGRESS: h80 files=12 processed_entries=1735000000 valid_entries=1735000000 skipped_entries=0 skipped_files=0 current=/data/graal/pre_analisi/pre_analisi_2002_d1.root
PROGRESS: h80 files=12 processed_entries=1736000000 valid_entries=1736000000 skipped_entries=0 skipped_files=0 current=/data/graal/pre_analisi/pre_analisi_2002_d1.root
PROGRESS: h80 files=12 processed_entries=1737000000 valid_entries=1737000000 skipped_entries=0 skipped_files=0 current=/data/graal/pre_analisi/pre_analisi_2002_d1.root
PROGRESS: h80 files=12 processed_entries=1738000000 valid_entries=1738000000 skipped_entries=0 skipped_files=0 current=/data/graal/pre_analisi/pre_analisi_2002_d1.root
PROGRESS: h80 files=12 processed_entries=1739000000 valid_entries=1739000000 skipped_entries=0 skipped_files=0 current=/data/graal/pre_analisi/pre_analisi_2002_d1.root
PROGRESS: h80 files=12 processed_entries=1740000000 valid_entries=1740000000 skipped_entries=0 skipped_files=0 current=/data/graal/pre_analisi/pre_analisi_2002_d1.root
PROGRESS: h80 files=12 processed_entries=1741000000 valid_entries=1741000000 skipped_entries=0 skipped_files=0 current=/data/graal/pre_analisi/pre_analisi_2002_d1.root
PROGRESS: h80 files=12 processed_entries=1742000000 valid_entries=1742000000 skipped_entries=0 skipped_files=0 current=/data/graal/pre_analisi/pre_analisi_2002_d1.root
PROGRESS: h80 files=12 processed_entries=1743000000 valid_entries=1743000000 skipped_entries=0 skipped_files=0 current=/data/graal/pre_analisi/pre_analisi_2002_d1.root
PROGRESS: h80 files=12 processed_entries=1744000000 valid_entries=1744000000 skipped_entries=0 skipped_files=0 current=/data/graal/pre_analisi/pre_analisi_2002_d1.root
PROGRESS: h80 files=12 processed_entries=1745000000 valid_entries=1745000000 skipped_entries=0 skipped_files=0 current=/data/graal/pre_analisi/pre_analisi_2002_d1.root
PROGRESS: h80 files=12 processed_entries=1746000000 valid_entries=1746000000 skipped_entries=0 skipped_files=0 current=/data/graal/pre_analisi/pre_analisi_2002_d1.root
PROGRESS: h80 files=12 processed_entries=1747000000 valid_entries=1747000000 skipped_entries=0 skipped_files=0 current=/data/graal/pre_analisi/pre_analisi_2002_d1.root
PROGRESS: h80 files=12 processed_entries=1748000000 valid_entries=1748000000 skipped_entries=0 skipped_files=0 current=/data/graal/pre_analisi/pre_analisi_2002_d1.root
PROGRESS: h80 files=12 processed_entries=1749000000 valid_entries=1749000000 skipped_entries=0 skipped_files=0 current=/data/graal/pre_analisi/pre_analisi_2002_d1.root
PROGRESS: h80 files=12 processed_entries=1750000000 valid_entries=1750000000 skipped_entries=0 skipped_files=0 current=/data/graal/pre_analisi/pre_analisi_2002_d1.root
PROGRESS: h80 files=12 processed_entries=1751000000 valid_entries=1751000000 skipped_entries=0 skipped_files=0 current=/data/graal/pre_analisi/pre_analisi_2002_d1.root
PROGRESS: h80 files=12 processed_entries=1751343916 valid_entries=1751343916 skipped_entries=0 skipped_files=0 completed=/data/graal/pre_analisi/pre_analisi_2002_d1.root
PROGRESS: h80 files=13 processed_entries=1752000000 valid_entries=1752000000 skipped_entries=0 skipped_files=0 current=/data/graal/pre_analisi/pre_analisi_2002_d2.root
PROGRESS: h80 files=13 processed_entries=1753000000 valid_entries=1753000000 skipped_entries=0 skipped_files=0 current=/data/graal/pre_analisi/pre_analisi_2002_d2.root
PROGRESS: h80 files=13 processed_entries=1754000000 valid_entries=1754000000 skipped_entries=0 skipped_files=0 current=/data/graal/pre_analisi/pre_analisi_2002_d2.root
PROGRESS: h80 files=13 processed_entries=1755000000 valid_entries=1755000000 skipped_entries=0 skipped_files=0 current=/data/graal/pre_analisi/pre_analisi_2002_d2.root
PROGRESS: h80 files=13 processed_entries=1756000000 valid_entries=1756000000 skipped_entries=0 skipped_files=0 current=/data/graal/pre_analisi/pre_analisi_2002_d2.root
PROGRESS: h80 files=13 processed_entries=1757000000 valid_entries=1757000000 skipped_entries=0 skipped_files=0 current=/data/graal/pre_analisi/pre_analisi_2002_d2.root
PROGRESS: h80 files=13 processed_entries=1758000000 valid_entries=1758000000 skipped_entries=0 skipped_files=0 current=/data/graal/pre_analisi/pre_analisi_2002_d2.root
PROGRESS: h80 files=13 processed_entries=1759000000 valid_entries=1759000000 skipped_entries=0 skipped_files=0 current=/data/graal/pre_analisi/pre_analisi_2002_d2.root
PROGRESS: h80 files=13 processed_entries=1760000000 valid_entries=1760000000 skipped_entries=0 skipped_files=0 current=/data/graal/pre_analisi/pre_analisi_2002_d2.root
PROGRESS: h80 files=13 processed_entries=1761000000 valid_entries=1761000000 skipped_entries=0 skipped_files=0 current=/data/graal/pre_analisi/pre_analisi_2002_d2.root
PROGRESS: h80 files=13 processed_entries=1762000000 valid_entries=1762000000 skipped_entries=0 skipped_files=0 current=/data/graal/pre_analisi/pre_analisi_2002_d2.root
PROGRESS: h80 files=13 processed_entries=1763000000 valid_entries=1763000000 skipped_entries=0 skipped_files=0 current=/data/graal/pre_analisi/pre_analisi_2002_d2.root
PROGRESS: h80 files=13 processed_entries=1764000000 valid_entries=1764000000 skipped_entries=0 skipped_files=0 current=/data/graal/pre_analisi/pre_analisi_2002_d2.root
PROGRESS: h80 files=13 processed_entries=1765000000 valid_entries=1765000000 skipped_entries=0 skipped_files=0 current=/data/graal/pre_analisi/pre_analisi_2002_d2.root
PROGRESS: h80 files=13 processed_entries=1766000000 valid_entries=1766000000 skipped_entries=0 skipped_files=0 current=/data/graal/pre_analisi/pre_analisi_2002_d2.root
PROGRESS: h80 files=13 processed_entries=1767000000 valid_entries=1767000000 skipped_entries=0 skipped_files=0 current=/data/graal/pre_analisi/pre_analisi_2002_d2.root
PROGRESS: h80 files=13 processed_entries=1768000000 valid_entries=1768000000 skipped_entries=0 skipped_files=0 current=/data/graal/pre_analisi/pre_analisi_2002_d2.root
PROGRESS: h80 files=13 processed_entries=1769000000 valid_entries=1769000000 skipped_entries=0 skipped_files=0 current=/data/graal/pre_analisi/pre_analisi_2002_d2.root
PROGRESS: h80 files=13 processed_entries=1770000000 valid_entries=1770000000 skipped_entries=0 skipped_files=0 current=/data/graal/pre_analisi/pre_analisi_2002_d2.root
PROGRESS: h80 files=13 processed_entries=1771000000 valid_entries=1771000000 skipped_entries=0 skipped_files=0 current=/data/graal/pre_analisi/pre_analisi_2002_d2.root
PROGRESS: h80 files=13 processed_entries=1772000000 valid_entries=1772000000 skipped_entries=0 skipped_files=0 current=/data/graal/pre_analisi/pre_analisi_2002_d2.root
PROGRESS: h80 files=13 processed_entries=1773000000 valid_entries=1773000000 skipped_entries=0 skipped_files=0 current=/data/graal/pre_analisi/pre_analisi_2002_d2.root
PROGRESS: h80 files=13 processed_entries=1774000000 valid_entries=1774000000 skipped_entries=0 skipped_files=0 current=/data/graal/pre_analisi/pre_analisi_2002_d2.root
PROGRESS: h80 files=13 processed_entries=1775000000 valid_entries=1775000000 skipped_entries=0 skipped_files=0 current=/data/graal/pre_analisi/pre_analisi_2002_d2.root
PROGRESS: h80 files=13 processed_entries=1776000000 valid_entries=1776000000 skipped_entries=0 skipped_files=0 current=/data/graal/pre_analisi/pre_analisi_2002_d2.root
PROGRESS: h80 files=13 processed_entries=1777000000 valid_entries=1777000000 skipped_entries=0 skipped_files=0 current=/data/graal/pre_analisi/pre_analisi_2002_d2.root
PROGRESS: h80 files=13 processed_entries=1778000000 valid_entries=1778000000 skipped_entries=0 skipped_files=0 current=/data/graal/pre_analisi/pre_analisi_2002_d2.root
PROGRESS: h80 files=13 processed_entries=1779000000 valid_entries=1779000000 skipped_entries=0 skipped_files=0 current=/data/graal/pre_analisi/pre_analisi_2002_d2.root
PROGRESS: h80 files=13 processed_entries=1780000000 valid_entries=1780000000 skipped_entries=0 skipped_files=0 current=/data/graal/pre_analisi/pre_analisi_2002_d2.root
PROGRESS: h80 files=13 processed_entries=1781000000 valid_entries=1781000000 skipped_entries=0 skipped_files=0 current=/data/graal/pre_analisi/pre_analisi_2002_d2.root
PROGRESS: h80 files=13 processed_entries=1782000000 valid_entries=1782000000 skipped_entries=0 skipped_files=0 current=/data/graal/pre_analisi/pre_analisi_2002_d2.root
PROGRESS: h80 files=13 processed_entries=1783000000 valid_entries=1783000000 skipped_entries=0 skipped_files=0 current=/data/graal/pre_analisi/pre_analisi_2002_d2.root
PROGRESS: h80 files=13 processed_entries=1784000000 valid_entries=1784000000 skipped_entries=0 skipped_files=0 current=/data/graal/pre_analisi/pre_analisi_2002_d2.root
PROGRESS: h80 files=13 processed_entries=1785000000 valid_entries=1785000000 skipped_entries=0 skipped_files=0 current=/data/graal/pre_analisi/pre_analisi_2002_d2.root
PROGRESS: h80 files=13 processed_entries=1786000000 valid_entries=1786000000 skipped_entries=0 skipped_files=0 current=/data/graal/pre_analisi/pre_analisi_2002_d2.root
PROGRESS: h80 files=13 processed_entries=1787000000 valid_entries=1787000000 skipped_entries=0 skipped_files=0 current=/data/graal/pre_analisi/pre_analisi_2002_d2.root
PROGRESS: h80 files=13 processed_entries=1788000000 valid_entries=1788000000 skipped_entries=0 skipped_files=0 current=/data/graal/pre_analisi/pre_analisi_2002_d2.root
PROGRESS: h80 files=13 processed_entries=1789000000 valid_entries=1789000000 skipped_entries=0 skipped_files=0 current=/data/graal/pre_analisi/pre_analisi_2002_d2.root
PROGRESS: h80 files=13 processed_entries=1790000000 valid_entries=1790000000 skipped_entries=0 skipped_files=0 current=/data/graal/pre_analisi/pre_analisi_2002_d2.root
PROGRESS: h80 files=13 processed_entries=1791000000 valid_entries=1791000000 skipped_entries=0 skipped_files=0 current=/data/graal/pre_analisi/pre_analisi_2002_d2.root
PROGRESS: h80 files=13 processed_entries=1792000000 valid_entries=1792000000 skipped_entries=0 skipped_files=0 current=/data/graal/pre_analisi/pre_analisi_2002_d2.root
PROGRESS: h80 files=13 processed_entries=1793000000 valid_entries=1793000000 skipped_entries=0 skipped_files=0 current=/data/graal/pre_analisi/pre_analisi_2002_d2.root
PROGRESS: h80 files=13 processed_entries=1794000000 valid_entries=1794000000 skipped_entries=0 skipped_files=0 current=/data/graal/pre_analisi/pre_analisi_2002_d2.root
PROGRESS: h80 files=13 processed_entries=1795000000 valid_entries=1795000000 skipped_entries=0 skipped_files=0 current=/data/graal/pre_analisi/pre_analisi_2002_d2.root
PROGRESS: h80 files=13 processed_entries=1796000000 valid_entries=1796000000 skipped_entries=0 skipped_files=0 current=/data/graal/pre_analisi/pre_analisi_2002_d2.root
PROGRESS: h80 files=13 processed_entries=1797000000 valid_entries=1797000000 skipped_entries=0 skipped_files=0 current=/data/graal/pre_analisi/pre_analisi_2002_d2.root
PROGRESS: h80 files=13 processed_entries=1798000000 valid_entries=1798000000 skipped_entries=0 skipped_files=0 current=/data/graal/pre_analisi/pre_analisi_2002_d2.root
PROGRESS: h80 files=13 processed_entries=1799000000 valid_entries=1799000000 skipped_entries=0 skipped_files=0 current=/data/graal/pre_analisi/pre_analisi_2002_d2.root
PROGRESS: h80 files=13 processed_entries=1800000000 valid_entries=1800000000 skipped_entries=0 skipped_files=0 current=/data/graal/pre_analisi/pre_analisi_2002_d2.root
PROGRESS: h80 files=13 processed_entries=1801000000 valid_entries=1801000000 skipped_entries=0 skipped_files=0 current=/data/graal/pre_analisi/pre_analisi_2002_d2.root
PROGRESS: h80 files=13 processed_entries=1802000000 valid_entries=1802000000 skipped_entries=0 skipped_files=0 current=/data/graal/pre_analisi/pre_analisi_2002_d2.root
PROGRESS: h80 files=13 processed_entries=1803000000 valid_entries=1803000000 skipped_entries=0 skipped_files=0 current=/data/graal/pre_analisi/pre_analisi_2002_d2.root
PROGRESS: h80 files=13 processed_entries=1804000000 valid_entries=1804000000 skipped_entries=0 skipped_files=0 current=/data/graal/pre_analisi/pre_analisi_2002_d2.root
PROGRESS: h80 files=13 processed_entries=1805000000 valid_entries=1805000000 skipped_entries=0 skipped_files=0 current=/data/graal/pre_analisi/pre_analisi_2002_d2.root
PROGRESS: h80 files=13 processed_entries=1806000000 valid_entries=1806000000 skipped_entries=0 skipped_files=0 current=/data/graal/pre_analisi/pre_analisi_2002_d2.root
PROGRESS: h80 files=13 processed_entries=1807000000 valid_entries=1807000000 skipped_entries=0 skipped_files=0 current=/data/graal/pre_analisi/pre_analisi_2002_d2.root
PROGRESS: h80 files=13 processed_entries=1808000000 valid_entries=1808000000 skipped_entries=0 skipped_files=0 current=/data/graal/pre_analisi/pre_analisi_2002_d2.root
PROGRESS: h80 files=13 processed_entries=1809000000 valid_entries=1809000000 skipped_entries=0 skipped_files=0 current=/data/graal/pre_analisi/pre_analisi_2002_d2.root
PROGRESS: h80 files=13 processed_entries=1810000000 valid_entries=1810000000 skipped_entries=0 skipped_files=0 current=/data/graal/pre_analisi/pre_analisi_2002_d2.root
PROGRESS: h80 files=13 processed_entries=1811000000 valid_entries=1811000000 skipped_entries=0 skipped_files=0 current=/data/graal/pre_analisi/pre_analisi_2002_d2.root
PROGRESS: h80 files=13 processed_entries=1812000000 valid_entries=1812000000 skipped_entries=0 skipped_files=0 current=/data/graal/pre_analisi/pre_analisi_2002_d2.root
PROGRESS: h80 files=13 processed_entries=1813000000 valid_entries=1813000000 skipped_entries=0 skipped_files=0 current=/data/graal/pre_analisi/pre_analisi_2002_d2.root
PROGRESS: h80 files=13 processed_entries=1814000000 valid_entries=1814000000 skipped_entries=0 skipped_files=0 current=/data/graal/pre_analisi/pre_analisi_2002_d2.root
PROGRESS: h80 files=13 processed_entries=1815000000 valid_entries=1815000000 skipped_entries=0 skipped_files=0 current=/data/graal/pre_analisi/pre_analisi_2002_d2.root
PROGRESS: h80 files=13 processed_entries=1816000000 valid_entries=1816000000 skipped_entries=0 skipped_files=0 current=/data/graal/pre_analisi/pre_analisi_2002_d2.root
PROGRESS: h80 files=13 processed_entries=1817000000 valid_entries=1817000000 skipped_entries=0 skipped_files=0 current=/data/graal/pre_analisi/pre_analisi_2002_d2.root
PROGRESS: h80 files=13 processed_entries=1818000000 valid_entries=1818000000 skipped_entries=0 skipped_files=0 current=/data/graal/pre_analisi/pre_analisi_2002_d2.root
PROGRESS: h80 files=13 processed_entries=1819000000 valid_entries=1819000000 skipped_entries=0 skipped_files=0 current=/data/graal/pre_analisi/pre_analisi_2002_d2.root
PROGRESS: h80 files=13 processed_entries=1820000000 valid_entries=1820000000 skipped_entries=0 skipped_files=0 current=/data/graal/pre_analisi/pre_analisi_2002_d2.root
PROGRESS: h80 files=13 processed_entries=1821000000 valid_entries=1821000000 skipped_entries=0 skipped_files=0 current=/data/graal/pre_analisi/pre_analisi_2002_d2.root
PROGRESS: h80 files=13 processed_entries=1822000000 valid_entries=1822000000 skipped_entries=0 skipped_files=0 current=/data/graal/pre_analisi/pre_analisi_2002_d2.root
PROGRESS: h80 files=13 processed_entries=1823000000 valid_entries=1823000000 skipped_entries=0 skipped_files=0 current=/data/graal/pre_analisi/pre_analisi_2002_d2.root
PROGRESS: h80 files=13 processed_entries=1824000000 valid_entries=1824000000 skipped_entries=0 skipped_files=0 current=/data/graal/pre_analisi/pre_analisi_2002_d2.root
PROGRESS: h80 files=13 processed_entries=1825000000 valid_entries=1825000000 skipped_entries=0 skipped_files=0 current=/data/graal/pre_analisi/pre_analisi_2002_d2.root
PROGRESS: h80 files=13 processed_entries=1826000000 valid_entries=1826000000 skipped_entries=0 skipped_files=0 current=/data/graal/pre_analisi/pre_analisi_2002_d2.root
PROGRESS: h80 files=13 processed_entries=1827000000 valid_entries=1827000000 skipped_entries=0 skipped_files=0 current=/data/graal/pre_analisi/pre_analisi_2002_d2.root
PROGRESS: h80 files=13 processed_entries=1828000000 valid_entries=1828000000 skipped_entries=0 skipped_files=0 current=/data/graal/pre_analisi/pre_analisi_2002_d2.root
PROGRESS: h80 files=13 processed_entries=1829000000 valid_entries=1829000000 skipped_entries=0 skipped_files=0 current=/data/graal/pre_analisi/pre_analisi_2002_d2.root
PROGRESS: h80 files=13 processed_entries=1830000000 valid_entries=1830000000 skipped_entries=0 skipped_files=0 current=/data/graal/pre_analisi/pre_analisi_2002_d2.root
PROGRESS: h80 files=13 processed_entries=1831000000 valid_entries=1831000000 skipped_entries=0 skipped_files=0 current=/data/graal/pre_analisi/pre_analisi_2002_d2.root
PROGRESS: h80 files=13 processed_entries=1832000000 valid_entries=1832000000 skipped_entries=0 skipped_files=0 current=/data/graal/pre_analisi/pre_analisi_2002_d2.root
PROGRESS: h80 files=13 processed_entries=1833000000 valid_entries=1833000000 skipped_entries=0 skipped_files=0 current=/data/graal/pre_analisi/pre_analisi_2002_d2.root
PROGRESS: h80 files=13 processed_entries=1834000000 valid_entries=1834000000 skipped_entries=0 skipped_files=0 current=/data/graal/pre_analisi/pre_analisi_2002_d2.root
PROGRESS: h80 files=13 processed_entries=1835000000 valid_entries=1835000000 skipped_entries=0 skipped_files=0 current=/data/graal/pre_analisi/pre_analisi_2002_d2.root
PROGRESS: h80 files=13 processed_entries=1836000000 valid_entries=1836000000 skipped_entries=0 skipped_files=0 current=/data/graal/pre_analisi/pre_analisi_2002_d2.root
PROGRESS: h80 files=13 processed_entries=1837000000 valid_entries=1837000000 skipped_entries=0 skipped_files=0 current=/data/graal/pre_analisi/pre_analisi_2002_d2.root
PROGRESS: h80 files=13 processed_entries=1838000000 valid_entries=1838000000 skipped_entries=0 skipped_files=0 current=/data/graal/pre_analisi/pre_analisi_2002_d2.root
PROGRESS: h80 files=13 processed_entries=1839000000 valid_entries=1839000000 skipped_entries=0 skipped_files=0 current=/data/graal/pre_analisi/pre_analisi_2002_d2.root
PROGRESS: h80 files=13 processed_entries=1840000000 valid_entries=1840000000 skipped_entries=0 skipped_files=0 current=/data/graal/pre_analisi/pre_analisi_2002_d2.root
PROGRESS: h80 files=13 processed_entries=1841000000 valid_entries=1841000000 skipped_entries=0 skipped_files=0 current=/data/graal/pre_analisi/pre_analisi_2002_d2.root
PROGRESS: h80 files=13 processed_entries=1842000000 valid_entries=1842000000 skipped_entries=0 skipped_files=0 current=/data/graal/pre_analisi/pre_analisi_2002_d2.root
PROGRESS: h80 files=13 processed_entries=1843000000 valid_entries=1843000000 skipped_entries=0 skipped_files=0 current=/data/graal/pre_analisi/pre_analisi_2002_d2.root
PROGRESS: h80 files=13 processed_entries=1844000000 valid_entries=1844000000 skipped_entries=0 skipped_files=0 current=/data/graal/pre_analisi/pre_analisi_2002_d2.root
PROGRESS: h80 files=13 processed_entries=1845000000 valid_entries=1845000000 skipped_entries=0 skipped_files=0 current=/data/graal/pre_analisi/pre_analisi_2002_d2.root
PROGRESS: h80 files=13 processed_entries=1846000000 valid_entries=1846000000 skipped_entries=0 skipped_files=0 current=/data/graal/pre_analisi/pre_analisi_2002_d2.root
PROGRESS: h80 files=13 processed_entries=1847000000 valid_entries=1847000000 skipped_entries=0 skipped_files=0 current=/data/graal/pre_analisi/pre_analisi_2002_d2.root
PROGRESS: h80 files=13 processed_entries=1848000000 valid_entries=1848000000 skipped_entries=0 skipped_files=0 current=/data/graal/pre_analisi/pre_analisi_2002_d2.root
PROGRESS: h80 files=13 processed_entries=1849000000 valid_entries=1849000000 skipped_entries=0 skipped_files=0 current=/data/graal/pre_analisi/pre_analisi_2002_d2.root
PROGRESS: h80 files=13 processed_entries=1850000000 valid_entries=1850000000 skipped_entries=0 skipped_files=0 current=/data/graal/pre_analisi/pre_analisi_2002_d2.root
PROGRESS: h80 files=13 processed_entries=1851000000 valid_entries=1851000000 skipped_entries=0 skipped_files=0 current=/data/graal/pre_analisi/pre_analisi_2002_d2.root
PROGRESS: h80 files=13 processed_entries=1852000000 valid_entries=1852000000 skipped_entries=0 skipped_files=0 current=/data/graal/pre_analisi/pre_analisi_2002_d2.root
PROGRESS: h80 files=13 processed_entries=1853000000 valid_entries=1853000000 skipped_entries=0 skipped_files=0 current=/data/graal/pre_analisi/pre_analisi_2002_d2.root
PROGRESS: h80 files=13 processed_entries=1854000000 valid_entries=1854000000 skipped_entries=0 skipped_files=0 current=/data/graal/pre_analisi/pre_analisi_2002_d2.root
PROGRESS: h80 files=13 processed_entries=1855000000 valid_entries=1855000000 skipped_entries=0 skipped_files=0 current=/data/graal/pre_analisi/pre_analisi_2002_d2.root
PROGRESS: h80 files=13 processed_entries=1856000000 valid_entries=1856000000 skipped_entries=0 skipped_files=0 current=/data/graal/pre_analisi/pre_analisi_2002_d2.root
PROGRESS: h80 files=13 processed_entries=1857000000 valid_entries=1857000000 skipped_entries=0 skipped_files=0 current=/data/graal/pre_analisi/pre_analisi_2002_d2.root
PROGRESS: h80 files=13 processed_entries=1858000000 valid_entries=1858000000 skipped_entries=0 skipped_files=0 current=/data/graal/pre_analisi/pre_analisi_2002_d2.root
PROGRESS: h80 files=13 processed_entries=1859000000 valid_entries=1859000000 skipped_entries=0 skipped_files=0 current=/data/graal/pre_analisi/pre_analisi_2002_d2.root
PROGRESS: h80 files=13 processed_entries=1860000000 valid_entries=1860000000 skipped_entries=0 skipped_files=0 current=/data/graal/pre_analisi/pre_analisi_2002_d2.root
PROGRESS: h80 files=13 processed_entries=1861000000 valid_entries=1861000000 skipped_entries=0 skipped_files=0 current=/data/graal/pre_analisi/pre_analisi_2002_d2.root
PROGRESS: h80 files=13 processed_entries=1862000000 valid_entries=1862000000 skipped_entries=0 skipped_files=0 current=/data/graal/pre_analisi/pre_analisi_2002_d2.root
PROGRESS: h80 files=13 processed_entries=1863000000 valid_entries=1863000000 skipped_entries=0 skipped_files=0 current=/data/graal/pre_analisi/pre_analisi_2002_d2.root
PROGRESS: h80 files=13 processed_entries=1864000000 valid_entries=1864000000 skipped_entries=0 skipped_files=0 current=/data/graal/pre_analisi/pre_analisi_2002_d2.root
PROGRESS: h80 files=13 processed_entries=1865000000 valid_entries=1865000000 skipped_entries=0 skipped_files=0 current=/data/graal/pre_analisi/pre_analisi_2002_d2.root
PROGRESS: h80 files=13 processed_entries=1866000000 valid_entries=1866000000 skipped_entries=0 skipped_files=0 current=/data/graal/pre_analisi/pre_analisi_2002_d2.root
PROGRESS: h80 files=13 processed_entries=1866378843 valid_entries=1866378843 skipped_entries=0 skipped_files=0 completed=/data/graal/pre_analisi/pre_analisi_2002_d2.root
PROGRESS: h80 files=14 processed_entries=1867000000 valid_entries=1867000000 skipped_entries=0 skipped_files=0 current=/data/graal/pre_analisi/pre_analisi_2002_d3.root
PROGRESS: h80 files=14 processed_entries=1868000000 valid_entries=1868000000 skipped_entries=0 skipped_files=0 current=/data/graal/pre_analisi/pre_analisi_2002_d3.root
PROGRESS: h80 files=14 processed_entries=1869000000 valid_entries=1869000000 skipped_entries=0 skipped_files=0 current=/data/graal/pre_analisi/pre_analisi_2002_d3.root
PROGRESS: h80 files=14 processed_entries=1870000000 valid_entries=1870000000 skipped_entries=0 skipped_files=0 current=/data/graal/pre_analisi/pre_analisi_2002_d3.root
PROGRESS: h80 files=14 processed_entries=1871000000 valid_entries=1871000000 skipped_entries=0 skipped_files=0 current=/data/graal/pre_analisi/pre_analisi_2002_d3.root
PROGRESS: h80 files=14 processed_entries=1872000000 valid_entries=1872000000 skipped_entries=0 skipped_files=0 current=/data/graal/pre_analisi/pre_analisi_2002_d3.root
PROGRESS: h80 files=14 processed_entries=1873000000 valid_entries=1873000000 skipped_entries=0 skipped_files=0 current=/data/graal/pre_analisi/pre_analisi_2002_d3.root
PROGRESS: h80 files=14 processed_entries=1874000000 valid_entries=1874000000 skipped_entries=0 skipped_files=0 current=/data/graal/pre_analisi/pre_analisi_2002_d3.root
PROGRESS: h80 files=14 processed_entries=1875000000 valid_entries=1875000000 skipped_entries=0 skipped_files=0 current=/data/graal/pre_analisi/pre_analisi_2002_d3.root
PROGRESS: h80 files=14 processed_entries=1876000000 valid_entries=1876000000 skipped_entries=0 skipped_files=0 current=/data/graal/pre_analisi/pre_analisi_2002_d3.root
PROGRESS: h80 files=14 processed_entries=1877000000 valid_entries=1877000000 skipped_entries=0 skipped_files=0 current=/data/graal/pre_analisi/pre_analisi_2002_d3.root
PROGRESS: h80 files=14 processed_entries=1878000000 valid_entries=1878000000 skipped_entries=0 skipped_files=0 current=/data/graal/pre_analisi/pre_analisi_2002_d3.root
PROGRESS: h80 files=14 processed_entries=1879000000 valid_entries=1879000000 skipped_entries=0 skipped_files=0 current=/data/graal/pre_analisi/pre_analisi_2002_d3.root
PROGRESS: h80 files=14 processed_entries=1880000000 valid_entries=1880000000 skipped_entries=0 skipped_files=0 current=/data/graal/pre_analisi/pre_analisi_2002_d3.root
PROGRESS: h80 files=14 processed_entries=1881000000 valid_entries=1881000000 skipped_entries=0 skipped_files=0 current=/data/graal/pre_analisi/pre_analisi_2002_d3.root
PROGRESS: h80 files=14 processed_entries=1882000000 valid_entries=1882000000 skipped_entries=0 skipped_files=0 current=/data/graal/pre_analisi/pre_analisi_2002_d3.root
PROGRESS: h80 files=14 processed_entries=1883000000 valid_entries=1883000000 skipped_entries=0 skipped_files=0 current=/data/graal/pre_analisi/pre_analisi_2002_d3.root
PROGRESS: h80 files=14 processed_entries=1884000000 valid_entries=1884000000 skipped_entries=0 skipped_files=0 current=/data/graal/pre_analisi/pre_analisi_2002_d3.root
PROGRESS: h80 files=14 processed_entries=1885000000 valid_entries=1885000000 skipped_entries=0 skipped_files=0 current=/data/graal/pre_analisi/pre_analisi_2002_d3.root
PROGRESS: h80 files=14 processed_entries=1886000000 valid_entries=1886000000 skipped_entries=0 skipped_files=0 current=/data/graal/pre_analisi/pre_analisi_2002_d3.root
PROGRESS: h80 files=14 processed_entries=1887000000 valid_entries=1887000000 skipped_entries=0 skipped_files=0 current=/data/graal/pre_analisi/pre_analisi_2002_d3.root
PROGRESS: h80 files=14 processed_entries=1888000000 valid_entries=1888000000 skipped_entries=0 skipped_files=0 current=/data/graal/pre_analisi/pre_analisi_2002_d3.root
PROGRESS: h80 files=14 processed_entries=1889000000 valid_entries=1889000000 skipped_entries=0 skipped_files=0 current=/data/graal/pre_analisi/pre_analisi_2002_d3.root
PROGRESS: h80 files=14 processed_entries=1890000000 valid_entries=1890000000 skipped_entries=0 skipped_files=0 current=/data/graal/pre_analisi/pre_analisi_2002_d3.root
PROGRESS: h80 files=14 processed_entries=1891000000 valid_entries=1891000000 skipped_entries=0 skipped_files=0 current=/data/graal/pre_analisi/pre_analisi_2002_d3.root
PROGRESS: h80 files=14 processed_entries=1892000000 valid_entries=1892000000 skipped_entries=0 skipped_files=0 current=/data/graal/pre_analisi/pre_analisi_2002_d3.root
PROGRESS: h80 files=14 processed_entries=1893000000 valid_entries=1893000000 skipped_entries=0 skipped_files=0 current=/data/graal/pre_analisi/pre_analisi_2002_d3.root
PROGRESS: h80 files=14 processed_entries=1894000000 valid_entries=1894000000 skipped_entries=0 skipped_files=0 current=/data/graal/pre_analisi/pre_analisi_2002_d3.root
PROGRESS: h80 files=14 processed_entries=1895000000 valid_entries=1895000000 skipped_entries=0 skipped_files=0 current=/data/graal/pre_analisi/pre_analisi_2002_d3.root
PROGRESS: h80 files=14 processed_entries=1896000000 valid_entries=1896000000 skipped_entries=0 skipped_files=0 current=/data/graal/pre_analisi/pre_analisi_2002_d3.root
PROGRESS: h80 files=14 processed_entries=1897000000 valid_entries=1897000000 skipped_entries=0 skipped_files=0 current=/data/graal/pre_analisi/pre_analisi_2002_d3.root
PROGRESS: h80 files=14 processed_entries=1898000000 valid_entries=1898000000 skipped_entries=0 skipped_files=0 current=/data/graal/pre_analisi/pre_analisi_2002_d3.root
PROGRESS: h80 files=14 processed_entries=1899000000 valid_entries=1899000000 skipped_entries=0 skipped_files=0 current=/data/graal/pre_analisi/pre_analisi_2002_d3.root
PROGRESS: h80 files=14 processed_entries=1900000000 valid_entries=1900000000 skipped_entries=0 skipped_files=0 current=/data/graal/pre_analisi/pre_analisi_2002_d3.root
PROGRESS: h80 files=14 processed_entries=1901000000 valid_entries=1901000000 skipped_entries=0 skipped_files=0 current=/data/graal/pre_analisi/pre_analisi_2002_d3.root
PROGRESS: h80 files=14 processed_entries=1902000000 valid_entries=1902000000 skipped_entries=0 skipped_files=0 current=/data/graal/pre_analisi/pre_analisi_2002_d3.root
PROGRESS: h80 files=14 processed_entries=1903000000 valid_entries=1903000000 skipped_entries=0 skipped_files=0 current=/data/graal/pre_analisi/pre_analisi_2002_d3.root
PROGRESS: h80 files=14 processed_entries=1904000000 valid_entries=1904000000 skipped_entries=0 skipped_files=0 current=/data/graal/pre_analisi/pre_analisi_2002_d3.root
PROGRESS: h80 files=14 processed_entries=1905000000 valid_entries=1905000000 skipped_entries=0 skipped_files=0 current=/data/graal/pre_analisi/pre_analisi_2002_d3.root
PROGRESS: h80 files=14 processed_entries=1906000000 valid_entries=1906000000 skipped_entries=0 skipped_files=0 current=/data/graal/pre_analisi/pre_analisi_2002_d3.root
PROGRESS: h80 files=14 processed_entries=1907000000 valid_entries=1907000000 skipped_entries=0 skipped_files=0 current=/data/graal/pre_analisi/pre_analisi_2002_d3.root
PROGRESS: h80 files=14 processed_entries=1908000000 valid_entries=1908000000 skipped_entries=0 skipped_files=0 current=/data/graal/pre_analisi/pre_analisi_2002_d3.root
PROGRESS: h80 files=14 processed_entries=1909000000 valid_entries=1909000000 skipped_entries=0 skipped_files=0 current=/data/graal/pre_analisi/pre_analisi_2002_d3.root
PROGRESS: h80 files=14 processed_entries=1910000000 valid_entries=1910000000 skipped_entries=0 skipped_files=0 current=/data/graal/pre_analisi/pre_analisi_2002_d3.root
PROGRESS: h80 files=14 processed_entries=1911000000 valid_entries=1911000000 skipped_entries=0 skipped_files=0 current=/data/graal/pre_analisi/pre_analisi_2002_d3.root
PROGRESS: h80 files=14 processed_entries=1912000000 valid_entries=1912000000 skipped_entries=0 skipped_files=0 current=/data/graal/pre_analisi/pre_analisi_2002_d3.root
PROGRESS: h80 files=14 processed_entries=1913000000 valid_entries=1913000000 skipped_entries=0 skipped_files=0 current=/data/graal/pre_analisi/pre_analisi_2002_d3.root
PROGRESS: h80 files=14 processed_entries=1914000000 valid_entries=1914000000 skipped_entries=0 skipped_files=0 current=/data/graal/pre_analisi/pre_analisi_2002_d3.root
PROGRESS: h80 files=14 processed_entries=1915000000 valid_entries=1915000000 skipped_entries=0 skipped_files=0 current=/data/graal/pre_analisi/pre_analisi_2002_d3.root
PROGRESS: h80 files=14 processed_entries=1916000000 valid_entries=1916000000 skipped_entries=0 skipped_files=0 current=/data/graal/pre_analisi/pre_analisi_2002_d3.root
PROGRESS: h80 files=14 processed_entries=1917000000 valid_entries=1917000000 skipped_entries=0 skipped_files=0 current=/data/graal/pre_analisi/pre_analisi_2002_d3.root
PROGRESS: h80 files=14 processed_entries=1918000000 valid_entries=1918000000 skipped_entries=0 skipped_files=0 current=/data/graal/pre_analisi/pre_analisi_2002_d3.root
PROGRESS: h80 files=14 processed_entries=1919000000 valid_entries=1919000000 skipped_entries=0 skipped_files=0 current=/data/graal/pre_analisi/pre_analisi_2002_d3.root
PROGRESS: h80 files=14 processed_entries=1920000000 valid_entries=1920000000 skipped_entries=0 skipped_files=0 current=/data/graal/pre_analisi/pre_analisi_2002_d3.root
PROGRESS: h80 files=14 processed_entries=1921000000 valid_entries=1921000000 skipped_entries=0 skipped_files=0 current=/data/graal/pre_analisi/pre_analisi_2002_d3.root
PROGRESS: h80 files=14 processed_entries=1922000000 valid_entries=1922000000 skipped_entries=0 skipped_files=0 current=/data/graal/pre_analisi/pre_analisi_2002_d3.root
PROGRESS: h80 files=14 processed_entries=1923000000 valid_entries=1923000000 skipped_entries=0 skipped_files=0 current=/data/graal/pre_analisi/pre_analisi_2002_d3.root
PROGRESS: h80 files=14 processed_entries=1924000000 valid_entries=1924000000 skipped_entries=0 skipped_files=0 current=/data/graal/pre_analisi/pre_analisi_2002_d3.root
PROGRESS: h80 files=14 processed_entries=1925000000 valid_entries=1925000000 skipped_entries=0 skipped_files=0 current=/data/graal/pre_analisi/pre_analisi_2002_d3.root
PROGRESS: h80 files=14 processed_entries=1926000000 valid_entries=1926000000 skipped_entries=0 skipped_files=0 current=/data/graal/pre_analisi/pre_analisi_2002_d3.root
PROGRESS: h80 files=14 processed_entries=1927000000 valid_entries=1927000000 skipped_entries=0 skipped_files=0 current=/data/graal/pre_analisi/pre_analisi_2002_d3.root
PROGRESS: h80 files=14 processed_entries=1928000000 valid_entries=1928000000 skipped_entries=0 skipped_files=0 current=/data/graal/pre_analisi/pre_analisi_2002_d3.root
PROGRESS: h80 files=14 processed_entries=1929000000 valid_entries=1929000000 skipped_entries=0 skipped_files=0 current=/data/graal/pre_analisi/pre_analisi_2002_d3.root
PROGRESS: h80 files=14 processed_entries=1930000000 valid_entries=1930000000 skipped_entries=0 skipped_files=0 current=/data/graal/pre_analisi/pre_analisi_2002_d3.root
PROGRESS: h80 files=14 processed_entries=1931000000 valid_entries=1931000000 skipped_entries=0 skipped_files=0 current=/data/graal/pre_analisi/pre_analisi_2002_d3.root
PROGRESS: h80 files=14 processed_entries=1932000000 valid_entries=1932000000 skipped_entries=0 skipped_files=0 current=/data/graal/pre_analisi/pre_analisi_2002_d3.root
PROGRESS: h80 files=14 processed_entries=1933000000 valid_entries=1933000000 skipped_entries=0 skipped_files=0 current=/data/graal/pre_analisi/pre_analisi_2002_d3.root
PROGRESS: h80 files=14 processed_entries=1934000000 valid_entries=1934000000 skipped_entries=0 skipped_files=0 current=/data/graal/pre_analisi/pre_analisi_2002_d3.root
PROGRESS: h80 files=14 processed_entries=1935000000 valid_entries=1935000000 skipped_entries=0 skipped_files=0 current=/data/graal/pre_analisi/pre_analisi_2002_d3.root
PROGRESS: h80 files=14 processed_entries=1936000000 valid_entries=1936000000 skipped_entries=0 skipped_files=0 current=/data/graal/pre_analisi/pre_analisi_2002_d3.root
PROGRESS: h80 files=14 processed_entries=1937000000 valid_entries=1937000000 skipped_entries=0 skipped_files=0 current=/data/graal/pre_analisi/pre_analisi_2002_d3.root
PROGRESS: h80 files=14 processed_entries=1938000000 valid_entries=1938000000 skipped_entries=0 skipped_files=0 current=/data/graal/pre_analisi/pre_analisi_2002_d3.root
PROGRESS: h80 files=14 processed_entries=1939000000 valid_entries=1939000000 skipped_entries=0 skipped_files=0 current=/data/graal/pre_analisi/pre_analisi_2002_d3.root
PROGRESS: h80 files=14 processed_entries=1940000000 valid_entries=1940000000 skipped_entries=0 skipped_files=0 current=/data/graal/pre_analisi/pre_analisi_2002_d3.root
PROGRESS: h80 files=14 processed_entries=1941000000 valid_entries=1941000000 skipped_entries=0 skipped_files=0 current=/data/graal/pre_analisi/pre_analisi_2002_d3.root
PROGRESS: h80 files=14 processed_entries=1942000000 valid_entries=1942000000 skipped_entries=0 skipped_files=0 current=/data/graal/pre_analisi/pre_analisi_2002_d3.root
PROGRESS: h80 files=14 processed_entries=1943000000 valid_entries=1943000000 skipped_entries=0 skipped_files=0 current=/data/graal/pre_analisi/pre_analisi_2002_d3.root
PROGRESS: h80 files=14 processed_entries=1944000000 valid_entries=1944000000 skipped_entries=0 skipped_files=0 current=/data/graal/pre_analisi/pre_analisi_2002_d3.root
PROGRESS: h80 files=14 processed_entries=1945000000 valid_entries=1945000000 skipped_entries=0 skipped_files=0 current=/data/graal/pre_analisi/pre_analisi_2002_d3.root
PROGRESS: h80 files=14 processed_entries=1946000000 valid_entries=1946000000 skipped_entries=0 skipped_files=0 current=/data/graal/pre_analisi/pre_analisi_2002_d3.root
PROGRESS: h80 files=14 processed_entries=1947000000 valid_entries=1947000000 skipped_entries=0 skipped_files=0 current=/data/graal/pre_analisi/pre_analisi_2002_d3.root
PROGRESS: h80 files=14 processed_entries=1948000000 valid_entries=1948000000 skipped_entries=0 skipped_files=0 current=/data/graal/pre_analisi/pre_analisi_2002_d3.root
PROGRESS: h80 files=14 processed_entries=1949000000 valid_entries=1949000000 skipped_entries=0 skipped_files=0 current=/data/graal/pre_analisi/pre_analisi_2002_d3.root
PROGRESS: h80 files=14 processed_entries=1950000000 valid_entries=1950000000 skipped_entries=0 skipped_files=0 current=/data/graal/pre_analisi/pre_analisi_2002_d3.root
PROGRESS: h80 files=14 processed_entries=1951000000 valid_entries=1951000000 skipped_entries=0 skipped_files=0 current=/data/graal/pre_analisi/pre_analisi_2002_d3.root
PROGRESS: h80 files=14 processed_entries=1952000000 valid_entries=1952000000 skipped_entries=0 skipped_files=0 current=/data/graal/pre_analisi/pre_analisi_2002_d3.root
PROGRESS: h80 files=14 processed_entries=1953000000 valid_entries=1953000000 skipped_entries=0 skipped_files=0 current=/data/graal/pre_analisi/pre_analisi_2002_d3.root
PROGRESS: h80 files=14 processed_entries=1954000000 valid_entries=1954000000 skipped_entries=0 skipped_files=0 current=/data/graal/pre_analisi/pre_analisi_2002_d3.root
PROGRESS: h80 files=14 processed_entries=1955000000 valid_entries=1955000000 skipped_entries=0 skipped_files=0 current=/data/graal/pre_analisi/pre_analisi_2002_d3.root
PROGRESS: h80 files=14 processed_entries=1956000000 valid_entries=1956000000 skipped_entries=0 skipped_files=0 current=/data/graal/pre_analisi/pre_analisi_2002_d3.root
PROGRESS: h80 files=14 processed_entries=1957000000 valid_entries=1957000000 skipped_entries=0 skipped_files=0 current=/data/graal/pre_analisi/pre_analisi_2002_d3.root
PROGRESS: h80 files=14 processed_entries=1958000000 valid_entries=1958000000 skipped_entries=0 skipped_files=0 current=/data/graal/pre_analisi/pre_analisi_2002_d3.root
PROGRESS: h80 files=14 processed_entries=1959000000 valid_entries=1959000000 skipped_entries=0 skipped_files=0 current=/data/graal/pre_analisi/pre_analisi_2002_d3.root
PROGRESS: h80 files=14 processed_entries=1960000000 valid_entries=1960000000 skipped_entries=0 skipped_files=0 current=/data/graal/pre_analisi/pre_analisi_2002_d3.root
PROGRESS: h80 files=14 processed_entries=1961000000 valid_entries=1961000000 skipped_entries=0 skipped_files=0 current=/data/graal/pre_analisi/pre_analisi_2002_d3.root
PROGRESS: h80 files=14 processed_entries=1962000000 valid_entries=1962000000 skipped_entries=0 skipped_files=0 current=/data/graal/pre_analisi/pre_analisi_2002_d3.root
PROGRESS: h80 files=14 processed_entries=1963000000 valid_entries=1963000000 skipped_entries=0 skipped_files=0 current=/data/graal/pre_analisi/pre_analisi_2002_d3.root
PROGRESS: h80 files=14 processed_entries=1964000000 valid_entries=1964000000 skipped_entries=0 skipped_files=0 current=/data/graal/pre_analisi/pre_analisi_2002_d3.root
PROGRESS: h80 files=14 processed_entries=1965000000 valid_entries=1965000000 skipped_entries=0 skipped_files=0 current=/data/graal/pre_analisi/pre_analisi_2002_d3.root
PROGRESS: h80 files=14 processed_entries=1966000000 valid_entries=1966000000 skipped_entries=0 skipped_files=0 current=/data/graal/pre_analisi/pre_analisi_2002_d3.root
PROGRESS: h80 files=14 processed_entries=1967000000 valid_entries=1967000000 skipped_entries=0 skipped_files=0 current=/data/graal/pre_analisi/pre_analisi_2002_d3.root
PROGRESS: h80 files=14 processed_entries=1968000000 valid_entries=1968000000 skipped_entries=0 skipped_files=0 current=/data/graal/pre_analisi/pre_analisi_2002_d3.root
PROGRESS: h80 files=14 processed_entries=1969000000 valid_entries=1969000000 skipped_entries=0 skipped_files=0 current=/data/graal/pre_analisi/pre_analisi_2002_d3.root
PROGRESS: h80 files=14 processed_entries=1970000000 valid_entries=1970000000 skipped_entries=0 skipped_files=0 current=/data/graal/pre_analisi/pre_analisi_2002_d3.root
PROGRESS: h80 files=14 processed_entries=1971000000 valid_entries=1971000000 skipped_entries=0 skipped_files=0 current=/data/graal/pre_analisi/pre_analisi_2002_d3.root
PROGRESS: h80 files=14 processed_entries=1972000000 valid_entries=1972000000 skipped_entries=0 skipped_files=0 current=/data/graal/pre_analisi/pre_analisi_2002_d3.root
PROGRESS: h80 files=14 processed_entries=1973000000 valid_entries=1973000000 skipped_entries=0 skipped_files=0 current=/data/graal/pre_analisi/pre_analisi_2002_d3.root
PROGRESS: h80 files=14 processed_entries=1974000000 valid_entries=1974000000 skipped_entries=0 skipped_files=0 current=/data/graal/pre_analisi/pre_analisi_2002_d3.root
PROGRESS: h80 files=14 processed_entries=1975000000 valid_entries=1975000000 skipped_entries=0 skipped_files=0 current=/data/graal/pre_analisi/pre_analisi_2002_d3.root
PROGRESS: h80 files=14 processed_entries=1976000000 valid_entries=1976000000 skipped_entries=0 skipped_files=0 current=/data/graal/pre_analisi/pre_analisi_2002_d3.root
PROGRESS: h80 files=14 processed_entries=1977000000 valid_entries=1977000000 skipped_entries=0 skipped_files=0 current=/data/graal/pre_analisi/pre_analisi_2002_d3.root
PROGRESS: h80 files=14 processed_entries=1978000000 valid_entries=1978000000 skipped_entries=0 skipped_files=0 current=/data/graal/pre_analisi/pre_analisi_2002_d3.root
PROGRESS: h80 files=14 processed_entries=1979000000 valid_entries=1979000000 skipped_entries=0 skipped_files=0 current=/data/graal/pre_analisi/pre_analisi_2002_d3.root
PROGRESS: h80 files=14 processed_entries=1980000000 valid_entries=1980000000 skipped_entries=0 skipped_files=0 current=/data/graal/pre_analisi/pre_analisi_2002_d3.root
PROGRESS: h80 files=14 processed_entries=1981000000 valid_entries=1981000000 skipped_entries=0 skipped_files=0 current=/data/graal/pre_analisi/pre_analisi_2002_d3.root
PROGRESS: h80 files=14 processed_entries=1982000000 valid_entries=1982000000 skipped_entries=0 skipped_files=0 current=/data/graal/pre_analisi/pre_analisi_2002_d3.root
PROGRESS: h80 files=14 processed_entries=1983000000 valid_entries=1983000000 skipped_entries=0 skipped_files=0 current=/data/graal/pre_analisi/pre_analisi_2002_d3.root
PROGRESS: h80 files=14 processed_entries=1984000000 valid_entries=1984000000 skipped_entries=0 skipped_files=0 current=/data/graal/pre_analisi/pre_analisi_2002_d3.root
PROGRESS: h80 files=14 processed_entries=1985000000 valid_entries=1985000000 skipped_entries=0 skipped_files=0 current=/data/graal/pre_analisi/pre_analisi_2002_d3.root
PROGRESS: h80 files=14 processed_entries=1986000000 valid_entries=1986000000 skipped_entries=0 skipped_files=0 current=/data/graal/pre_analisi/pre_analisi_2002_d3.root
PROGRESS: h80 files=14 processed_entries=1987000000 valid_entries=1987000000 skipped_entries=0 skipped_files=0 current=/data/graal/pre_analisi/pre_analisi_2002_d3.root
PROGRESS: h80 files=14 processed_entries=1988000000 valid_entries=1988000000 skipped_entries=0 skipped_files=0 current=/data/graal/pre_analisi/pre_analisi_2002_d3.root
PROGRESS: h80 files=14 processed_entries=1989000000 valid_entries=1989000000 skipped_entries=0 skipped_files=0 current=/data/graal/pre_analisi/pre_analisi_2002_d3.root
PROGRESS: h80 files=14 processed_entries=1990000000 valid_entries=1990000000 skipped_entries=0 skipped_files=0 current=/data/graal/pre_analisi/pre_analisi_2002_d3.root
PROGRESS: h80 files=14 processed_entries=1991000000 valid_entries=1991000000 skipped_entries=0 skipped_files=0 current=/data/graal/pre_analisi/pre_analisi_2002_d3.root
PROGRESS: h80 files=14 processed_entries=1992000000 valid_entries=1992000000 skipped_entries=0 skipped_files=0 current=/data/graal/pre_analisi/pre_analisi_2002_d3.root
PROGRESS: h80 files=14 processed_entries=1993000000 valid_entries=1993000000 skipped_entries=0 skipped_files=0 current=/data/graal/pre_analisi/pre_analisi_2002_d3.root
PROGRESS: h80 files=14 processed_entries=1994000000 valid_entries=1994000000 skipped_entries=0 skipped_files=0 current=/data/graal/pre_analisi/pre_analisi_2002_d3.root
PROGRESS: h80 files=14 processed_entries=1995000000 valid_entries=1995000000 skipped_entries=0 skipped_files=0 current=/data/graal/pre_analisi/pre_analisi_2002_d3.root
PROGRESS: h80 files=14 processed_entries=1996000000 valid_entries=1996000000 skipped_entries=0 skipped_files=0 current=/data/graal/pre_analisi/pre_analisi_2002_d3.root
PROGRESS: h80 files=14 processed_entries=1997000000 valid_entries=1997000000 skipped_entries=0 skipped_files=0 current=/data/graal/pre_analisi/pre_analisi_2002_d3.root
PROGRESS: h80 files=14 processed_entries=1998000000 valid_entries=1998000000 skipped_entries=0 skipped_files=0 current=/data/graal/pre_analisi/pre_analisi_2002_d3.root
PROGRESS: h80 files=14 processed_entries=1999000000 valid_entries=1999000000 skipped_entries=0 skipped_files=0 current=/data/graal/pre_analisi/pre_analisi_2002_d3.root
PROGRESS: h80 files=14 processed_entries=2000000000 valid_entries=2000000000 skipped_entries=0 skipped_files=0 current=/data/graal/pre_analisi/pre_analisi_2002_d3.root
PROGRESS: h80 files=14 processed_entries=2001000000 valid_entries=2001000000 skipped_entries=0 skipped_files=0 current=/data/graal/pre_analisi/pre_analisi_2002_d3.root
PROGRESS: h80 files=14 processed_entries=2002000000 valid_entries=2002000000 skipped_entries=0 skipped_files=0 current=/data/graal/pre_analisi/pre_analisi_2002_d3.root
PROGRESS: h80 files=14 processed_entries=2003000000 valid_entries=2003000000 skipped_entries=0 skipped_files=0 current=/data/graal/pre_analisi/pre_analisi_2002_d3.root
PROGRESS: h80 files=14 processed_entries=2004000000 valid_entries=2004000000 skipped_entries=0 skipped_files=0 current=/data/graal/pre_analisi/pre_analisi_2002_d3.root
PROGRESS: h80 files=14 processed_entries=2005000000 valid_entries=2005000000 skipped_entries=0 skipped_files=0 current=/data/graal/pre_analisi/pre_analisi_2002_d3.root
PROGRESS: h80 files=14 processed_entries=2006000000 valid_entries=2006000000 skipped_entries=0 skipped_files=0 current=/data/graal/pre_analisi/pre_analisi_2002_d3.root
PROGRESS: h80 files=14 processed_entries=2007000000 valid_entries=2007000000 skipped_entries=0 skipped_files=0 current=/data/graal/pre_analisi/pre_analisi_2002_d3.root
PROGRESS: h80 files=14 processed_entries=2008000000 valid_entries=2008000000 skipped_entries=0 skipped_files=0 current=/data/graal/pre_analisi/pre_analisi_2002_d3.root
PROGRESS: h80 files=14 processed_entries=2009000000 valid_entries=2009000000 skipped_entries=0 skipped_files=0 current=/data/graal/pre_analisi/pre_analisi_2002_d3.root
PROGRESS: h80 files=14 processed_entries=2010000000 valid_entries=2010000000 skipped_entries=0 skipped_files=0 current=/data/graal/pre_analisi/pre_analisi_2002_d3.root
PROGRESS: h80 files=14 processed_entries=2011000000 valid_entries=2011000000 skipped_entries=0 skipped_files=0 current=/data/graal/pre_analisi/pre_analisi_2002_d3.root
PROGRESS: h80 files=14 processed_entries=2012000000 valid_entries=2012000000 skipped_entries=0 skipped_files=0 current=/data/graal/pre_analisi/pre_analisi_2002_d3.root
PROGRESS: h80 files=14 processed_entries=2013000000 valid_entries=2013000000 skipped_entries=0 skipped_files=0 current=/data/graal/pre_analisi/pre_analisi_2002_d3.root
PROGRESS: h80 files=14 processed_entries=2014000000 valid_entries=2014000000 skipped_entries=0 skipped_files=0 current=/data/graal/pre_analisi/pre_analisi_2002_d3.root
PROGRESS: h80 files=14 processed_entries=2014160357 valid_entries=2014160357 skipped_entries=0 skipped_files=0 completed=/data/graal/pre_analisi/pre_analisi_2002_d3.root
WARNING: /data/graal/pre_analisi/pre_analisi_2002_uv1.root: h80 entry 0: Xstrip outside 1..128: 9.862048523135947e-39
PROGRESS: h80 files=15 processed_entries=2015000000 valid_entries=2014999999 skipped_entries=1 skipped_files=0 current=/data/graal/pre_analisi/pre_analisi_2002_uv1.root
PROGRESS: h80 files=15 processed_entries=2016000000 valid_entries=2015999999 skipped_entries=1 skipped_files=0 current=/data/graal/pre_analisi/pre_analisi_2002_uv1.root
PROGRESS: h80 files=15 processed_entries=2017000000 valid_entries=2016999999 skipped_entries=1 skipped_files=0 current=/data/graal/pre_analisi/pre_analisi_2002_uv1.root
PROGRESS: h80 files=15 processed_entries=2018000000 valid_entries=2017999999 skipped_entries=1 skipped_files=0 current=/data/graal/pre_analisi/pre_analisi_2002_uv1.root
PROGRESS: h80 files=15 processed_entries=2019000000 valid_entries=2018999999 skipped_entries=1 skipped_files=0 current=/data/graal/pre_analisi/pre_analisi_2002_uv1.root
PROGRESS: h80 files=15 processed_entries=2020000000 valid_entries=2019999999 skipped_entries=1 skipped_files=0 current=/data/graal/pre_analisi/pre_analisi_2002_uv1.root
PROGRESS: h80 files=15 processed_entries=2021000000 valid_entries=2020999999 skipped_entries=1 skipped_files=0 current=/data/graal/pre_analisi/pre_analisi_2002_uv1.root
PROGRESS: h80 files=15 processed_entries=2022000000 valid_entries=2021999999 skipped_entries=1 skipped_files=0 current=/data/graal/pre_analisi/pre_analisi_2002_uv1.root
PROGRESS: h80 files=15 processed_entries=2023000000 valid_entries=2022999999 skipped_entries=1 skipped_files=0 current=/data/graal/pre_analisi/pre_analisi_2002_uv1.root
PROGRESS: h80 files=15 processed_entries=2024000000 valid_entries=2023999999 skipped_entries=1 skipped_files=0 current=/data/graal/pre_analisi/pre_analisi_2002_uv1.root
PROGRESS: h80 files=15 processed_entries=2025000000 valid_entries=2024999999 skipped_entries=1 skipped_files=0 current=/data/graal/pre_analisi/pre_analisi_2002_uv1.root
PROGRESS: h80 files=15 processed_entries=2026000000 valid_entries=2025999999 skipped_entries=1 skipped_files=0 current=/data/graal/pre_analisi/pre_analisi_2002_uv1.root
PROGRESS: h80 files=15 processed_entries=2027000000 valid_entries=2026999999 skipped_entries=1 skipped_files=0 current=/data/graal/pre_analisi/pre_analisi_2002_uv1.root
PROGRESS: h80 files=15 processed_entries=2028000000 valid_entries=2027999999 skipped_entries=1 skipped_files=0 current=/data/graal/pre_analisi/pre_analisi_2002_uv1.root
PROGRESS: h80 files=15 processed_entries=2029000000 valid_entries=2028999999 skipped_entries=1 skipped_files=0 current=/data/graal/pre_analisi/pre_analisi_2002_uv1.root
PROGRESS: h80 files=15 processed_entries=2030000000 valid_entries=2029999999 skipped_entries=1 skipped_files=0 current=/data/graal/pre_analisi/pre_analisi_2002_uv1.root
PROGRESS: h80 files=15 processed_entries=2031000000 valid_entries=2030999999 skipped_entries=1 skipped_files=0 current=/data/graal/pre_analisi/pre_analisi_2002_uv1.root
PROGRESS: h80 files=15 processed_entries=2032000000 valid_entries=2031999999 skipped_entries=1 skipped_files=0 current=/data/graal/pre_analisi/pre_analisi_2002_uv1.root
PROGRESS: h80 files=15 processed_entries=2033000000 valid_entries=2032999999 skipped_entries=1 skipped_files=0 current=/data/graal/pre_analisi/pre_analisi_2002_uv1.root
PROGRESS: h80 files=15 processed_entries=2034000000 valid_entries=2033999999 skipped_entries=1 skipped_files=0 current=/data/graal/pre_analisi/pre_analisi_2002_uv1.root
PROGRESS: h80 files=15 processed_entries=2035000000 valid_entries=2034999999 skipped_entries=1 skipped_files=0 current=/data/graal/pre_analisi/pre_analisi_2002_uv1.root
PROGRESS: h80 files=15 processed_entries=2036000000 valid_entries=2035999999 skipped_entries=1 skipped_files=0 current=/data/graal/pre_analisi/pre_analisi_2002_uv1.root
PROGRESS: h80 files=15 processed_entries=2037000000 valid_entries=2036999999 skipped_entries=1 skipped_files=0 current=/data/graal/pre_analisi/pre_analisi_2002_uv1.root
PROGRESS: h80 files=15 processed_entries=2038000000 valid_entries=2037999999 skipped_entries=1 skipped_files=0 current=/data/graal/pre_analisi/pre_analisi_2002_uv1.root
PROGRESS: h80 files=15 processed_entries=2039000000 valid_entries=2038999999 skipped_entries=1 skipped_files=0 current=/data/graal/pre_analisi/pre_analisi_2002_uv1.root
PROGRESS: h80 files=15 processed_entries=2040000000 valid_entries=2039999999 skipped_entries=1 skipped_files=0 current=/data/graal/pre_analisi/pre_analisi_2002_uv1.root
PROGRESS: h80 files=15 processed_entries=2041000000 valid_entries=2040999999 skipped_entries=1 skipped_files=0 current=/data/graal/pre_analisi/pre_analisi_2002_uv1.root
PROGRESS: h80 files=15 processed_entries=2042000000 valid_entries=2041999999 skipped_entries=1 skipped_files=0 current=/data/graal/pre_analisi/pre_analisi_2002_uv1.root
PROGRESS: h80 files=15 processed_entries=2043000000 valid_entries=2042999999 skipped_entries=1 skipped_files=0 current=/data/graal/pre_analisi/pre_analisi_2002_uv1.root
PROGRESS: h80 files=15 processed_entries=2044000000 valid_entries=2043999999 skipped_entries=1 skipped_files=0 current=/data/graal/pre_analisi/pre_analisi_2002_uv1.root
PROGRESS: h80 files=15 processed_entries=2045000000 valid_entries=2044999999 skipped_entries=1 skipped_files=0 current=/data/graal/pre_analisi/pre_analisi_2002_uv1.root
PROGRESS: h80 files=15 processed_entries=2046000000 valid_entries=2045999999 skipped_entries=1 skipped_files=0 current=/data/graal/pre_analisi/pre_analisi_2002_uv1.root
PROGRESS: h80 files=15 processed_entries=2047000000 valid_entries=2046999999 skipped_entries=1 skipped_files=0 current=/data/graal/pre_analisi/pre_analisi_2002_uv1.root
PROGRESS: h80 files=15 processed_entries=2048000000 valid_entries=2047999999 skipped_entries=1 skipped_files=0 current=/data/graal/pre_analisi/pre_analisi_2002_uv1.root
PROGRESS: h80 files=15 processed_entries=2049000000 valid_entries=2048999999 skipped_entries=1 skipped_files=0 current=/data/graal/pre_analisi/pre_analisi_2002_uv1.root
PROGRESS: h80 files=15 processed_entries=2050000000 valid_entries=2049999999 skipped_entries=1 skipped_files=0 current=/data/graal/pre_analisi/pre_analisi_2002_uv1.root
PROGRESS: h80 files=15 processed_entries=2051000000 valid_entries=2050999999 skipped_entries=1 skipped_files=0 current=/data/graal/pre_analisi/pre_analisi_2002_uv1.root
PROGRESS: h80 files=15 processed_entries=2052000000 valid_entries=2051999999 skipped_entries=1 skipped_files=0 current=/data/graal/pre_analisi/pre_analisi_2002_uv1.root
PROGRESS: h80 files=15 processed_entries=2053000000 valid_entries=2052999999 skipped_entries=1 skipped_files=0 current=/data/graal/pre_analisi/pre_analisi_2002_uv1.root
PROGRESS: h80 files=15 processed_entries=2054000000 valid_entries=2053999999 skipped_entries=1 skipped_files=0 current=/data/graal/pre_analisi/pre_analisi_2002_uv1.root
PROGRESS: h80 files=15 processed_entries=2055000000 valid_entries=2054999999 skipped_entries=1 skipped_files=0 current=/data/graal/pre_analisi/pre_analisi_2002_uv1.root
PROGRESS: h80 files=15 processed_entries=2056000000 valid_entries=2055999999 skipped_entries=1 skipped_files=0 current=/data/graal/pre_analisi/pre_analisi_2002_uv1.root
PROGRESS: h80 files=15 processed_entries=2057000000 valid_entries=2056999999 skipped_entries=1 skipped_files=0 current=/data/graal/pre_analisi/pre_analisi_2002_uv1.root
PROGRESS: h80 files=15 processed_entries=2058000000 valid_entries=2057999999 skipped_entries=1 skipped_files=0 current=/data/graal/pre_analisi/pre_analisi_2002_uv1.root
PROGRESS: h80 files=15 processed_entries=2059000000 valid_entries=2058999999 skipped_entries=1 skipped_files=0 current=/data/graal/pre_analisi/pre_analisi_2002_uv1.root
PROGRESS: h80 files=15 processed_entries=2060000000 valid_entries=2059999999 skipped_entries=1 skipped_files=0 current=/data/graal/pre_analisi/pre_analisi_2002_uv1.root
PROGRESS: h80 files=15 processed_entries=2061000000 valid_entries=2060999999 skipped_entries=1 skipped_files=0 current=/data/graal/pre_analisi/pre_analisi_2002_uv1.root
PROGRESS: h80 files=15 processed_entries=2062000000 valid_entries=2061999999 skipped_entries=1 skipped_files=0 current=/data/graal/pre_analisi/pre_analisi_2002_uv1.root
PROGRESS: h80 files=15 processed_entries=2063000000 valid_entries=2062999999 skipped_entries=1 skipped_files=0 current=/data/graal/pre_analisi/pre_analisi_2002_uv1.root
PROGRESS: h80 files=15 processed_entries=2064000000 valid_entries=2063999999 skipped_entries=1 skipped_files=0 current=/data/graal/pre_analisi/pre_analisi_2002_uv1.root
PROGRESS: h80 files=15 processed_entries=2065000000 valid_entries=2064999999 skipped_entries=1 skipped_files=0 current=/data/graal/pre_analisi/pre_analisi_2002_uv1.root
PROGRESS: h80 files=15 processed_entries=2066000000 valid_entries=2065999999 skipped_entries=1 skipped_files=0 current=/data/graal/pre_analisi/pre_analisi_2002_uv1.root
PROGRESS: h80 files=15 processed_entries=2067000000 valid_entries=2066999999 skipped_entries=1 skipped_files=0 current=/data/graal/pre_analisi/pre_analisi_2002_uv1.root
PROGRESS: h80 files=15 processed_entries=2068000000 valid_entries=2067999999 skipped_entries=1 skipped_files=0 current=/data/graal/pre_analisi/pre_analisi_2002_uv1.root
PROGRESS: h80 files=15 processed_entries=2069000000 valid_entries=2068999999 skipped_entries=1 skipped_files=0 current=/data/graal/pre_analisi/pre_analisi_2002_uv1.root
PROGRESS: h80 files=15 processed_entries=2070000000 valid_entries=2069999999 skipped_entries=1 skipped_files=0 current=/data/graal/pre_analisi/pre_analisi_2002_uv1.root
PROGRESS: h80 files=15 processed_entries=2071000000 valid_entries=2070999999 skipped_entries=1 skipped_files=0 current=/data/graal/pre_analisi/pre_analisi_2002_uv1.root
PROGRESS: h80 files=15 processed_entries=2072000000 valid_entries=2071999999 skipped_entries=1 skipped_files=0 current=/data/graal/pre_analisi/pre_analisi_2002_uv1.root
PROGRESS: h80 files=15 processed_entries=2073000000 valid_entries=2072999999 skipped_entries=1 skipped_files=0 current=/data/graal/pre_analisi/pre_analisi_2002_uv1.root
PROGRESS: h80 files=15 processed_entries=2074000000 valid_entries=2073999999 skipped_entries=1 skipped_files=0 current=/data/graal/pre_analisi/pre_analisi_2002_uv1.root
PROGRESS: h80 files=15 processed_entries=2075000000 valid_entries=2074999999 skipped_entries=1 skipped_files=0 current=/data/graal/pre_analisi/pre_analisi_2002_uv1.root
PROGRESS: h80 files=15 processed_entries=2076000000 valid_entries=2075999999 skipped_entries=1 skipped_files=0 current=/data/graal/pre_analisi/pre_analisi_2002_uv1.root
PROGRESS: h80 files=15 processed_entries=2077000000 valid_entries=2076999999 skipped_entries=1 skipped_files=0 current=/data/graal/pre_analisi/pre_analisi_2002_uv1.root
PROGRESS: h80 files=15 processed_entries=2078000000 valid_entries=2077999999 skipped_entries=1 skipped_files=0 current=/data/graal/pre_analisi/pre_analisi_2002_uv1.root
PROGRESS: h80 files=15 processed_entries=2079000000 valid_entries=2078999999 skipped_entries=1 skipped_files=0 current=/data/graal/pre_analisi/pre_analisi_2002_uv1.root
PROGRESS: h80 files=15 processed_entries=2080000000 valid_entries=2079999999 skipped_entries=1 skipped_files=0 current=/data/graal/pre_analisi/pre_analisi_2002_uv1.root
PROGRESS: h80 files=15 processed_entries=2081000000 valid_entries=2080999999 skipped_entries=1 skipped_files=0 current=/data/graal/pre_analisi/pre_analisi_2002_uv1.root
PROGRESS: h80 files=15 processed_entries=2082000000 valid_entries=2081999999 skipped_entries=1 skipped_files=0 current=/data/graal/pre_analisi/pre_analisi_2002_uv1.root
PROGRESS: h80 files=15 processed_entries=2083000000 valid_entries=2082999999 skipped_entries=1 skipped_files=0 current=/data/graal/pre_analisi/pre_analisi_2002_uv1.root
PROGRESS: h80 files=15 processed_entries=2084000000 valid_entries=2083999999 skipped_entries=1 skipped_files=0 current=/data/graal/pre_analisi/pre_analisi_2002_uv1.root
PROGRESS: h80 files=15 processed_entries=2085000000 valid_entries=2084999999 skipped_entries=1 skipped_files=0 current=/data/graal/pre_analisi/pre_analisi_2002_uv1.root
PROGRESS: h80 files=15 processed_entries=2086000000 valid_entries=2085999999 skipped_entries=1 skipped_files=0 current=/data/graal/pre_analisi/pre_analisi_2002_uv1.root
PROGRESS: h80 files=15 processed_entries=2087000000 valid_entries=2086999999 skipped_entries=1 skipped_files=0 current=/data/graal/pre_analisi/pre_analisi_2002_uv1.root
PROGRESS: h80 files=15 processed_entries=2088000000 valid_entries=2087999999 skipped_entries=1 skipped_files=0 current=/data/graal/pre_analisi/pre_analisi_2002_uv1.root
PROGRESS: h80 files=15 processed_entries=2089000000 valid_entries=2088999999 skipped_entries=1 skipped_files=0 current=/data/graal/pre_analisi/pre_analisi_2002_uv1.root
PROGRESS: h80 files=15 processed_entries=2090000000 valid_entries=2089999999 skipped_entries=1 skipped_files=0 current=/data/graal/pre_analisi/pre_analisi_2002_uv1.root
PROGRESS: h80 files=15 processed_entries=2091000000 valid_entries=2090999999 skipped_entries=1 skipped_files=0 current=/data/graal/pre_analisi/pre_analisi_2002_uv1.root
PROGRESS: h80 files=15 processed_entries=2092000000 valid_entries=2091999999 skipped_entries=1 skipped_files=0 current=/data/graal/pre_analisi/pre_analisi_2002_uv1.root
PROGRESS: h80 files=15 processed_entries=2093000000 valid_entries=2092999999 skipped_entries=1 skipped_files=0 current=/data/graal/pre_analisi/pre_analisi_2002_uv1.root
PROGRESS: h80 files=15 processed_entries=2094000000 valid_entries=2093999999 skipped_entries=1 skipped_files=0 current=/data/graal/pre_analisi/pre_analisi_2002_uv1.root
PROGRESS: h80 files=15 processed_entries=2095000000 valid_entries=2094999999 skipped_entries=1 skipped_files=0 current=/data/graal/pre_analisi/pre_analisi_2002_uv1.root
PROGRESS: h80 files=15 processed_entries=2096000000 valid_entries=2095999999 skipped_entries=1 skipped_files=0 current=/data/graal/pre_analisi/pre_analisi_2002_uv1.root
PROGRESS: h80 files=15 processed_entries=2097000000 valid_entries=2096999999 skipped_entries=1 skipped_files=0 current=/data/graal/pre_analisi/pre_analisi_2002_uv1.root
PROGRESS: h80 files=15 processed_entries=2098000000 valid_entries=2097999999 skipped_entries=1 skipped_files=0 current=/data/graal/pre_analisi/pre_analisi_2002_uv1.root
PROGRESS: h80 files=15 processed_entries=2099000000 valid_entries=2098999999 skipped_entries=1 skipped_files=0 current=/data/graal/pre_analisi/pre_analisi_2002_uv1.root
PROGRESS: h80 files=15 processed_entries=2100000000 valid_entries=2099999999 skipped_entries=1 skipped_files=0 current=/data/graal/pre_analisi/pre_analisi_2002_uv1.root
PROGRESS: h80 files=15 processed_entries=2101000000 valid_entries=2100999999 skipped_entries=1 skipped_files=0 current=/data/graal/pre_analisi/pre_analisi_2002_uv1.root
PROGRESS: h80 files=15 processed_entries=2102000000 valid_entries=2101999999 skipped_entries=1 skipped_files=0 current=/data/graal/pre_analisi/pre_analisi_2002_uv1.root
PROGRESS: h80 files=15 processed_entries=2103000000 valid_entries=2102999999 skipped_entries=1 skipped_files=0 current=/data/graal/pre_analisi/pre_analisi_2002_uv1.root
PROGRESS: h80 files=15 processed_entries=2104000000 valid_entries=2103999999 skipped_entries=1 skipped_files=0 current=/data/graal/pre_analisi/pre_analisi_2002_uv1.root
PROGRESS: h80 files=15 processed_entries=2105000000 valid_entries=2104999999 skipped_entries=1 skipped_files=0 current=/data/graal/pre_analisi/pre_analisi_2002_uv1.root
PROGRESS: h80 files=15 processed_entries=2106000000 valid_entries=2105999999 skipped_entries=1 skipped_files=0 current=/data/graal/pre_analisi/pre_analisi_2002_uv1.root
PROGRESS: h80 files=15 processed_entries=2107000000 valid_entries=2106999999 skipped_entries=1 skipped_files=0 current=/data/graal/pre_analisi/pre_analisi_2002_uv1.root
PROGRESS: h80 files=15 processed_entries=2108000000 valid_entries=2107999999 skipped_entries=1 skipped_files=0 current=/data/graal/pre_analisi/pre_analisi_2002_uv1.root
PROGRESS: h80 files=15 processed_entries=2109000000 valid_entries=2108999999 skipped_entries=1 skipped_files=0 current=/data/graal/pre_analisi/pre_analisi_2002_uv1.root
PROGRESS: h80 files=15 processed_entries=2110000000 valid_entries=2109999999 skipped_entries=1 skipped_files=0 current=/data/graal/pre_analisi/pre_analisi_2002_uv1.root
PROGRESS: h80 files=15 processed_entries=2111000000 valid_entries=2110999999 skipped_entries=1 skipped_files=0 current=/data/graal/pre_analisi/pre_analisi_2002_uv1.root
PROGRESS: h80 files=15 processed_entries=2112000000 valid_entries=2111999999 skipped_entries=1 skipped_files=0 current=/data/graal/pre_analisi/pre_analisi_2002_uv1.root
PROGRESS: h80 files=15 processed_entries=2113000000 valid_entries=2112999999 skipped_entries=1 skipped_files=0 current=/data/graal/pre_analisi/pre_analisi_2002_uv1.root
PROGRESS: h80 files=15 processed_entries=2114000000 valid_entries=2113999999 skipped_entries=1 skipped_files=0 current=/data/graal/pre_analisi/pre_analisi_2002_uv1.root
PROGRESS: h80 files=15 processed_entries=2115000000 valid_entries=2114999999 skipped_entries=1 skipped_files=0 current=/data/graal/pre_analisi/pre_analisi_2002_uv1.root
PROGRESS: h80 files=15 processed_entries=2116000000 valid_entries=2115999999 skipped_entries=1 skipped_files=0 current=/data/graal/pre_analisi/pre_analisi_2002_uv1.root
PROGRESS: h80 files=15 processed_entries=2117000000 valid_entries=2116999999 skipped_entries=1 skipped_files=0 current=/data/graal/pre_analisi/pre_analisi_2002_uv1.root
PROGRESS: h80 files=15 processed_entries=2118000000 valid_entries=2117999999 skipped_entries=1 skipped_files=0 current=/data/graal/pre_analisi/pre_analisi_2002_uv1.root
PROGRESS: h80 files=15 processed_entries=2119000000 valid_entries=2118999999 skipped_entries=1 skipped_files=0 current=/data/graal/pre_analisi/pre_analisi_2002_uv1.root
PROGRESS: h80 files=15 processed_entries=2120000000 valid_entries=2119999999 skipped_entries=1 skipped_files=0 current=/data/graal/pre_analisi/pre_analisi_2002_uv1.root
PROGRESS: h80 files=15 processed_entries=2121000000 valid_entries=2120999999 skipped_entries=1 skipped_files=0 current=/data/graal/pre_analisi/pre_analisi_2002_uv1.root
PROGRESS: h80 files=15 processed_entries=2122000000 valid_entries=2121999999 skipped_entries=1 skipped_files=0 current=/data/graal/pre_analisi/pre_analisi_2002_uv1.root
PROGRESS: h80 files=15 processed_entries=2123000000 valid_entries=2122999999 skipped_entries=1 skipped_files=0 current=/data/graal/pre_analisi/pre_analisi_2002_uv1.root
PROGRESS: h80 files=15 processed_entries=2124000000 valid_entries=2123999999 skipped_entries=1 skipped_files=0 current=/data/graal/pre_analisi/pre_analisi_2002_uv1.root
PROGRESS: h80 files=15 processed_entries=2125000000 valid_entries=2124999999 skipped_entries=1 skipped_files=0 current=/data/graal/pre_analisi/pre_analisi_2002_uv1.root
PROGRESS: h80 files=15 processed_entries=2126000000 valid_entries=2125999999 skipped_entries=1 skipped_files=0 current=/data/graal/pre_analisi/pre_analisi_2002_uv1.root
PROGRESS: h80 files=15 processed_entries=2127000000 valid_entries=2126999999 skipped_entries=1 skipped_files=0 current=/data/graal/pre_analisi/pre_analisi_2002_uv1.root
PROGRESS: h80 files=15 processed_entries=2128000000 valid_entries=2127999999 skipped_entries=1 skipped_files=0 current=/data/graal/pre_analisi/pre_analisi_2002_uv1.root
PROGRESS: h80 files=15 processed_entries=2129000000 valid_entries=2128999999 skipped_entries=1 skipped_files=0 current=/data/graal/pre_analisi/pre_analisi_2002_uv1.root
PROGRESS: h80 files=15 processed_entries=2130000000 valid_entries=2129999999 skipped_entries=1 skipped_files=0 current=/data/graal/pre_analisi/pre_analisi_2002_uv1.root
PROGRESS: h80 files=15 processed_entries=2131000000 valid_entries=2130999999 skipped_entries=1 skipped_files=0 current=/data/graal/pre_analisi/pre_analisi_2002_uv1.root
PROGRESS: h80 files=15 processed_entries=2132000000 valid_entries=2131999999 skipped_entries=1 skipped_files=0 current=/data/graal/pre_analisi/pre_analisi_2002_uv1.root
PROGRESS: h80 files=15 processed_entries=2133000000 valid_entries=2132999999 skipped_entries=1 skipped_files=0 current=/data/graal/pre_analisi/pre_analisi_2002_uv1.root
PROGRESS: h80 files=15 processed_entries=2134000000 valid_entries=2133999999 skipped_entries=1 skipped_files=0 current=/data/graal/pre_analisi/pre_analisi_2002_uv1.root
PROGRESS: h80 files=15 processed_entries=2135000000 valid_entries=2134999999 skipped_entries=1 skipped_files=0 current=/data/graal/pre_analisi/pre_analisi_2002_uv1.root
PROGRESS: h80 files=15 processed_entries=2136000000 valid_entries=2135999999 skipped_entries=1 skipped_files=0 current=/data/graal/pre_analisi/pre_analisi_2002_uv1.root
PROGRESS: h80 files=15 processed_entries=2137000000 valid_entries=2136999999 skipped_entries=1 skipped_files=0 current=/data/graal/pre_analisi/pre_analisi_2002_uv1.root
PROGRESS: h80 files=15 processed_entries=2138000000 valid_entries=2137999999 skipped_entries=1 skipped_files=0 current=/data/graal/pre_analisi/pre_analisi_2002_uv1.root
PROGRESS: h80 files=15 processed_entries=2139000000 valid_entries=2138999999 skipped_entries=1 skipped_files=0 current=/data/graal/pre_analisi/pre_analisi_2002_uv1.root
PROGRESS: h80 files=15 processed_entries=2140000000 valid_entries=2139999999 skipped_entries=1 skipped_files=0 current=/data/graal/pre_analisi/pre_analisi_2002_uv1.root
PROGRESS: h80 files=15 processed_entries=2141000000 valid_entries=2140999999 skipped_entries=1 skipped_files=0 current=/data/graal/pre_analisi/pre_analisi_2002_uv1.root
PROGRESS: h80 files=15 processed_entries=2142000000 valid_entries=2141999999 skipped_entries=1 skipped_files=0 current=/data/graal/pre_analisi/pre_analisi_2002_uv1.root
PROGRESS: h80 files=15 processed_entries=2143000000 valid_entries=2142999999 skipped_entries=1 skipped_files=0 current=/data/graal/pre_analisi/pre_analisi_2002_uv1.root
PROGRESS: h80 files=15 processed_entries=2144000000 valid_entries=2143999999 skipped_entries=1 skipped_files=0 current=/data/graal/pre_analisi/pre_analisi_2002_uv1.root
PROGRESS: h80 files=15 processed_entries=2145000000 valid_entries=2144999999 skipped_entries=1 skipped_files=0 current=/data/graal/pre_analisi/pre_analisi_2002_uv1.root
PROGRESS: h80 files=15 processed_entries=2146000000 valid_entries=2145999999 skipped_entries=1 skipped_files=0 current=/data/graal/pre_analisi/pre_analisi_2002_uv1.root
PROGRESS: h80 files=15 processed_entries=2147000000 valid_entries=2146999999 skipped_entries=1 skipped_files=0 current=/data/graal/pre_analisi/pre_analisi_2002_uv1.root
PROGRESS: h80 files=15 processed_entries=2148000000 valid_entries=2147999999 skipped_entries=1 skipped_files=0 current=/data/graal/pre_analisi/pre_analisi_2002_uv1.root
PROGRESS: h80 files=15 processed_entries=2149000000 valid_entries=2148999999 skipped_entries=1 skipped_files=0 current=/data/graal/pre_analisi/pre_analisi_2002_uv1.root
PROGRESS: h80 files=15 processed_entries=2150000000 valid_entries=2149999999 skipped_entries=1 skipped_files=0 current=/data/graal/pre_analisi/pre_analisi_2002_uv1.root
PROGRESS: h80 files=15 processed_entries=2151000000 valid_entries=2150999999 skipped_entries=1 skipped_files=0 current=/data/graal/pre_analisi/pre_analisi_2002_uv1.root
PROGRESS: h80 files=15 processed_entries=2152000000 valid_entries=2151999999 skipped_entries=1 skipped_files=0 current=/data/graal/pre_analisi/pre_analisi_2002_uv1.root
PROGRESS: h80 files=15 processed_entries=2153000000 valid_entries=2152999999 skipped_entries=1 skipped_files=0 current=/data/graal/pre_analisi/pre_analisi_2002_uv1.root
PROGRESS: h80 files=15 processed_entries=2154000000 valid_entries=2153999999 skipped_entries=1 skipped_files=0 current=/data/graal/pre_analisi/pre_analisi_2002_uv1.root
PROGRESS: h80 files=15 processed_entries=2155000000 valid_entries=2154999999 skipped_entries=1 skipped_files=0 current=/data/graal/pre_analisi/pre_analisi_2002_uv1.root
PROGRESS: h80 files=15 processed_entries=2156000000 valid_entries=2155999999 skipped_entries=1 skipped_files=0 current=/data/graal/pre_analisi/pre_analisi_2002_uv1.root
PROGRESS: h80 files=15 processed_entries=2157000000 valid_entries=2156999999 skipped_entries=1 skipped_files=0 current=/data/graal/pre_analisi/pre_analisi_2002_uv1.root
PROGRESS: h80 files=15 processed_entries=2158000000 valid_entries=2157999999 skipped_entries=1 skipped_files=0 current=/data/graal/pre_analisi/pre_analisi_2002_uv1.root
PROGRESS: h80 files=15 processed_entries=2159000000 valid_entries=2158999999 skipped_entries=1 skipped_files=0 current=/data/graal/pre_analisi/pre_analisi_2002_uv1.root
PROGRESS: h80 files=15 processed_entries=2160000000 valid_entries=2159999999 skipped_entries=1 skipped_files=0 current=/data/graal/pre_analisi/pre_analisi_2002_uv1.root
PROGRESS: h80 files=15 processed_entries=2161000000 valid_entries=2160999999 skipped_entries=1 skipped_files=0 current=/data/graal/pre_analisi/pre_analisi_2002_uv1.root
PROGRESS: h80 files=15 processed_entries=2162000000 valid_entries=2161999999 skipped_entries=1 skipped_files=0 current=/data/graal/pre_analisi/pre_analisi_2002_uv1.root
PROGRESS: h80 files=15 processed_entries=2163000000 valid_entries=2162999999 skipped_entries=1 skipped_files=0 current=/data/graal/pre_analisi/pre_analisi_2002_uv1.root
PROGRESS: h80 files=15 processed_entries=2164000000 valid_entries=2163999999 skipped_entries=1 skipped_files=0 current=/data/graal/pre_analisi/pre_analisi_2002_uv1.root
PROGRESS: h80 files=15 processed_entries=2165000000 valid_entries=2164999999 skipped_entries=1 skipped_files=0 current=/data/graal/pre_analisi/pre_analisi_2002_uv1.root
PROGRESS: h80 files=15 processed_entries=2166000000 valid_entries=2165999999 skipped_entries=1 skipped_files=0 current=/data/graal/pre_analisi/pre_analisi_2002_uv1.root
PROGRESS: h80 files=15 processed_entries=2167000000 valid_entries=2166999999 skipped_entries=1 skipped_files=0 current=/data/graal/pre_analisi/pre_analisi_2002_uv1.root
PROGRESS: h80 files=15 processed_entries=2168000000 valid_entries=2167999999 skipped_entries=1 skipped_files=0 current=/data/graal/pre_analisi/pre_analisi_2002_uv1.root
PROGRESS: h80 files=15 processed_entries=2169000000 valid_entries=2168999999 skipped_entries=1 skipped_files=0 current=/data/graal/pre_analisi/pre_analisi_2002_uv1.root
PROGRESS: h80 files=15 processed_entries=2170000000 valid_entries=2169999999 skipped_entries=1 skipped_files=0 current=/data/graal/pre_analisi/pre_analisi_2002_uv1.root
PROGRESS: h80 files=15 processed_entries=2171000000 valid_entries=2170999999 skipped_entries=1 skipped_files=0 current=/data/graal/pre_analisi/pre_analisi_2002_uv1.root
PROGRESS: h80 files=15 processed_entries=2172000000 valid_entries=2171999999 skipped_entries=1 skipped_files=0 current=/data/graal/pre_analisi/pre_analisi_2002_uv1.root
PROGRESS: h80 files=15 processed_entries=2173000000 valid_entries=2172999999 skipped_entries=1 skipped_files=0 current=/data/graal/pre_analisi/pre_analisi_2002_uv1.root
PROGRESS: h80 files=15 processed_entries=2174000000 valid_entries=2173999999 skipped_entries=1 skipped_files=0 current=/data/graal/pre_analisi/pre_analisi_2002_uv1.root
PROGRESS: h80 files=15 processed_entries=2175000000 valid_entries=2174999999 skipped_entries=1 skipped_files=0 current=/data/graal/pre_analisi/pre_analisi_2002_uv1.root
PROGRESS: h80 files=15 processed_entries=2176000000 valid_entries=2175999999 skipped_entries=1 skipped_files=0 current=/data/graal/pre_analisi/pre_analisi_2002_uv1.root
PROGRESS: h80 files=15 processed_entries=2177000000 valid_entries=2176999999 skipped_entries=1 skipped_files=0 current=/data/graal/pre_analisi/pre_analisi_2002_uv1.root
PROGRESS: h80 files=15 processed_entries=2178000000 valid_entries=2177999999 skipped_entries=1 skipped_files=0 current=/data/graal/pre_analisi/pre_analisi_2002_uv1.root
PROGRESS: h80 files=15 processed_entries=2179000000 valid_entries=2178999999 skipped_entries=1 skipped_files=0 current=/data/graal/pre_analisi/pre_analisi_2002_uv1.root
PROGRESS: h80 files=15 processed_entries=2180000000 valid_entries=2179999999 skipped_entries=1 skipped_files=0 current=/data/graal/pre_analisi/pre_analisi_2002_uv1.root
PROGRESS: h80 files=15 processed_entries=2181000000 valid_entries=2180999999 skipped_entries=1 skipped_files=0 current=/data/graal/pre_analisi/pre_analisi_2002_uv1.root
PROGRESS: h80 files=15 processed_entries=2182000000 valid_entries=2181999999 skipped_entries=1 skipped_files=0 current=/data/graal/pre_analisi/pre_analisi_2002_uv1.root
PROGRESS: h80 files=15 processed_entries=2183000000 valid_entries=2182999999 skipped_entries=1 skipped_files=0 current=/data/graal/pre_analisi/pre_analisi_2002_uv1.root
PROGRESS: h80 files=15 processed_entries=2184000000 valid_entries=2183999999 skipped_entries=1 skipped_files=0 current=/data/graal/pre_analisi/pre_analisi_2002_uv1.root
PROGRESS: h80 files=15 processed_entries=2185000000 valid_entries=2184999999 skipped_entries=1 skipped_files=0 current=/data/graal/pre_analisi/pre_analisi_2002_uv1.root
PROGRESS: h80 files=15 processed_entries=2186000000 valid_entries=2185999999 skipped_entries=1 skipped_files=0 current=/data/graal/pre_analisi/pre_analisi_2002_uv1.root
PROGRESS: h80 files=15 processed_entries=2187000000 valid_entries=2186999999 skipped_entries=1 skipped_files=0 current=/data/graal/pre_analisi/pre_analisi_2002_uv1.root
PROGRESS: h80 files=15 processed_entries=2188000000 valid_entries=2187999999 skipped_entries=1 skipped_files=0 current=/data/graal/pre_analisi/pre_analisi_2002_uv1.root
PROGRESS: h80 files=15 processed_entries=2189000000 valid_entries=2188999999 skipped_entries=1 skipped_files=0 current=/data/graal/pre_analisi/pre_analisi_2002_uv1.root
PROGRESS: h80 files=15 processed_entries=2190000000 valid_entries=2189999999 skipped_entries=1 skipped_files=0 current=/data/graal/pre_analisi/pre_analisi_2002_uv1.root
PROGRESS: h80 files=15 processed_entries=2191000000 valid_entries=2190999999 skipped_entries=1 skipped_files=0 current=/data/graal/pre_analisi/pre_analisi_2002_uv1.root
PROGRESS: h80 files=15 processed_entries=2192000000 valid_entries=2191999999 skipped_entries=1 skipped_files=0 current=/data/graal/pre_analisi/pre_analisi_2002_uv1.root
PROGRESS: h80 files=15 processed_entries=2193000000 valid_entries=2192999999 skipped_entries=1 skipped_files=0 current=/data/graal/pre_analisi/pre_analisi_2002_uv1.root
PROGRESS: h80 files=15 processed_entries=2194000000 valid_entries=2193999999 skipped_entries=1 skipped_files=0 current=/data/graal/pre_analisi/pre_analisi_2002_uv1.root
PROGRESS: h80 files=15 processed_entries=2195000000 valid_entries=2194999999 skipped_entries=1 skipped_files=0 current=/data/graal/pre_analisi/pre_analisi_2002_uv1.root
PROGRESS: h80 files=15 processed_entries=2196000000 valid_entries=2195999999 skipped_entries=1 skipped_files=0 current=/data/graal/pre_analisi/pre_analisi_2002_uv1.root
PROGRESS: h80 files=15 processed_entries=2197000000 valid_entries=2196999999 skipped_entries=1 skipped_files=0 current=/data/graal/pre_analisi/pre_analisi_2002_uv1.root
PROGRESS: h80 files=15 processed_entries=2198000000 valid_entries=2197999999 skipped_entries=1 skipped_files=0 current=/data/graal/pre_analisi/pre_analisi_2002_uv1.root
PROGRESS: h80 files=15 processed_entries=2199000000 valid_entries=2198999999 skipped_entries=1 skipped_files=0 current=/data/graal/pre_analisi/pre_analisi_2002_uv1.root
PROGRESS: h80 files=15 processed_entries=2200000000 valid_entries=2199999999 skipped_entries=1 skipped_files=0 current=/data/graal/pre_analisi/pre_analisi_2002_uv1.root
PROGRESS: h80 files=15 processed_entries=2201000000 valid_entries=2200999999 skipped_entries=1 skipped_files=0 current=/data/graal/pre_analisi/pre_analisi_2002_uv1.root
PROGRESS: h80 files=15 processed_entries=2202000000 valid_entries=2201999999 skipped_entries=1 skipped_files=0 current=/data/graal/pre_analisi/pre_analisi_2002_uv1.root
PROGRESS: h80 files=15 processed_entries=2203000000 valid_entries=2202999999 skipped_entries=1 skipped_files=0 current=/data/graal/pre_analisi/pre_analisi_2002_uv1.root
PROGRESS: h80 files=15 processed_entries=2204000000 valid_entries=2203999999 skipped_entries=1 skipped_files=0 current=/data/graal/pre_analisi/pre_analisi_2002_uv1.root
PROGRESS: h80 files=15 processed_entries=2205000000 valid_entries=2204999999 skipped_entries=1 skipped_files=0 current=/data/graal/pre_analisi/pre_analisi_2002_uv1.root
PROGRESS: h80 files=15 processed_entries=2206000000 valid_entries=2205999999 skipped_entries=1 skipped_files=0 current=/data/graal/pre_analisi/pre_analisi_2002_uv1.root
PROGRESS: h80 files=15 processed_entries=2207000000 valid_entries=2206999999 skipped_entries=1 skipped_files=0 current=/data/graal/pre_analisi/pre_analisi_2002_uv1.root
PROGRESS: h80 files=15 processed_entries=2208000000 valid_entries=2207999999 skipped_entries=1 skipped_files=0 current=/data/graal/pre_analisi/pre_analisi_2002_uv1.root
PROGRESS: h80 files=15 processed_entries=2209000000 valid_entries=2208999999 skipped_entries=1 skipped_files=0 current=/data/graal/pre_analisi/pre_analisi_2002_uv1.root
PROGRESS: h80 files=15 processed_entries=2210000000 valid_entries=2209999999 skipped_entries=1 skipped_files=0 current=/data/graal/pre_analisi/pre_analisi_2002_uv1.root
PROGRESS: h80 files=15 processed_entries=2211000000 valid_entries=2210999999 skipped_entries=1 skipped_files=0 current=/data/graal/pre_analisi/pre_analisi_2002_uv1.root
PROGRESS: h80 files=15 processed_entries=2212000000 valid_entries=2211999999 skipped_entries=1 skipped_files=0 current=/data/graal/pre_analisi/pre_analisi_2002_uv1.root
PROGRESS: h80 files=15 processed_entries=2213000000 valid_entries=2212999999 skipped_entries=1 skipped_files=0 current=/data/graal/pre_analisi/pre_analisi_2002_uv1.root
PROGRESS: h80 files=15 processed_entries=2214000000 valid_entries=2213999999 skipped_entries=1 skipped_files=0 current=/data/graal/pre_analisi/pre_analisi_2002_uv1.root
PROGRESS: h80 files=15 processed_entries=2215000000 valid_entries=2214999999 skipped_entries=1 skipped_files=0 current=/data/graal/pre_analisi/pre_analisi_2002_uv1.root
PROGRESS: h80 files=15 processed_entries=2216000000 valid_entries=2215999999 skipped_entries=1 skipped_files=0 current=/data/graal/pre_analisi/pre_analisi_2002_uv1.root
PROGRESS: h80 files=15 processed_entries=2217000000 valid_entries=2216999999 skipped_entries=1 skipped_files=0 current=/data/graal/pre_analisi/pre_analisi_2002_uv1.root
PROGRESS: h80 files=15 processed_entries=2218000000 valid_entries=2217999999 skipped_entries=1 skipped_files=0 current=/data/graal/pre_analisi/pre_analisi_2002_uv1.root
PROGRESS: h80 files=15 processed_entries=2219000000 valid_entries=2218999999 skipped_entries=1 skipped_files=0 current=/data/graal/pre_analisi/pre_analisi_2002_uv1.root
PROGRESS: h80 files=15 processed_entries=2220000000 valid_entries=2219999999 skipped_entries=1 skipped_files=0 current=/data/graal/pre_analisi/pre_analisi_2002_uv1.root
PROGRESS: h80 files=15 processed_entries=2221000000 valid_entries=2220999999 skipped_entries=1 skipped_files=0 current=/data/graal/pre_analisi/pre_analisi_2002_uv1.root
PROGRESS: h80 files=15 processed_entries=2222000000 valid_entries=2221999999 skipped_entries=1 skipped_files=0 current=/data/graal/pre_analisi/pre_analisi_2002_uv1.root
PROGRESS: h80 files=15 processed_entries=2223000000 valid_entries=2222999999 skipped_entries=1 skipped_files=0 current=/data/graal/pre_analisi/pre_analisi_2002_uv1.root
PROGRESS: h80 files=15 processed_entries=2224000000 valid_entries=2223999999 skipped_entries=1 skipped_files=0 current=/data/graal/pre_analisi/pre_analisi_2002_uv1.root
PROGRESS: h80 files=15 processed_entries=2225000000 valid_entries=2224999999 skipped_entries=1 skipped_files=0 current=/data/graal/pre_analisi/pre_analisi_2002_uv1.root
PROGRESS: h80 files=15 processed_entries=2226000000 valid_entries=2225999999 skipped_entries=1 skipped_files=0 current=/data/graal/pre_analisi/pre_analisi_2002_uv1.root
PROGRESS: h80 files=15 processed_entries=2227000000 valid_entries=2226999999 skipped_entries=1 skipped_files=0 current=/data/graal/pre_analisi/pre_analisi_2002_uv1.root
PROGRESS: h80 files=15 processed_entries=2227793486 valid_entries=2227793485 skipped_entries=1 skipped_files=0 completed=/data/graal/pre_analisi/pre_analisi_2002_uv1.root
PROGRESS: h80 files=16 processed_entries=2228000000 valid_entries=2227999999 skipped_entries=1 skipped_files=0 current=/data/graal/pre_analisi/pre_analisi_2002_uv2.root
PROGRESS: h80 files=16 processed_entries=2229000000 valid_entries=2228999999 skipped_entries=1 skipped_files=0 current=/data/graal/pre_analisi/pre_analisi_2002_uv2.root
PROGRESS: h80 files=16 processed_entries=2230000000 valid_entries=2229999999 skipped_entries=1 skipped_files=0 current=/data/graal/pre_analisi/pre_analisi_2002_uv2.root
PROGRESS: h80 files=16 processed_entries=2231000000 valid_entries=2230999999 skipped_entries=1 skipped_files=0 current=/data/graal/pre_analisi/pre_analisi_2002_uv2.root
PROGRESS: h80 files=16 processed_entries=2232000000 valid_entries=2231999999 skipped_entries=1 skipped_files=0 current=/data/graal/pre_analisi/pre_analisi_2002_uv2.root
PROGRESS: h80 files=16 processed_entries=2233000000 valid_entries=2232999999 skipped_entries=1 skipped_files=0 current=/data/graal/pre_analisi/pre_analisi_2002_uv2.root
PROGRESS: h80 files=16 processed_entries=2234000000 valid_entries=2233999999 skipped_entries=1 skipped_files=0 current=/data/graal/pre_analisi/pre_analisi_2002_uv2.root
PROGRESS: h80 files=16 processed_entries=2235000000 valid_entries=2234999999 skipped_entries=1 skipped_files=0 current=/data/graal/pre_analisi/pre_analisi_2002_uv2.root
PROGRESS: h80 files=16 processed_entries=2236000000 valid_entries=2235999999 skipped_entries=1 skipped_files=0 current=/data/graal/pre_analisi/pre_analisi_2002_uv2.root
PROGRESS: h80 files=16 processed_entries=2237000000 valid_entries=2236999999 skipped_entries=1 skipped_files=0 current=/data/graal/pre_analisi/pre_analisi_2002_uv2.root
PROGRESS: h80 files=16 processed_entries=2238000000 valid_entries=2237999999 skipped_entries=1 skipped_files=0 current=/data/graal/pre_analisi/pre_analisi_2002_uv2.root
PROGRESS: h80 files=16 processed_entries=2239000000 valid_entries=2238999999 skipped_entries=1 skipped_files=0 current=/data/graal/pre_analisi/pre_analisi_2002_uv2.root
PROGRESS: h80 files=16 processed_entries=2240000000 valid_entries=2239999999 skipped_entries=1 skipped_files=0 current=/data/graal/pre_analisi/pre_analisi_2002_uv2.root
PROGRESS: h80 files=16 processed_entries=2241000000 valid_entries=2240999999 skipped_entries=1 skipped_files=0 current=/data/graal/pre_analisi/pre_analisi_2002_uv2.root
PROGRESS: h80 files=16 processed_entries=2242000000 valid_entries=2241999999 skipped_entries=1 skipped_files=0 current=/data/graal/pre_analisi/pre_analisi_2002_uv2.root
PROGRESS: h80 files=16 processed_entries=2243000000 valid_entries=2242999999 skipped_entries=1 skipped_files=0 current=/data/graal/pre_analisi/pre_analisi_2002_uv2.root
PROGRESS: h80 files=16 processed_entries=2244000000 valid_entries=2243999999 skipped_entries=1 skipped_files=0 current=/data/graal/pre_analisi/pre_analisi_2002_uv2.root
PROGRESS: h80 files=16 processed_entries=2245000000 valid_entries=2244999999 skipped_entries=1 skipped_files=0 current=/data/graal/pre_analisi/pre_analisi_2002_uv2.root
PROGRESS: h80 files=16 processed_entries=2246000000 valid_entries=2245999999 skipped_entries=1 skipped_files=0 current=/data/graal/pre_analisi/pre_analisi_2002_uv2.root
PROGRESS: h80 files=16 processed_entries=2247000000 valid_entries=2246999999 skipped_entries=1 skipped_files=0 current=/data/graal/pre_analisi/pre_analisi_2002_uv2.root
PROGRESS: h80 files=16 processed_entries=2248000000 valid_entries=2247999999 skipped_entries=1 skipped_files=0 current=/data/graal/pre_analisi/pre_analisi_2002_uv2.root
PROGRESS: h80 files=16 processed_entries=2249000000 valid_entries=2248999999 skipped_entries=1 skipped_files=0 current=/data/graal/pre_analisi/pre_analisi_2002_uv2.root
PROGRESS: h80 files=16 processed_entries=2250000000 valid_entries=2249999999 skipped_entries=1 skipped_files=0 current=/data/graal/pre_analisi/pre_analisi_2002_uv2.root
PROGRESS: h80 files=16 processed_entries=2251000000 valid_entries=2250999999 skipped_entries=1 skipped_files=0 current=/data/graal/pre_analisi/pre_analisi_2002_uv2.root
PROGRESS: h80 files=16 processed_entries=2252000000 valid_entries=2251999999 skipped_entries=1 skipped_files=0 current=/data/graal/pre_analisi/pre_analisi_2002_uv2.root
PROGRESS: h80 files=16 processed_entries=2253000000 valid_entries=2252999999 skipped_entries=1 skipped_files=0 current=/data/graal/pre_analisi/pre_analisi_2002_uv2.root
PROGRESS: h80 files=16 processed_entries=2254000000 valid_entries=2253999999 skipped_entries=1 skipped_files=0 current=/data/graal/pre_analisi/pre_analisi_2002_uv2.root
PROGRESS: h80 files=16 processed_entries=2255000000 valid_entries=2254999999 skipped_entries=1 skipped_files=0 current=/data/graal/pre_analisi/pre_analisi_2002_uv2.root
PROGRESS: h80 files=16 processed_entries=2256000000 valid_entries=2255999999 skipped_entries=1 skipped_files=0 current=/data/graal/pre_analisi/pre_analisi_2002_uv2.root
PROGRESS: h80 files=16 processed_entries=2257000000 valid_entries=2256999999 skipped_entries=1 skipped_files=0 current=/data/graal/pre_analisi/pre_analisi_2002_uv2.root
PROGRESS: h80 files=16 processed_entries=2258000000 valid_entries=2257999999 skipped_entries=1 skipped_files=0 current=/data/graal/pre_analisi/pre_analisi_2002_uv2.root
PROGRESS: h80 files=16 processed_entries=2259000000 valid_entries=2258999999 skipped_entries=1 skipped_files=0 current=/data/graal/pre_analisi/pre_analisi_2002_uv2.root
PROGRESS: h80 files=16 processed_entries=2260000000 valid_entries=2259999999 skipped_entries=1 skipped_files=0 current=/data/graal/pre_analisi/pre_analisi_2002_uv2.root
PROGRESS: h80 files=16 processed_entries=2261000000 valid_entries=2260999999 skipped_entries=1 skipped_files=0 current=/data/graal/pre_analisi/pre_analisi_2002_uv2.root
PROGRESS: h80 files=16 processed_entries=2262000000 valid_entries=2261999999 skipped_entries=1 skipped_files=0 current=/data/graal/pre_analisi/pre_analisi_2002_uv2.root
PROGRESS: h80 files=16 processed_entries=2263000000 valid_entries=2262999999 skipped_entries=1 skipped_files=0 current=/data/graal/pre_analisi/pre_analisi_2002_uv2.root
PROGRESS: h80 files=16 processed_entries=2264000000 valid_entries=2263999999 skipped_entries=1 skipped_files=0 current=/data/graal/pre_analisi/pre_analisi_2002_uv2.root
PROGRESS: h80 files=16 processed_entries=2265000000 valid_entries=2264999999 skipped_entries=1 skipped_files=0 current=/data/graal/pre_analisi/pre_analisi_2002_uv2.root
PROGRESS: h80 files=16 processed_entries=2266000000 valid_entries=2265999999 skipped_entries=1 skipped_files=0 current=/data/graal/pre_analisi/pre_analisi_2002_uv2.root
PROGRESS: h80 files=16 processed_entries=2267000000 valid_entries=2266999999 skipped_entries=1 skipped_files=0 current=/data/graal/pre_analisi/pre_analisi_2002_uv2.root
PROGRESS: h80 files=16 processed_entries=2268000000 valid_entries=2267999999 skipped_entries=1 skipped_files=0 current=/data/graal/pre_analisi/pre_analisi_2002_uv2.root
PROGRESS: h80 files=16 processed_entries=2269000000 valid_entries=2268999999 skipped_entries=1 skipped_files=0 current=/data/graal/pre_analisi/pre_analisi_2002_uv2.root
PROGRESS: h80 files=16 processed_entries=2270000000 valid_entries=2269999999 skipped_entries=1 skipped_files=0 current=/data/graal/pre_analisi/pre_analisi_2002_uv2.root
PROGRESS: h80 files=16 processed_entries=2271000000 valid_entries=2270999999 skipped_entries=1 skipped_files=0 current=/data/graal/pre_analisi/pre_analisi_2002_uv2.root
PROGRESS: h80 files=16 processed_entries=2272000000 valid_entries=2271999999 skipped_entries=1 skipped_files=0 current=/data/graal/pre_analisi/pre_analisi_2002_uv2.root
PROGRESS: h80 files=16 processed_entries=2273000000 valid_entries=2272999999 skipped_entries=1 skipped_files=0 current=/data/graal/pre_analisi/pre_analisi_2002_uv2.root
PROGRESS: h80 files=16 processed_entries=2274000000 valid_entries=2273999999 skipped_entries=1 skipped_files=0 current=/data/graal/pre_analisi/pre_analisi_2002_uv2.root
PROGRESS: h80 files=16 processed_entries=2275000000 valid_entries=2274999999 skipped_entries=1 skipped_files=0 current=/data/graal/pre_analisi/pre_analisi_2002_uv2.root
PROGRESS: h80 files=16 processed_entries=2276000000 valid_entries=2275999999 skipped_entries=1 skipped_files=0 current=/data/graal/pre_analisi/pre_analisi_2002_uv2.root
PROGRESS: h80 files=16 processed_entries=2277000000 valid_entries=2276999999 skipped_entries=1 skipped_files=0 current=/data/graal/pre_analisi/pre_analisi_2002_uv2.root
PROGRESS: h80 files=16 processed_entries=2278000000 valid_entries=2277999999 skipped_entries=1 skipped_files=0 current=/data/graal/pre_analisi/pre_analisi_2002_uv2.root
PROGRESS: h80 files=16 processed_entries=2279000000 valid_entries=2278999999 skipped_entries=1 skipped_files=0 current=/data/graal/pre_analisi/pre_analisi_2002_uv2.root
PROGRESS: h80 files=16 processed_entries=2280000000 valid_entries=2279999999 skipped_entries=1 skipped_files=0 current=/data/graal/pre_analisi/pre_analisi_2002_uv2.root
PROGRESS: h80 files=16 processed_entries=2281000000 valid_entries=2280999999 skipped_entries=1 skipped_files=0 current=/data/graal/pre_analisi/pre_analisi_2002_uv2.root
PROGRESS: h80 files=16 processed_entries=2282000000 valid_entries=2281999999 skipped_entries=1 skipped_files=0 current=/data/graal/pre_analisi/pre_analisi_2002_uv2.root
PROGRESS: h80 files=16 processed_entries=2283000000 valid_entries=2282999999 skipped_entries=1 skipped_files=0 current=/data/graal/pre_analisi/pre_analisi_2002_uv2.root
PROGRESS: h80 files=16 processed_entries=2284000000 valid_entries=2283999999 skipped_entries=1 skipped_files=0 current=/data/graal/pre_analisi/pre_analisi_2002_uv2.root
PROGRESS: h80 files=16 processed_entries=2285000000 valid_entries=2284999999 skipped_entries=1 skipped_files=0 current=/data/graal/pre_analisi/pre_analisi_2002_uv2.root
PROGRESS: h80 files=16 processed_entries=2286000000 valid_entries=2285999999 skipped_entries=1 skipped_files=0 current=/data/graal/pre_analisi/pre_analisi_2002_uv2.root
PROGRESS: h80 files=16 processed_entries=2287000000 valid_entries=2286999999 skipped_entries=1 skipped_files=0 current=/data/graal/pre_analisi/pre_analisi_2002_uv2.root
PROGRESS: h80 files=16 processed_entries=2288000000 valid_entries=2287999999 skipped_entries=1 skipped_files=0 current=/data/graal/pre_analisi/pre_analisi_2002_uv2.root
PROGRESS: h80 files=16 processed_entries=2289000000 valid_entries=2288999999 skipped_entries=1 skipped_files=0 current=/data/graal/pre_analisi/pre_analisi_2002_uv2.root
PROGRESS: h80 files=16 processed_entries=2290000000 valid_entries=2289999999 skipped_entries=1 skipped_files=0 current=/data/graal/pre_analisi/pre_analisi_2002_uv2.root
PROGRESS: h80 files=16 processed_entries=2291000000 valid_entries=2290999999 skipped_entries=1 skipped_files=0 current=/data/graal/pre_analisi/pre_analisi_2002_uv2.root
PROGRESS: h80 files=16 processed_entries=2292000000 valid_entries=2291999999 skipped_entries=1 skipped_files=0 current=/data/graal/pre_analisi/pre_analisi_2002_uv2.root
PROGRESS: h80 files=16 processed_entries=2293000000 valid_entries=2292999999 skipped_entries=1 skipped_files=0 current=/data/graal/pre_analisi/pre_analisi_2002_uv2.root
PROGRESS: h80 files=16 processed_entries=2294000000 valid_entries=2293999999 skipped_entries=1 skipped_files=0 current=/data/graal/pre_analisi/pre_analisi_2002_uv2.root
PROGRESS: h80 files=16 processed_entries=2295000000 valid_entries=2294999999 skipped_entries=1 skipped_files=0 current=/data/graal/pre_analisi/pre_analisi_2002_uv2.root
PROGRESS: h80 files=16 processed_entries=2296000000 valid_entries=2295999999 skipped_entries=1 skipped_files=0 current=/data/graal/pre_analisi/pre_analisi_2002_uv2.root
PROGRESS: h80 files=16 processed_entries=2297000000 valid_entries=2296999999 skipped_entries=1 skipped_files=0 current=/data/graal/pre_analisi/pre_analisi_2002_uv2.root
PROGRESS: h80 files=16 processed_entries=2298000000 valid_entries=2297999999 skipped_entries=1 skipped_files=0 current=/data/graal/pre_analisi/pre_analisi_2002_uv2.root
PROGRESS: h80 files=16 processed_entries=2299000000 valid_entries=2298999999 skipped_entries=1 skipped_files=0 current=/data/graal/pre_analisi/pre_analisi_2002_uv2.root
PROGRESS: h80 files=16 processed_entries=2300000000 valid_entries=2299999999 skipped_entries=1 skipped_files=0 current=/data/graal/pre_analisi/pre_analisi_2002_uv2.root
PROGRESS: h80 files=16 processed_entries=2301000000 valid_entries=2300999999 skipped_entries=1 skipped_files=0 current=/data/graal/pre_analisi/pre_analisi_2002_uv2.root
PROGRESS: h80 files=16 processed_entries=2302000000 valid_entries=2301999999 skipped_entries=1 skipped_files=0 current=/data/graal/pre_analisi/pre_analisi_2002_uv2.root
PROGRESS: h80 files=16 processed_entries=2303000000 valid_entries=2302999999 skipped_entries=1 skipped_files=0 current=/data/graal/pre_analisi/pre_analisi_2002_uv2.root
PROGRESS: h80 files=16 processed_entries=2304000000 valid_entries=2303999999 skipped_entries=1 skipped_files=0 current=/data/graal/pre_analisi/pre_analisi_2002_uv2.root
PROGRESS: h80 files=16 processed_entries=2305000000 valid_entries=2304999999 skipped_entries=1 skipped_files=0 current=/data/graal/pre_analisi/pre_analisi_2002_uv2.root
PROGRESS: h80 files=16 processed_entries=2306000000 valid_entries=2305999999 skipped_entries=1 skipped_files=0 current=/data/graal/pre_analisi/pre_analisi_2002_uv2.root
PROGRESS: h80 files=16 processed_entries=2307000000 valid_entries=2306999999 skipped_entries=1 skipped_files=0 current=/data/graal/pre_analisi/pre_analisi_2002_uv2.root
PROGRESS: h80 files=16 processed_entries=2308000000 valid_entries=2307999999 skipped_entries=1 skipped_files=0 current=/data/graal/pre_analisi/pre_analisi_2002_uv2.root
PROGRESS: h80 files=16 processed_entries=2309000000 valid_entries=2308999999 skipped_entries=1 skipped_files=0 current=/data/graal/pre_analisi/pre_analisi_2002_uv2.root
PROGRESS: h80 files=16 processed_entries=2310000000 valid_entries=2309999999 skipped_entries=1 skipped_files=0 current=/data/graal/pre_analisi/pre_analisi_2002_uv2.root
PROGRESS: h80 files=16 processed_entries=2311000000 valid_entries=2310999999 skipped_entries=1 skipped_files=0 current=/data/graal/pre_analisi/pre_analisi_2002_uv2.root
PROGRESS: h80 files=16 processed_entries=2312000000 valid_entries=2311999999 skipped_entries=1 skipped_files=0 current=/data/graal/pre_analisi/pre_analisi_2002_uv2.root
PROGRESS: h80 files=16 processed_entries=2313000000 valid_entries=2312999999 skipped_entries=1 skipped_files=0 current=/data/graal/pre_analisi/pre_analisi_2002_uv2.root
PROGRESS: h80 files=16 processed_entries=2314000000 valid_entries=2313999999 skipped_entries=1 skipped_files=0 current=/data/graal/pre_analisi/pre_analisi_2002_uv2.root
PROGRESS: h80 files=16 processed_entries=2315000000 valid_entries=2314999999 skipped_entries=1 skipped_files=0 current=/data/graal/pre_analisi/pre_analisi_2002_uv2.root
PROGRESS: h80 files=16 processed_entries=2316000000 valid_entries=2315999999 skipped_entries=1 skipped_files=0 current=/data/graal/pre_analisi/pre_analisi_2002_uv2.root
PROGRESS: h80 files=16 processed_entries=2317000000 valid_entries=2316999999 skipped_entries=1 skipped_files=0 current=/data/graal/pre_analisi/pre_analisi_2002_uv2.root
PROGRESS: h80 files=16 processed_entries=2318000000 valid_entries=2317999999 skipped_entries=1 skipped_files=0 current=/data/graal/pre_analisi/pre_analisi_2002_uv2.root
PROGRESS: h80 files=16 processed_entries=2319000000 valid_entries=2318999999 skipped_entries=1 skipped_files=0 current=/data/graal/pre_analisi/pre_analisi_2002_uv2.root
PROGRESS: h80 files=16 processed_entries=2320000000 valid_entries=2319999999 skipped_entries=1 skipped_files=0 current=/data/graal/pre_analisi/pre_analisi_2002_uv2.root
PROGRESS: h80 files=16 processed_entries=2321000000 valid_entries=2320999999 skipped_entries=1 skipped_files=0 current=/data/graal/pre_analisi/pre_analisi_2002_uv2.root
PROGRESS: h80 files=16 processed_entries=2322000000 valid_entries=2321999999 skipped_entries=1 skipped_files=0 current=/data/graal/pre_analisi/pre_analisi_2002_uv2.root
PROGRESS: h80 files=16 processed_entries=2323000000 valid_entries=2322999999 skipped_entries=1 skipped_files=0 current=/data/graal/pre_analisi/pre_analisi_2002_uv2.root
PROGRESS: h80 files=16 processed_entries=2324000000 valid_entries=2323999999 skipped_entries=1 skipped_files=0 current=/data/graal/pre_analisi/pre_analisi_2002_uv2.root
PROGRESS: h80 files=16 processed_entries=2325000000 valid_entries=2324999999 skipped_entries=1 skipped_files=0 current=/data/graal/pre_analisi/pre_analisi_2002_uv2.root
PROGRESS: h80 files=16 processed_entries=2326000000 valid_entries=2325999999 skipped_entries=1 skipped_files=0 current=/data/graal/pre_analisi/pre_analisi_2002_uv2.root
PROGRESS: h80 files=16 processed_entries=2327000000 valid_entries=2326999999 skipped_entries=1 skipped_files=0 current=/data/graal/pre_analisi/pre_analisi_2002_uv2.root
PROGRESS: h80 files=16 processed_entries=2328000000 valid_entries=2327999999 skipped_entries=1 skipped_files=0 current=/data/graal/pre_analisi/pre_analisi_2002_uv2.root
PROGRESS: h80 files=16 processed_entries=2329000000 valid_entries=2328999999 skipped_entries=1 skipped_files=0 current=/data/graal/pre_analisi/pre_analisi_2002_uv2.root
PROGRESS: h80 files=16 processed_entries=2330000000 valid_entries=2329999999 skipped_entries=1 skipped_files=0 current=/data/graal/pre_analisi/pre_analisi_2002_uv2.root
PROGRESS: h80 files=16 processed_entries=2331000000 valid_entries=2330999999 skipped_entries=1 skipped_files=0 current=/data/graal/pre_analisi/pre_analisi_2002_uv2.root
PROGRESS: h80 files=16 processed_entries=2332000000 valid_entries=2331999999 skipped_entries=1 skipped_files=0 current=/data/graal/pre_analisi/pre_analisi_2002_uv2.root
PROGRESS: h80 files=16 processed_entries=2333000000 valid_entries=2332999999 skipped_entries=1 skipped_files=0 current=/data/graal/pre_analisi/pre_analisi_2002_uv2.root
PROGRESS: h80 files=16 processed_entries=2334000000 valid_entries=2333999999 skipped_entries=1 skipped_files=0 current=/data/graal/pre_analisi/pre_analisi_2002_uv2.root
PROGRESS: h80 files=16 processed_entries=2335000000 valid_entries=2334999999 skipped_entries=1 skipped_files=0 current=/data/graal/pre_analisi/pre_analisi_2002_uv2.root
PROGRESS: h80 files=16 processed_entries=2336000000 valid_entries=2335999999 skipped_entries=1 skipped_files=0 current=/data/graal/pre_analisi/pre_analisi_2002_uv2.root
PROGRESS: h80 files=16 processed_entries=2337000000 valid_entries=2336999999 skipped_entries=1 skipped_files=0 current=/data/graal/pre_analisi/pre_analisi_2002_uv2.root
PROGRESS: h80 files=16 processed_entries=2338000000 valid_entries=2337999999 skipped_entries=1 skipped_files=0 current=/data/graal/pre_analisi/pre_analisi_2002_uv2.root
PROGRESS: h80 files=16 processed_entries=2339000000 valid_entries=2338999999 skipped_entries=1 skipped_files=0 current=/data/graal/pre_analisi/pre_analisi_2002_uv2.root
PROGRESS: h80 files=16 processed_entries=2340000000 valid_entries=2339999999 skipped_entries=1 skipped_files=0 current=/data/graal/pre_analisi/pre_analisi_2002_uv2.root
PROGRESS: h80 files=16 processed_entries=2341000000 valid_entries=2340999999 skipped_entries=1 skipped_files=0 current=/data/graal/pre_analisi/pre_analisi_2002_uv2.root
PROGRESS: h80 files=16 processed_entries=2342000000 valid_entries=2341999999 skipped_entries=1 skipped_files=0 current=/data/graal/pre_analisi/pre_analisi_2002_uv2.root
PROGRESS: h80 files=16 processed_entries=2343000000 valid_entries=2342999999 skipped_entries=1 skipped_files=0 current=/data/graal/pre_analisi/pre_analisi_2002_uv2.root
PROGRESS: h80 files=16 processed_entries=2344000000 valid_entries=2343999999 skipped_entries=1 skipped_files=0 current=/data/graal/pre_analisi/pre_analisi_2002_uv2.root
PROGRESS: h80 files=16 processed_entries=2345000000 valid_entries=2344999999 skipped_entries=1 skipped_files=0 current=/data/graal/pre_analisi/pre_analisi_2002_uv2.root
PROGRESS: h80 files=16 processed_entries=2346000000 valid_entries=2345999999 skipped_entries=1 skipped_files=0 current=/data/graal/pre_analisi/pre_analisi_2002_uv2.root
PROGRESS: h80 files=16 processed_entries=2347000000 valid_entries=2346999999 skipped_entries=1 skipped_files=0 current=/data/graal/pre_analisi/pre_analisi_2002_uv2.root
PROGRESS: h80 files=16 processed_entries=2348000000 valid_entries=2347999999 skipped_entries=1 skipped_files=0 current=/data/graal/pre_analisi/pre_analisi_2002_uv2.root
PROGRESS: h80 files=16 processed_entries=2349000000 valid_entries=2348999999 skipped_entries=1 skipped_files=0 current=/data/graal/pre_analisi/pre_analisi_2002_uv2.root
PROGRESS: h80 files=16 processed_entries=2350000000 valid_entries=2349999999 skipped_entries=1 skipped_files=0 current=/data/graal/pre_analisi/pre_analisi_2002_uv2.root
PROGRESS: h80 files=16 processed_entries=2351000000 valid_entries=2350999999 skipped_entries=1 skipped_files=0 current=/data/graal/pre_analisi/pre_analisi_2002_uv2.root
PROGRESS: h80 files=16 processed_entries=2352000000 valid_entries=2351999999 skipped_entries=1 skipped_files=0 current=/data/graal/pre_analisi/pre_analisi_2002_uv2.root
PROGRESS: h80 files=16 processed_entries=2353000000 valid_entries=2352999999 skipped_entries=1 skipped_files=0 current=/data/graal/pre_analisi/pre_analisi_2002_uv2.root
PROGRESS: h80 files=16 processed_entries=2354000000 valid_entries=2353999999 skipped_entries=1 skipped_files=0 current=/data/graal/pre_analisi/pre_analisi_2002_uv2.root
PROGRESS: h80 files=16 processed_entries=2355000000 valid_entries=2354999999 skipped_entries=1 skipped_files=0 current=/data/graal/pre_analisi/pre_analisi_2002_uv2.root
PROGRESS: h80 files=16 processed_entries=2356000000 valid_entries=2355999999 skipped_entries=1 skipped_files=0 current=/data/graal/pre_analisi/pre_analisi_2002_uv2.root
PROGRESS: h80 files=16 processed_entries=2357000000 valid_entries=2356999999 skipped_entries=1 skipped_files=0 current=/data/graal/pre_analisi/pre_analisi_2002_uv2.root
PROGRESS: h80 files=16 processed_entries=2358000000 valid_entries=2357999999 skipped_entries=1 skipped_files=0 current=/data/graal/pre_analisi/pre_analisi_2002_uv2.root
PROGRESS: h80 files=16 processed_entries=2359000000 valid_entries=2358999999 skipped_entries=1 skipped_files=0 current=/data/graal/pre_analisi/pre_analisi_2002_uv2.root
PROGRESS: h80 files=16 processed_entries=2360000000 valid_entries=2359999999 skipped_entries=1 skipped_files=0 current=/data/graal/pre_analisi/pre_analisi_2002_uv2.root
PROGRESS: h80 files=16 processed_entries=2361000000 valid_entries=2360999999 skipped_entries=1 skipped_files=0 current=/data/graal/pre_analisi/pre_analisi_2002_uv2.root
PROGRESS: h80 files=16 processed_entries=2362000000 valid_entries=2361999999 skipped_entries=1 skipped_files=0 current=/data/graal/pre_analisi/pre_analisi_2002_uv2.root
PROGRESS: h80 files=16 processed_entries=2363000000 valid_entries=2362999999 skipped_entries=1 skipped_files=0 current=/data/graal/pre_analisi/pre_analisi_2002_uv2.root
PROGRESS: h80 files=16 processed_entries=2364000000 valid_entries=2363999999 skipped_entries=1 skipped_files=0 current=/data/graal/pre_analisi/pre_analisi_2002_uv2.root
PROGRESS: h80 files=16 processed_entries=2365000000 valid_entries=2364999999 skipped_entries=1 skipped_files=0 current=/data/graal/pre_analisi/pre_analisi_2002_uv2.root
PROGRESS: h80 files=16 processed_entries=2366000000 valid_entries=2365999999 skipped_entries=1 skipped_files=0 current=/data/graal/pre_analisi/pre_analisi_2002_uv2.root
PROGRESS: h80 files=16 processed_entries=2367000000 valid_entries=2366999999 skipped_entries=1 skipped_files=0 current=/data/graal/pre_analisi/pre_analisi_2002_uv2.root
PROGRESS: h80 files=16 processed_entries=2368000000 valid_entries=2367999999 skipped_entries=1 skipped_files=0 current=/data/graal/pre_analisi/pre_analisi_2002_uv2.root
PROGRESS: h80 files=16 processed_entries=2369000000 valid_entries=2368999999 skipped_entries=1 skipped_files=0 current=/data/graal/pre_analisi/pre_analisi_2002_uv2.root
PROGRESS: h80 files=16 processed_entries=2370000000 valid_entries=2369999999 skipped_entries=1 skipped_files=0 current=/data/graal/pre_analisi/pre_analisi_2002_uv2.root
PROGRESS: h80 files=16 processed_entries=2371000000 valid_entries=2370999999 skipped_entries=1 skipped_files=0 current=/data/graal/pre_analisi/pre_analisi_2002_uv2.root
PROGRESS: h80 files=16 processed_entries=2372000000 valid_entries=2371999999 skipped_entries=1 skipped_files=0 current=/data/graal/pre_analisi/pre_analisi_2002_uv2.root
PROGRESS: h80 files=16 processed_entries=2373000000 valid_entries=2372999999 skipped_entries=1 skipped_files=0 current=/data/graal/pre_analisi/pre_analisi_2002_uv2.root
PROGRESS: h80 files=16 processed_entries=2374000000 valid_entries=2373999999 skipped_entries=1 skipped_files=0 current=/data/graal/pre_analisi/pre_analisi_2002_uv2.root
PROGRESS: h80 files=16 processed_entries=2375000000 valid_entries=2374999999 skipped_entries=1 skipped_files=0 current=/data/graal/pre_analisi/pre_analisi_2002_uv2.root
PROGRESS: h80 files=16 processed_entries=2376000000 valid_entries=2375999999 skipped_entries=1 skipped_files=0 current=/data/graal/pre_analisi/pre_analisi_2002_uv2.root
PROGRESS: h80 files=16 processed_entries=2377000000 valid_entries=2376999999 skipped_entries=1 skipped_files=0 current=/data/graal/pre_analisi/pre_analisi_2002_uv2.root
PROGRESS: h80 files=16 processed_entries=2378000000 valid_entries=2377999999 skipped_entries=1 skipped_files=0 current=/data/graal/pre_analisi/pre_analisi_2002_uv2.root
PROGRESS: h80 files=16 processed_entries=2379000000 valid_entries=2378999999 skipped_entries=1 skipped_files=0 current=/data/graal/pre_analisi/pre_analisi_2002_uv2.root
PROGRESS: h80 files=16 processed_entries=2380000000 valid_entries=2379999999 skipped_entries=1 skipped_files=0 current=/data/graal/pre_analisi/pre_analisi_2002_uv2.root
PROGRESS: h80 files=16 processed_entries=2381000000 valid_entries=2380999999 skipped_entries=1 skipped_files=0 current=/data/graal/pre_analisi/pre_analisi_2002_uv2.root
PROGRESS: h80 files=16 processed_entries=2382000000 valid_entries=2381999999 skipped_entries=1 skipped_files=0 current=/data/graal/pre_analisi/pre_analisi_2002_uv2.root
PROGRESS: h80 files=16 processed_entries=2383000000 valid_entries=2382999999 skipped_entries=1 skipped_files=0 current=/data/graal/pre_analisi/pre_analisi_2002_uv2.root
PROGRESS: h80 files=16 processed_entries=2384000000 valid_entries=2383999999 skipped_entries=1 skipped_files=0 current=/data/graal/pre_analisi/pre_analisi_2002_uv2.root
PROGRESS: h80 files=16 processed_entries=2385000000 valid_entries=2384999999 skipped_entries=1 skipped_files=0 current=/data/graal/pre_analisi/pre_analisi_2002_uv2.root
PROGRESS: h80 files=16 processed_entries=2386000000 valid_entries=2385999999 skipped_entries=1 skipped_files=0 current=/data/graal/pre_analisi/pre_analisi_2002_uv2.root
PROGRESS: h80 files=16 processed_entries=2387000000 valid_entries=2386999999 skipped_entries=1 skipped_files=0 current=/data/graal/pre_analisi/pre_analisi_2002_uv2.root
PROGRESS: h80 files=16 processed_entries=2388000000 valid_entries=2387999999 skipped_entries=1 skipped_files=0 current=/data/graal/pre_analisi/pre_analisi_2002_uv2.root
PROGRESS: h80 files=16 processed_entries=2389000000 valid_entries=2388999999 skipped_entries=1 skipped_files=0 current=/data/graal/pre_analisi/pre_analisi_2002_uv2.root
PROGRESS: h80 files=16 processed_entries=2390000000 valid_entries=2389999999 skipped_entries=1 skipped_files=0 current=/data/graal/pre_analisi/pre_analisi_2002_uv2.root
PROGRESS: h80 files=16 processed_entries=2391000000 valid_entries=2390999999 skipped_entries=1 skipped_files=0 current=/data/graal/pre_analisi/pre_analisi_2002_uv2.root
PROGRESS: h80 files=16 processed_entries=2392000000 valid_entries=2391999999 skipped_entries=1 skipped_files=0 current=/data/graal/pre_analisi/pre_analisi_2002_uv2.root
PROGRESS: h80 files=16 processed_entries=2393000000 valid_entries=2392999999 skipped_entries=1 skipped_files=0 current=/data/graal/pre_analisi/pre_analisi_2002_uv2.root
PROGRESS: h80 files=16 processed_entries=2394000000 valid_entries=2393999999 skipped_entries=1 skipped_files=0 current=/data/graal/pre_analisi/pre_analisi_2002_uv2.root
PROGRESS: h80 files=16 processed_entries=2395000000 valid_entries=2394999999 skipped_entries=1 skipped_files=0 current=/data/graal/pre_analisi/pre_analisi_2002_uv2.root
PROGRESS: h80 files=16 processed_entries=2396000000 valid_entries=2395999999 skipped_entries=1 skipped_files=0 current=/data/graal/pre_analisi/pre_analisi_2002_uv2.root
PROGRESS: h80 files=16 processed_entries=2397000000 valid_entries=2396999999 skipped_entries=1 skipped_files=0 current=/data/graal/pre_analisi/pre_analisi_2002_uv2.root
PROGRESS: h80 files=16 processed_entries=2398000000 valid_entries=2397999999 skipped_entries=1 skipped_files=0 current=/data/graal/pre_analisi/pre_analisi_2002_uv2.root
PROGRESS: h80 files=16 processed_entries=2399000000 valid_entries=2398999999 skipped_entries=1 skipped_files=0 current=/data/graal/pre_analisi/pre_analisi_2002_uv2.root
PROGRESS: h80 files=16 processed_entries=2400000000 valid_entries=2399999999 skipped_entries=1 skipped_files=0 current=/data/graal/pre_analisi/pre_analisi_2002_uv2.root
PROGRESS: h80 files=16 processed_entries=2401000000 valid_entries=2400999999 skipped_entries=1 skipped_files=0 current=/data/graal/pre_analisi/pre_analisi_2002_uv2.root
PROGRESS: h80 files=16 processed_entries=2402000000 valid_entries=2401999999 skipped_entries=1 skipped_files=0 current=/data/graal/pre_analisi/pre_analisi_2002_uv2.root
PROGRESS: h80 files=16 processed_entries=2403000000 valid_entries=2402999999 skipped_entries=1 skipped_files=0 current=/data/graal/pre_analisi/pre_analisi_2002_uv2.root
PROGRESS: h80 files=16 processed_entries=2404000000 valid_entries=2403999999 skipped_entries=1 skipped_files=0 current=/data/graal/pre_analisi/pre_analisi_2002_uv2.root
PROGRESS: h80 files=16 processed_entries=2405000000 valid_entries=2404999999 skipped_entries=1 skipped_files=0 current=/data/graal/pre_analisi/pre_analisi_2002_uv2.root
PROGRESS: h80 files=16 processed_entries=2406000000 valid_entries=2405999999 skipped_entries=1 skipped_files=0 current=/data/graal/pre_analisi/pre_analisi_2002_uv2.root
PROGRESS: h80 files=16 processed_entries=2407000000 valid_entries=2406999999 skipped_entries=1 skipped_files=0 current=/data/graal/pre_analisi/pre_analisi_2002_uv2.root
PROGRESS: h80 files=16 processed_entries=2408000000 valid_entries=2407999999 skipped_entries=1 skipped_files=0 current=/data/graal/pre_analisi/pre_analisi_2002_uv2.root
PROGRESS: h80 files=16 processed_entries=2409000000 valid_entries=2408999999 skipped_entries=1 skipped_files=0 current=/data/graal/pre_analisi/pre_analisi_2002_uv2.root
PROGRESS: h80 files=16 processed_entries=2410000000 valid_entries=2409999999 skipped_entries=1 skipped_files=0 current=/data/graal/pre_analisi/pre_analisi_2002_uv2.root
PROGRESS: h80 files=16 processed_entries=2411000000 valid_entries=2410999999 skipped_entries=1 skipped_files=0 current=/data/graal/pre_analisi/pre_analisi_2002_uv2.root
PROGRESS: h80 files=16 processed_entries=2412000000 valid_entries=2411999999 skipped_entries=1 skipped_files=0 current=/data/graal/pre_analisi/pre_analisi_2002_uv2.root
PROGRESS: h80 files=16 processed_entries=2413000000 valid_entries=2412999999 skipped_entries=1 skipped_files=0 current=/data/graal/pre_analisi/pre_analisi_2002_uv2.root
PROGRESS: h80 files=16 processed_entries=2414000000 valid_entries=2413999999 skipped_entries=1 skipped_files=0 current=/data/graal/pre_analisi/pre_analisi_2002_uv2.root
PROGRESS: h80 files=16 processed_entries=2415000000 valid_entries=2414999999 skipped_entries=1 skipped_files=0 current=/data/graal/pre_analisi/pre_analisi_2002_uv2.root
PROGRESS: h80 files=16 processed_entries=2416000000 valid_entries=2415999999 skipped_entries=1 skipped_files=0 current=/data/graal/pre_analisi/pre_analisi_2002_uv2.root
PROGRESS: h80 files=16 processed_entries=2417000000 valid_entries=2416999999 skipped_entries=1 skipped_files=0 current=/data/graal/pre_analisi/pre_analisi_2002_uv2.root
PROGRESS: h80 files=16 processed_entries=2418000000 valid_entries=2417999999 skipped_entries=1 skipped_files=0 current=/data/graal/pre_analisi/pre_analisi_2002_uv2.root
PROGRESS: h80 files=16 processed_entries=2419000000 valid_entries=2418999999 skipped_entries=1 skipped_files=0 current=/data/graal/pre_analisi/pre_analisi_2002_uv2.root
PROGRESS: h80 files=16 processed_entries=2420000000 valid_entries=2419999999 skipped_entries=1 skipped_files=0 current=/data/graal/pre_analisi/pre_analisi_2002_uv2.root
PROGRESS: h80 files=16 processed_entries=2421000000 valid_entries=2420999999 skipped_entries=1 skipped_files=0 current=/data/graal/pre_analisi/pre_analisi_2002_uv2.root
PROGRESS: h80 files=16 processed_entries=2422000000 valid_entries=2421999999 skipped_entries=1 skipped_files=0 current=/data/graal/pre_analisi/pre_analisi_2002_uv2.root
PROGRESS: h80 files=16 processed_entries=2423000000 valid_entries=2422999999 skipped_entries=1 skipped_files=0 current=/data/graal/pre_analisi/pre_analisi_2002_uv2.root
PROGRESS: h80 files=16 processed_entries=2424000000 valid_entries=2423999999 skipped_entries=1 skipped_files=0 current=/data/graal/pre_analisi/pre_analisi_2002_uv2.root
PROGRESS: h80 files=16 processed_entries=2425000000 valid_entries=2424999999 skipped_entries=1 skipped_files=0 current=/data/graal/pre_analisi/pre_analisi_2002_uv2.root
PROGRESS: h80 files=16 processed_entries=2426000000 valid_entries=2425999999 skipped_entries=1 skipped_files=0 current=/data/graal/pre_analisi/pre_analisi_2002_uv2.root
PROGRESS: h80 files=16 processed_entries=2427000000 valid_entries=2426999999 skipped_entries=1 skipped_files=0 current=/data/graal/pre_analisi/pre_analisi_2002_uv2.root
PROGRESS: h80 files=16 processed_entries=2428000000 valid_entries=2427999999 skipped_entries=1 skipped_files=0 current=/data/graal/pre_analisi/pre_analisi_2002_uv2.root
PROGRESS: h80 files=16 processed_entries=2429000000 valid_entries=2428999999 skipped_entries=1 skipped_files=0 current=/data/graal/pre_analisi/pre_analisi_2002_uv2.root
PROGRESS: h80 files=16 processed_entries=2430000000 valid_entries=2429999999 skipped_entries=1 skipped_files=0 current=/data/graal/pre_analisi/pre_analisi_2002_uv2.root
PROGRESS: h80 files=16 processed_entries=2431000000 valid_entries=2430999999 skipped_entries=1 skipped_files=0 current=/data/graal/pre_analisi/pre_analisi_2002_uv2.root
PROGRESS: h80 files=16 processed_entries=2432000000 valid_entries=2431999999 skipped_entries=1 skipped_files=0 current=/data/graal/pre_analisi/pre_analisi_2002_uv2.root
PROGRESS: h80 files=16 processed_entries=2433000000 valid_entries=2432999999 skipped_entries=1 skipped_files=0 current=/data/graal/pre_analisi/pre_analisi_2002_uv2.root
PROGRESS: h80 files=16 processed_entries=2434000000 valid_entries=2433999999 skipped_entries=1 skipped_files=0 current=/data/graal/pre_analisi/pre_analisi_2002_uv2.root
PROGRESS: h80 files=16 processed_entries=2435000000 valid_entries=2434999999 skipped_entries=1 skipped_files=0 current=/data/graal/pre_analisi/pre_analisi_2002_uv2.root
PROGRESS: h80 files=16 processed_entries=2436000000 valid_entries=2435999999 skipped_entries=1 skipped_files=0 current=/data/graal/pre_analisi/pre_analisi_2002_uv2.root
PROGRESS: h80 files=16 processed_entries=2437000000 valid_entries=2436999999 skipped_entries=1 skipped_files=0 current=/data/graal/pre_analisi/pre_analisi_2002_uv2.root
PROGRESS: h80 files=16 processed_entries=2438000000 valid_entries=2437999999 skipped_entries=1 skipped_files=0 current=/data/graal/pre_analisi/pre_analisi_2002_uv2.root
PROGRESS: h80 files=16 processed_entries=2439000000 valid_entries=2438999999 skipped_entries=1 skipped_files=0 current=/data/graal/pre_analisi/pre_analisi_2002_uv2.root
PROGRESS: h80 files=16 processed_entries=2440000000 valid_entries=2439999999 skipped_entries=1 skipped_files=0 current=/data/graal/pre_analisi/pre_analisi_2002_uv2.root
PROGRESS: h80 files=16 processed_entries=2441000000 valid_entries=2440999999 skipped_entries=1 skipped_files=0 current=/data/graal/pre_analisi/pre_analisi_2002_uv2.root
PROGRESS: h80 files=16 processed_entries=2442000000 valid_entries=2441999999 skipped_entries=1 skipped_files=0 current=/data/graal/pre_analisi/pre_analisi_2002_uv2.root
PROGRESS: h80 files=16 processed_entries=2443000000 valid_entries=2442999999 skipped_entries=1 skipped_files=0 current=/data/graal/pre_analisi/pre_analisi_2002_uv2.root
PROGRESS: h80 files=16 processed_entries=2444000000 valid_entries=2443999999 skipped_entries=1 skipped_files=0 current=/data/graal/pre_analisi/pre_analisi_2002_uv2.root
PROGRESS: h80 files=16 processed_entries=2445000000 valid_entries=2444999999 skipped_entries=1 skipped_files=0 current=/data/graal/pre_analisi/pre_analisi_2002_uv2.root
PROGRESS: h80 files=16 processed_entries=2446000000 valid_entries=2445999999 skipped_entries=1 skipped_files=0 current=/data/graal/pre_analisi/pre_analisi_2002_uv2.root
PROGRESS: h80 files=16 processed_entries=2447000000 valid_entries=2446999999 skipped_entries=1 skipped_files=0 current=/data/graal/pre_analisi/pre_analisi_2002_uv2.root
PROGRESS: h80 files=16 processed_entries=2448000000 valid_entries=2447999999 skipped_entries=1 skipped_files=0 current=/data/graal/pre_analisi/pre_analisi_2002_uv2.root
PROGRESS: h80 files=16 processed_entries=2449000000 valid_entries=2448999999 skipped_entries=1 skipped_files=0 current=/data/graal/pre_analisi/pre_analisi_2002_uv2.root
PROGRESS: h80 files=16 processed_entries=2450000000 valid_entries=2449999999 skipped_entries=1 skipped_files=0 current=/data/graal/pre_analisi/pre_analisi_2002_uv2.root
PROGRESS: h80 files=16 processed_entries=2451000000 valid_entries=2450999999 skipped_entries=1 skipped_files=0 current=/data/graal/pre_analisi/pre_analisi_2002_uv2.root
PROGRESS: h80 files=16 processed_entries=2452000000 valid_entries=2451999999 skipped_entries=1 skipped_files=0 current=/data/graal/pre_analisi/pre_analisi_2002_uv2.root
PROGRESS: h80 files=16 processed_entries=2453000000 valid_entries=2452999999 skipped_entries=1 skipped_files=0 current=/data/graal/pre_analisi/pre_analisi_2002_uv2.root
PROGRESS: h80 files=16 processed_entries=2454000000 valid_entries=2453999999 skipped_entries=1 skipped_files=0 current=/data/graal/pre_analisi/pre_analisi_2002_uv2.root
PROGRESS: h80 files=16 processed_entries=2455000000 valid_entries=2454999999 skipped_entries=1 skipped_files=0 current=/data/graal/pre_analisi/pre_analisi_2002_uv2.root
PROGRESS: h80 files=16 processed_entries=2456000000 valid_entries=2455999999 skipped_entries=1 skipped_files=0 current=/data/graal/pre_analisi/pre_analisi_2002_uv2.root
PROGRESS: h80 files=16 processed_entries=2457000000 valid_entries=2456999999 skipped_entries=1 skipped_files=0 current=/data/graal/pre_analisi/pre_analisi_2002_uv2.root
PROGRESS: h80 files=16 processed_entries=2458000000 valid_entries=2457999999 skipped_entries=1 skipped_files=0 current=/data/graal/pre_analisi/pre_analisi_2002_uv2.root
PROGRESS: h80 files=16 processed_entries=2459000000 valid_entries=2458999999 skipped_entries=1 skipped_files=0 current=/data/graal/pre_analisi/pre_analisi_2002_uv2.root
PROGRESS: h80 files=16 processed_entries=2460000000 valid_entries=2459999999 skipped_entries=1 skipped_files=0 current=/data/graal/pre_analisi/pre_analisi_2002_uv2.root
PROGRESS: h80 files=16 processed_entries=2461000000 valid_entries=2460999999 skipped_entries=1 skipped_files=0 current=/data/graal/pre_analisi/pre_analisi_2002_uv2.root
PROGRESS: h80 files=16 processed_entries=2462000000 valid_entries=2461999999 skipped_entries=1 skipped_files=0 current=/data/graal/pre_analisi/pre_analisi_2002_uv2.root
PROGRESS: h80 files=16 processed_entries=2463000000 valid_entries=2462999999 skipped_entries=1 skipped_files=0 current=/data/graal/pre_analisi/pre_analisi_2002_uv2.root
PROGRESS: h80 files=16 processed_entries=2464000000 valid_entries=2463999999 skipped_entries=1 skipped_files=0 current=/data/graal/pre_analisi/pre_analisi_2002_uv2.root
PROGRESS: h80 files=16 processed_entries=2465000000 valid_entries=2464999999 skipped_entries=1 skipped_files=0 current=/data/graal/pre_analisi/pre_analisi_2002_uv2.root
PROGRESS: h80 files=16 processed_entries=2466000000 valid_entries=2465999999 skipped_entries=1 skipped_files=0 current=/data/graal/pre_analisi/pre_analisi_2002_uv2.root
PROGRESS: h80 files=16 processed_entries=2467000000 valid_entries=2466999999 skipped_entries=1 skipped_files=0 current=/data/graal/pre_analisi/pre_analisi_2002_uv2.root
PROGRESS: h80 files=16 processed_entries=2468000000 valid_entries=2467999999 skipped_entries=1 skipped_files=0 current=/data/graal/pre_analisi/pre_analisi_2002_uv2.root
PROGRESS: h80 files=16 processed_entries=2469000000 valid_entries=2468999999 skipped_entries=1 skipped_files=0 current=/data/graal/pre_analisi/pre_analisi_2002_uv2.root
PROGRESS: h80 files=16 processed_entries=2470000000 valid_entries=2469999999 skipped_entries=1 skipped_files=0 current=/data/graal/pre_analisi/pre_analisi_2002_uv2.root
PROGRESS: h80 files=16 processed_entries=2471000000 valid_entries=2470999999 skipped_entries=1 skipped_files=0 current=/data/graal/pre_analisi/pre_analisi_2002_uv2.root
PROGRESS: h80 files=16 processed_entries=2472000000 valid_entries=2471999999 skipped_entries=1 skipped_files=0 current=/data/graal/pre_analisi/pre_analisi_2002_uv2.root
PROGRESS: h80 files=16 processed_entries=2473000000 valid_entries=2472999999 skipped_entries=1 skipped_files=0 current=/data/graal/pre_analisi/pre_analisi_2002_uv2.root
PROGRESS: h80 files=16 processed_entries=2474000000 valid_entries=2473999999 skipped_entries=1 skipped_files=0 current=/data/graal/pre_analisi/pre_analisi_2002_uv2.root
PROGRESS: h80 files=16 processed_entries=2475000000 valid_entries=2474999999 skipped_entries=1 skipped_files=0 current=/data/graal/pre_analisi/pre_analisi_2002_uv2.root
PROGRESS: h80 files=16 processed_entries=2476000000 valid_entries=2475999999 skipped_entries=1 skipped_files=0 current=/data/graal/pre_analisi/pre_analisi_2002_uv2.root
PROGRESS: h80 files=16 processed_entries=2477000000 valid_entries=2476999999 skipped_entries=1 skipped_files=0 current=/data/graal/pre_analisi/pre_analisi_2002_uv2.root
PROGRESS: h80 files=16 processed_entries=2478000000 valid_entries=2477999999 skipped_entries=1 skipped_files=0 current=/data/graal/pre_analisi/pre_analisi_2002_uv2.root
PROGRESS: h80 files=16 processed_entries=2479000000 valid_entries=2478999999 skipped_entries=1 skipped_files=0 current=/data/graal/pre_analisi/pre_analisi_2002_uv2.root
PROGRESS: h80 files=16 processed_entries=2480000000 valid_entries=2479999999 skipped_entries=1 skipped_files=0 current=/data/graal/pre_analisi/pre_analisi_2002_uv2.root
PROGRESS: h80 files=16 processed_entries=2481000000 valid_entries=2480999999 skipped_entries=1 skipped_files=0 current=/data/graal/pre_analisi/pre_analisi_2002_uv2.root
PROGRESS: h80 files=16 processed_entries=2482000000 valid_entries=2481999999 skipped_entries=1 skipped_files=0 current=/data/graal/pre_analisi/pre_analisi_2002_uv2.root
PROGRESS: h80 files=16 processed_entries=2483000000 valid_entries=2482999999 skipped_entries=1 skipped_files=0 current=/data/graal/pre_analisi/pre_analisi_2002_uv2.root
PROGRESS: h80 files=16 processed_entries=2484000000 valid_entries=2483999999 skipped_entries=1 skipped_files=0 current=/data/graal/pre_analisi/pre_analisi_2002_uv2.root
PROGRESS: h80 files=16 processed_entries=2485000000 valid_entries=2484999999 skipped_entries=1 skipped_files=0 current=/data/graal/pre_analisi/pre_analisi_2002_uv2.root
PROGRESS: h80 files=16 processed_entries=2486000000 valid_entries=2485999999 skipped_entries=1 skipped_files=0 current=/data/graal/pre_analisi/pre_analisi_2002_uv2.root
PROGRESS: h80 files=16 processed_entries=2487000000 valid_entries=2486999999 skipped_entries=1 skipped_files=0 current=/data/graal/pre_analisi/pre_analisi_2002_uv2.root
PROGRESS: h80 files=16 processed_entries=2488000000 valid_entries=2487999999 skipped_entries=1 skipped_files=0 current=/data/graal/pre_analisi/pre_analisi_2002_uv2.root
PROGRESS: h80 files=16 processed_entries=2489000000 valid_entries=2488999999 skipped_entries=1 skipped_files=0 current=/data/graal/pre_analisi/pre_analisi_2002_uv2.root
PROGRESS: h80 files=16 processed_entries=2490000000 valid_entries=2489999999 skipped_entries=1 skipped_files=0 current=/data/graal/pre_analisi/pre_analisi_2002_uv2.root
PROGRESS: h80 files=16 processed_entries=2491000000 valid_entries=2490999999 skipped_entries=1 skipped_files=0 current=/data/graal/pre_analisi/pre_analisi_2002_uv2.root
PROGRESS: h80 files=16 processed_entries=2492000000 valid_entries=2491999999 skipped_entries=1 skipped_files=0 current=/data/graal/pre_analisi/pre_analisi_2002_uv2.root
PROGRESS: h80 files=16 processed_entries=2493000000 valid_entries=2492999999 skipped_entries=1 skipped_files=0 current=/data/graal/pre_analisi/pre_analisi_2002_uv2.root
PROGRESS: h80 files=16 processed_entries=2494000000 valid_entries=2493999999 skipped_entries=1 skipped_files=0 current=/data/graal/pre_analisi/pre_analisi_2002_uv2.root
PROGRESS: h80 files=16 processed_entries=2495000000 valid_entries=2494999999 skipped_entries=1 skipped_files=0 current=/data/graal/pre_analisi/pre_analisi_2002_uv2.root
PROGRESS: h80 files=16 processed_entries=2496000000 valid_entries=2495999999 skipped_entries=1 skipped_files=0 current=/data/graal/pre_analisi/pre_analisi_2002_uv2.root
PROGRESS: h80 files=16 processed_entries=2497000000 valid_entries=2496999999 skipped_entries=1 skipped_files=0 current=/data/graal/pre_analisi/pre_analisi_2002_uv2.root
PROGRESS: h80 files=16 processed_entries=2498000000 valid_entries=2497999999 skipped_entries=1 skipped_files=0 current=/data/graal/pre_analisi/pre_analisi_2002_uv2.root
PROGRESS: h80 files=16 processed_entries=2499000000 valid_entries=2498999999 skipped_entries=1 skipped_files=0 current=/data/graal/pre_analisi/pre_analisi_2002_uv2.root
PROGRESS: h80 files=16 processed_entries=2500000000 valid_entries=2499999999 skipped_entries=1 skipped_files=0 current=/data/graal/pre_analisi/pre_analisi_2002_uv2.root
PROGRESS: h80 files=16 processed_entries=2501000000 valid_entries=2500999999 skipped_entries=1 skipped_files=0 current=/data/graal/pre_analisi/pre_analisi_2002_uv2.root
PROGRESS: h80 files=16 processed_entries=2502000000 valid_entries=2501999999 skipped_entries=1 skipped_files=0 current=/data/graal/pre_analisi/pre_analisi_2002_uv2.root
PROGRESS: h80 files=16 processed_entries=2503000000 valid_entries=2502999999 skipped_entries=1 skipped_files=0 current=/data/graal/pre_analisi/pre_analisi_2002_uv2.root
PROGRESS: h80 files=16 processed_entries=2504000000 valid_entries=2503999999 skipped_entries=1 skipped_files=0 current=/data/graal/pre_analisi/pre_analisi_2002_uv2.root
PROGRESS: h80 files=16 processed_entries=2505000000 valid_entries=2504999999 skipped_entries=1 skipped_files=0 current=/data/graal/pre_analisi/pre_analisi_2002_uv2.root
PROGRESS: h80 files=16 processed_entries=2506000000 valid_entries=2505999999 skipped_entries=1 skipped_files=0 current=/data/graal/pre_analisi/pre_analisi_2002_uv2.root
PROGRESS: h80 files=16 processed_entries=2507000000 valid_entries=2506999999 skipped_entries=1 skipped_files=0 current=/data/graal/pre_analisi/pre_analisi_2002_uv2.root
PROGRESS: h80 files=16 processed_entries=2508000000 valid_entries=2507999999 skipped_entries=1 skipped_files=0 current=/data/graal/pre_analisi/pre_analisi_2002_uv2.root
PROGRESS: h80 files=16 processed_entries=2509000000 valid_entries=2508999999 skipped_entries=1 skipped_files=0 current=/data/graal/pre_analisi/pre_analisi_2002_uv2.root
PROGRESS: h80 files=16 processed_entries=2510000000 valid_entries=2509999999 skipped_entries=1 skipped_files=0 current=/data/graal/pre_analisi/pre_analisi_2002_uv2.root
PROGRESS: h80 files=16 processed_entries=2511000000 valid_entries=2510999999 skipped_entries=1 skipped_files=0 current=/data/graal/pre_analisi/pre_analisi_2002_uv2.root
PROGRESS: h80 files=16 processed_entries=2512000000 valid_entries=2511999999 skipped_entries=1 skipped_files=0 current=/data/graal/pre_analisi/pre_analisi_2002_uv2.root
PROGRESS: h80 files=16 processed_entries=2513000000 valid_entries=2512999999 skipped_entries=1 skipped_files=0 current=/data/graal/pre_analisi/pre_analisi_2002_uv2.root
PROGRESS: h80 files=16 processed_entries=2514000000 valid_entries=2513999999 skipped_entries=1 skipped_files=0 current=/data/graal/pre_analisi/pre_analisi_2002_uv2.root
PROGRESS: h80 files=16 processed_entries=2515000000 valid_entries=2514999999 skipped_entries=1 skipped_files=0 current=/data/graal/pre_analisi/pre_analisi_2002_uv2.root
PROGRESS: h80 files=16 processed_entries=2516000000 valid_entries=2515999999 skipped_entries=1 skipped_files=0 current=/data/graal/pre_analisi/pre_analisi_2002_uv2.root
PROGRESS: h80 files=16 processed_entries=2517000000 valid_entries=2516999999 skipped_entries=1 skipped_files=0 current=/data/graal/pre_analisi/pre_analisi_2002_uv2.root
PROGRESS: h80 files=16 processed_entries=2518000000 valid_entries=2517999999 skipped_entries=1 skipped_files=0 current=/data/graal/pre_analisi/pre_analisi_2002_uv2.root
PROGRESS: h80 files=16 processed_entries=2519000000 valid_entries=2518999999 skipped_entries=1 skipped_files=0 current=/data/graal/pre_analisi/pre_analisi_2002_uv2.root
PROGRESS: h80 files=16 processed_entries=2520000000 valid_entries=2519999999 skipped_entries=1 skipped_files=0 current=/data/graal/pre_analisi/pre_analisi_2002_uv2.root
PROGRESS: h80 files=16 processed_entries=2521000000 valid_entries=2520999999 skipped_entries=1 skipped_files=0 current=/data/graal/pre_analisi/pre_analisi_2002_uv2.root
PROGRESS: h80 files=16 processed_entries=2522000000 valid_entries=2521999999 skipped_entries=1 skipped_files=0 current=/data/graal/pre_analisi/pre_analisi_2002_uv2.root
PROGRESS: h80 files=16 processed_entries=2523000000 valid_entries=2522999999 skipped_entries=1 skipped_files=0 current=/data/graal/pre_analisi/pre_analisi_2002_uv2.root
PROGRESS: h80 files=16 processed_entries=2524000000 valid_entries=2523999999 skipped_entries=1 skipped_files=0 current=/data/graal/pre_analisi/pre_analisi_2002_uv2.root
PROGRESS: h80 files=16 processed_entries=2525000000 valid_entries=2524999999 skipped_entries=1 skipped_files=0 current=/data/graal/pre_analisi/pre_analisi_2002_uv2.root
PROGRESS: h80 files=16 processed_entries=2526000000 valid_entries=2525999999 skipped_entries=1 skipped_files=0 current=/data/graal/pre_analisi/pre_analisi_2002_uv2.root
PROGRESS: h80 files=16 processed_entries=2527000000 valid_entries=2526999999 skipped_entries=1 skipped_files=0 current=/data/graal/pre_analisi/pre_analisi_2002_uv2.root
PROGRESS: h80 files=16 processed_entries=2528000000 valid_entries=2527999999 skipped_entries=1 skipped_files=0 current=/data/graal/pre_analisi/pre_analisi_2002_uv2.root
PROGRESS: h80 files=16 processed_entries=2529000000 valid_entries=2528999999 skipped_entries=1 skipped_files=0 current=/data/graal/pre_analisi/pre_analisi_2002_uv2.root
PROGRESS: h80 files=16 processed_entries=2530000000 valid_entries=2529999999 skipped_entries=1 skipped_files=0 current=/data/graal/pre_analisi/pre_analisi_2002_uv2.root
PROGRESS: h80 files=16 processed_entries=2531000000 valid_entries=2530999999 skipped_entries=1 skipped_files=0 current=/data/graal/pre_analisi/pre_analisi_2002_uv2.root
PROGRESS: h80 files=16 processed_entries=2532000000 valid_entries=2531999999 skipped_entries=1 skipped_files=0 current=/data/graal/pre_analisi/pre_analisi_2002_uv2.root
PROGRESS: h80 files=16 processed_entries=2533000000 valid_entries=2532999999 skipped_entries=1 skipped_files=0 current=/data/graal/pre_analisi/pre_analisi_2002_uv2.root
PROGRESS: h80 files=16 processed_entries=2534000000 valid_entries=2533999999 skipped_entries=1 skipped_files=0 current=/data/graal/pre_analisi/pre_analisi_2002_uv2.root
PROGRESS: h80 files=16 processed_entries=2535000000 valid_entries=2534999999 skipped_entries=1 skipped_files=0 current=/data/graal/pre_analisi/pre_analisi_2002_uv2.root
PROGRESS: h80 files=16 processed_entries=2536000000 valid_entries=2535999999 skipped_entries=1 skipped_files=0 current=/data/graal/pre_analisi/pre_analisi_2002_uv2.root
PROGRESS: h80 files=16 processed_entries=2537000000 valid_entries=2536999999 skipped_entries=1 skipped_files=0 current=/data/graal/pre_analisi/pre_analisi_2002_uv2.root
PROGRESS: h80 files=16 processed_entries=2538000000 valid_entries=2537999999 skipped_entries=1 skipped_files=0 current=/data/graal/pre_analisi/pre_analisi_2002_uv2.root
PROGRESS: h80 files=16 processed_entries=2539000000 valid_entries=2538999999 skipped_entries=1 skipped_files=0 current=/data/graal/pre_analisi/pre_analisi_2002_uv2.root
PROGRESS: h80 files=16 processed_entries=2540000000 valid_entries=2539999999 skipped_entries=1 skipped_files=0 current=/data/graal/pre_analisi/pre_analisi_2002_uv2.root
PROGRESS: h80 files=16 processed_entries=2541000000 valid_entries=2540999999 skipped_entries=1 skipped_files=0 current=/data/graal/pre_analisi/pre_analisi_2002_uv2.root
PROGRESS: h80 files=16 processed_entries=2542000000 valid_entries=2541999999 skipped_entries=1 skipped_files=0 current=/data/graal/pre_analisi/pre_analisi_2002_uv2.root
PROGRESS: h80 files=16 processed_entries=2543000000 valid_entries=2542999999 skipped_entries=1 skipped_files=0 current=/data/graal/pre_analisi/pre_analisi_2002_uv2.root
PROGRESS: h80 files=16 processed_entries=2544000000 valid_entries=2543999999 skipped_entries=1 skipped_files=0 current=/data/graal/pre_analisi/pre_analisi_2002_uv2.root
PROGRESS: h80 files=16 processed_entries=2545000000 valid_entries=2544999999 skipped_entries=1 skipped_files=0 current=/data/graal/pre_analisi/pre_analisi_2002_uv2.root
PROGRESS: h80 files=16 processed_entries=2546000000 valid_entries=2545999999 skipped_entries=1 skipped_files=0 current=/data/graal/pre_analisi/pre_analisi_2002_uv2.root
PROGRESS: h80 files=16 processed_entries=2547000000 valid_entries=2546999999 skipped_entries=1 skipped_files=0 current=/data/graal/pre_analisi/pre_analisi_2002_uv2.root
PROGRESS: h80 files=16 processed_entries=2548000000 valid_entries=2547999999 skipped_entries=1 skipped_files=0 current=/data/graal/pre_analisi/pre_analisi_2002_uv2.root
PROGRESS: h80 files=16 processed_entries=2549000000 valid_entries=2548999999 skipped_entries=1 skipped_files=0 current=/data/graal/pre_analisi/pre_analisi_2002_uv2.root
PROGRESS: h80 files=16 processed_entries=2550000000 valid_entries=2549999999 skipped_entries=1 skipped_files=0 current=/data/graal/pre_analisi/pre_analisi_2002_uv2.root
PROGRESS: h80 files=16 processed_entries=2551000000 valid_entries=2550999999 skipped_entries=1 skipped_files=0 current=/data/graal/pre_analisi/pre_analisi_2002_uv2.root
PROGRESS: h80 files=16 processed_entries=2552000000 valid_entries=2551999999 skipped_entries=1 skipped_files=0 current=/data/graal/pre_analisi/pre_analisi_2002_uv2.root
PROGRESS: h80 files=16 processed_entries=2553000000 valid_entries=2552999999 skipped_entries=1 skipped_files=0 current=/data/graal/pre_analisi/pre_analisi_2002_uv2.root
PROGRESS: h80 files=16 processed_entries=2554000000 valid_entries=2553999999 skipped_entries=1 skipped_files=0 current=/data/graal/pre_analisi/pre_analisi_2002_uv2.root
PROGRESS: h80 files=16 processed_entries=2555000000 valid_entries=2554999999 skipped_entries=1 skipped_files=0 current=/data/graal/pre_analisi/pre_analisi_2002_uv2.root
PROGRESS: h80 files=16 processed_entries=2556000000 valid_entries=2555999999 skipped_entries=1 skipped_files=0 current=/data/graal/pre_analisi/pre_analisi_2002_uv2.root
PROGRESS: h80 files=16 processed_entries=2557000000 valid_entries=2556999999 skipped_entries=1 skipped_files=0 current=/data/graal/pre_analisi/pre_analisi_2002_uv2.root
PROGRESS: h80 files=16 processed_entries=2558000000 valid_entries=2557999999 skipped_entries=1 skipped_files=0 current=/data/graal/pre_analisi/pre_analisi_2002_uv2.root
PROGRESS: h80 files=16 processed_entries=2559000000 valid_entries=2558999999 skipped_entries=1 skipped_files=0 current=/data/graal/pre_analisi/pre_analisi_2002_uv2.root
PROGRESS: h80 files=16 processed_entries=2560000000 valid_entries=2559999999 skipped_entries=1 skipped_files=0 current=/data/graal/pre_analisi/pre_analisi_2002_uv2.root
PROGRESS: h80 files=16 processed_entries=2561000000 valid_entries=2560999999 skipped_entries=1 skipped_files=0 current=/data/graal/pre_analisi/pre_analisi_2002_uv2.root
PROGRESS: h80 files=16 processed_entries=2562000000 valid_entries=2561999999 skipped_entries=1 skipped_files=0 current=/data/graal/pre_analisi/pre_analisi_2002_uv2.root
PROGRESS: h80 files=16 processed_entries=2563000000 valid_entries=2562999999 skipped_entries=1 skipped_files=0 current=/data/graal/pre_analisi/pre_analisi_2002_uv2.root
PROGRESS: h80 files=16 processed_entries=2564000000 valid_entries=2563999999 skipped_entries=1 skipped_files=0 current=/data/graal/pre_analisi/pre_analisi_2002_uv2.root
PROGRESS: h80 files=16 processed_entries=2565000000 valid_entries=2564999999 skipped_entries=1 skipped_files=0 current=/data/graal/pre_analisi/pre_analisi_2002_uv2.root
PROGRESS: h80 files=16 processed_entries=2566000000 valid_entries=2565999999 skipped_entries=1 skipped_files=0 current=/data/graal/pre_analisi/pre_analisi_2002_uv2.root
PROGRESS: h80 files=16 processed_entries=2567000000 valid_entries=2566999999 skipped_entries=1 skipped_files=0 current=/data/graal/pre_analisi/pre_analisi_2002_uv2.root
PROGRESS: h80 files=16 processed_entries=2568000000 valid_entries=2567999999 skipped_entries=1 skipped_files=0 current=/data/graal/pre_analisi/pre_analisi_2002_uv2.root
PROGRESS: h80 files=16 processed_entries=2569000000 valid_entries=2568999999 skipped_entries=1 skipped_files=0 current=/data/graal/pre_analisi/pre_analisi_2002_uv2.root
PROGRESS: h80 files=16 processed_entries=2570000000 valid_entries=2569999999 skipped_entries=1 skipped_files=0 current=/data/graal/pre_analisi/pre_analisi_2002_uv2.root
PROGRESS: h80 files=16 processed_entries=2571000000 valid_entries=2570999999 skipped_entries=1 skipped_files=0 current=/data/graal/pre_analisi/pre_analisi_2002_uv2.root
PROGRESS: h80 files=16 processed_entries=2572000000 valid_entries=2571999999 skipped_entries=1 skipped_files=0 current=/data/graal/pre_analisi/pre_analisi_2002_uv2.root
PROGRESS: h80 files=16 processed_entries=2573000000 valid_entries=2572999999 skipped_entries=1 skipped_files=0 current=/data/graal/pre_analisi/pre_analisi_2002_uv2.root
PROGRESS: h80 files=16 processed_entries=2574000000 valid_entries=2573999999 skipped_entries=1 skipped_files=0 current=/data/graal/pre_analisi/pre_analisi_2002_uv2.root
PROGRESS: h80 files=16 processed_entries=2575000000 valid_entries=2574999999 skipped_entries=1 skipped_files=0 current=/data/graal/pre_analisi/pre_analisi_2002_uv2.root
PROGRESS: h80 files=16 processed_entries=2576000000 valid_entries=2575999999 skipped_entries=1 skipped_files=0 current=/data/graal/pre_analisi/pre_analisi_2002_uv2.root
PROGRESS: h80 files=16 processed_entries=2577000000 valid_entries=2576999999 skipped_entries=1 skipped_files=0 current=/data/graal/pre_analisi/pre_analisi_2002_uv2.root
PROGRESS: h80 files=16 processed_entries=2578000000 valid_entries=2577999999 skipped_entries=1 skipped_files=0 current=/data/graal/pre_analisi/pre_analisi_2002_uv2.root
PROGRESS: h80 files=16 processed_entries=2578861117 valid_entries=2578861116 skipped_entries=1 skipped_files=0 completed=/data/graal/pre_analisi/pre_analisi_2002_uv2.root
PROGRESS: h80 files=17 processed_entries=2579000000 valid_entries=2578999999 skipped_entries=1 skipped_files=0 current=/data/graal/pre_analisi/pre_analisi_2002_vis1.root
PROGRESS: h80 files=17 processed_entries=2580000000 valid_entries=2579999999 skipped_entries=1 skipped_files=0 current=/data/graal/pre_analisi/pre_analisi_2002_vis1.root
PROGRESS: h80 files=17 processed_entries=2581000000 valid_entries=2580999999 skipped_entries=1 skipped_files=0 current=/data/graal/pre_analisi/pre_analisi_2002_vis1.root
PROGRESS: h80 files=17 processed_entries=2582000000 valid_entries=2581999999 skipped_entries=1 skipped_files=0 current=/data/graal/pre_analisi/pre_analisi_2002_vis1.root
PROGRESS: h80 files=17 processed_entries=2583000000 valid_entries=2582999999 skipped_entries=1 skipped_files=0 current=/data/graal/pre_analisi/pre_analisi_2002_vis1.root
PROGRESS: h80 files=17 processed_entries=2584000000 valid_entries=2583999999 skipped_entries=1 skipped_files=0 current=/data/graal/pre_analisi/pre_analisi_2002_vis1.root
PROGRESS: h80 files=17 processed_entries=2585000000 valid_entries=2584999999 skipped_entries=1 skipped_files=0 current=/data/graal/pre_analisi/pre_analisi_2002_vis1.root
PROGRESS: h80 files=17 processed_entries=2586000000 valid_entries=2585999999 skipped_entries=1 skipped_files=0 current=/data/graal/pre_analisi/pre_analisi_2002_vis1.root
PROGRESS: h80 files=17 processed_entries=2587000000 valid_entries=2586999999 skipped_entries=1 skipped_files=0 current=/data/graal/pre_analisi/pre_analisi_2002_vis1.root
PROGRESS: h80 files=17 processed_entries=2588000000 valid_entries=2587999999 skipped_entries=1 skipped_files=0 current=/data/graal/pre_analisi/pre_analisi_2002_vis1.root
PROGRESS: h80 files=17 processed_entries=2589000000 valid_entries=2588999999 skipped_entries=1 skipped_files=0 current=/data/graal/pre_analisi/pre_analisi_2002_vis1.root
PROGRESS: h80 files=17 processed_entries=2590000000 valid_entries=2589999999 skipped_entries=1 skipped_files=0 current=/data/graal/pre_analisi/pre_analisi_2002_vis1.root
PROGRESS: h80 files=17 processed_entries=2591000000 valid_entries=2590999999 skipped_entries=1 skipped_files=0 current=/data/graal/pre_analisi/pre_analisi_2002_vis1.root
PROGRESS: h80 files=17 processed_entries=2592000000 valid_entries=2591999999 skipped_entries=1 skipped_files=0 current=/data/graal/pre_analisi/pre_analisi_2002_vis1.root
PROGRESS: h80 files=17 processed_entries=2593000000 valid_entries=2592999999 skipped_entries=1 skipped_files=0 current=/data/graal/pre_analisi/pre_analisi_2002_vis1.root
PROGRESS: h80 files=17 processed_entries=2594000000 valid_entries=2593999999 skipped_entries=1 skipped_files=0 current=/data/graal/pre_analisi/pre_analisi_2002_vis1.root
PROGRESS: h80 files=17 processed_entries=2595000000 valid_entries=2594999999 skipped_entries=1 skipped_files=0 current=/data/graal/pre_analisi/pre_analisi_2002_vis1.root
PROGRESS: h80 files=17 processed_entries=2596000000 valid_entries=2595999999 skipped_entries=1 skipped_files=0 current=/data/graal/pre_analisi/pre_analisi_2002_vis1.root
PROGRESS: h80 files=17 processed_entries=2597000000 valid_entries=2596999999 skipped_entries=1 skipped_files=0 current=/data/graal/pre_analisi/pre_analisi_2002_vis1.root
PROGRESS: h80 files=17 processed_entries=2598000000 valid_entries=2597999999 skipped_entries=1 skipped_files=0 current=/data/graal/pre_analisi/pre_analisi_2002_vis1.root
PROGRESS: h80 files=17 processed_entries=2599000000 valid_entries=2598999999 skipped_entries=1 skipped_files=0 current=/data/graal/pre_analisi/pre_analisi_2002_vis1.root
PROGRESS: h80 files=17 processed_entries=2600000000 valid_entries=2599999999 skipped_entries=1 skipped_files=0 current=/data/graal/pre_analisi/pre_analisi_2002_vis1.root
PROGRESS: h80 files=17 processed_entries=2601000000 valid_entries=2600999999 skipped_entries=1 skipped_files=0 current=/data/graal/pre_analisi/pre_analisi_2002_vis1.root
PROGRESS: h80 files=17 processed_entries=2602000000 valid_entries=2601999999 skipped_entries=1 skipped_files=0 current=/data/graal/pre_analisi/pre_analisi_2002_vis1.root
PROGRESS: h80 files=17 processed_entries=2603000000 valid_entries=2602999999 skipped_entries=1 skipped_files=0 current=/data/graal/pre_analisi/pre_analisi_2002_vis1.root
PROGRESS: h80 files=17 processed_entries=2604000000 valid_entries=2603999999 skipped_entries=1 skipped_files=0 current=/data/graal/pre_analisi/pre_analisi_2002_vis1.root
PROGRESS: h80 files=17 processed_entries=2605000000 valid_entries=2604999999 skipped_entries=1 skipped_files=0 current=/data/graal/pre_analisi/pre_analisi_2002_vis1.root
PROGRESS: h80 files=17 processed_entries=2606000000 valid_entries=2605999999 skipped_entries=1 skipped_files=0 current=/data/graal/pre_analisi/pre_analisi_2002_vis1.root
PROGRESS: h80 files=17 processed_entries=2607000000 valid_entries=2606999999 skipped_entries=1 skipped_files=0 current=/data/graal/pre_analisi/pre_analisi_2002_vis1.root
PROGRESS: h80 files=17 processed_entries=2608000000 valid_entries=2607999999 skipped_entries=1 skipped_files=0 current=/data/graal/pre_analisi/pre_analisi_2002_vis1.root
PROGRESS: h80 files=17 processed_entries=2609000000 valid_entries=2608999999 skipped_entries=1 skipped_files=0 current=/data/graal/pre_analisi/pre_analisi_2002_vis1.root
PROGRESS: h80 files=17 processed_entries=2610000000 valid_entries=2609999999 skipped_entries=1 skipped_files=0 current=/data/graal/pre_analisi/pre_analisi_2002_vis1.root
PROGRESS: h80 files=17 processed_entries=2611000000 valid_entries=2610999999 skipped_entries=1 skipped_files=0 current=/data/graal/pre_analisi/pre_analisi_2002_vis1.root
PROGRESS: h80 files=17 processed_entries=2612000000 valid_entries=2611999999 skipped_entries=1 skipped_files=0 current=/data/graal/pre_analisi/pre_analisi_2002_vis1.root
PROGRESS: h80 files=17 processed_entries=2613000000 valid_entries=2612999999 skipped_entries=1 skipped_files=0 current=/data/graal/pre_analisi/pre_analisi_2002_vis1.root
PROGRESS: h80 files=17 processed_entries=2614000000 valid_entries=2613999999 skipped_entries=1 skipped_files=0 current=/data/graal/pre_analisi/pre_analisi_2002_vis1.root
PROGRESS: h80 files=17 processed_entries=2615000000 valid_entries=2614999999 skipped_entries=1 skipped_files=0 current=/data/graal/pre_analisi/pre_analisi_2002_vis1.root
PROGRESS: h80 files=17 processed_entries=2616000000 valid_entries=2615999999 skipped_entries=1 skipped_files=0 current=/data/graal/pre_analisi/pre_analisi_2002_vis1.root
PROGRESS: h80 files=17 processed_entries=2617000000 valid_entries=2616999999 skipped_entries=1 skipped_files=0 current=/data/graal/pre_analisi/pre_analisi_2002_vis1.root
PROGRESS: h80 files=17 processed_entries=2618000000 valid_entries=2617999999 skipped_entries=1 skipped_files=0 current=/data/graal/pre_analisi/pre_analisi_2002_vis1.root
PROGRESS: h80 files=17 processed_entries=2619000000 valid_entries=2618999999 skipped_entries=1 skipped_files=0 current=/data/graal/pre_analisi/pre_analisi_2002_vis1.root
PROGRESS: h80 files=17 processed_entries=2620000000 valid_entries=2619999999 skipped_entries=1 skipped_files=0 current=/data/graal/pre_analisi/pre_analisi_2002_vis1.root
PROGRESS: h80 files=17 processed_entries=2621000000 valid_entries=2620999999 skipped_entries=1 skipped_files=0 current=/data/graal/pre_analisi/pre_analisi_2002_vis1.root
PROGRESS: h80 files=17 processed_entries=2622000000 valid_entries=2621999999 skipped_entries=1 skipped_files=0 current=/data/graal/pre_analisi/pre_analisi_2002_vis1.root
PROGRESS: h80 files=17 processed_entries=2623000000 valid_entries=2622999999 skipped_entries=1 skipped_files=0 current=/data/graal/pre_analisi/pre_analisi_2002_vis1.root
PROGRESS: h80 files=17 processed_entries=2624000000 valid_entries=2623999999 skipped_entries=1 skipped_files=0 current=/data/graal/pre_analisi/pre_analisi_2002_vis1.root
PROGRESS: h80 files=17 processed_entries=2625000000 valid_entries=2624999999 skipped_entries=1 skipped_files=0 current=/data/graal/pre_analisi/pre_analisi_2002_vis1.root
PROGRESS: h80 files=17 processed_entries=2626000000 valid_entries=2625999999 skipped_entries=1 skipped_files=0 current=/data/graal/pre_analisi/pre_analisi_2002_vis1.root
PROGRESS: h80 files=17 processed_entries=2627000000 valid_entries=2626999999 skipped_entries=1 skipped_files=0 current=/data/graal/pre_analisi/pre_analisi_2002_vis1.root
PROGRESS: h80 files=17 processed_entries=2628000000 valid_entries=2627999999 skipped_entries=1 skipped_files=0 current=/data/graal/pre_analisi/pre_analisi_2002_vis1.root
PROGRESS: h80 files=17 processed_entries=2629000000 valid_entries=2628999999 skipped_entries=1 skipped_files=0 current=/data/graal/pre_analisi/pre_analisi_2002_vis1.root
PROGRESS: h80 files=17 processed_entries=2630000000 valid_entries=2629999999 skipped_entries=1 skipped_files=0 current=/data/graal/pre_analisi/pre_analisi_2002_vis1.root
PROGRESS: h80 files=17 processed_entries=2631000000 valid_entries=2630999999 skipped_entries=1 skipped_files=0 current=/data/graal/pre_analisi/pre_analisi_2002_vis1.root
PROGRESS: h80 files=17 processed_entries=2632000000 valid_entries=2631999999 skipped_entries=1 skipped_files=0 current=/data/graal/pre_analisi/pre_analisi_2002_vis1.root
PROGRESS: h80 files=17 processed_entries=2633000000 valid_entries=2632999999 skipped_entries=1 skipped_files=0 current=/data/graal/pre_analisi/pre_analisi_2002_vis1.root
PROGRESS: h80 files=17 processed_entries=2634000000 valid_entries=2633999999 skipped_entries=1 skipped_files=0 current=/data/graal/pre_analisi/pre_analisi_2002_vis1.root
PROGRESS: h80 files=17 processed_entries=2635000000 valid_entries=2634999999 skipped_entries=1 skipped_files=0 current=/data/graal/pre_analisi/pre_analisi_2002_vis1.root
PROGRESS: h80 files=17 processed_entries=2636000000 valid_entries=2635999999 skipped_entries=1 skipped_files=0 current=/data/graal/pre_analisi/pre_analisi_2002_vis1.root
PROGRESS: h80 files=17 processed_entries=2637000000 valid_entries=2636999999 skipped_entries=1 skipped_files=0 current=/data/graal/pre_analisi/pre_analisi_2002_vis1.root
PROGRESS: h80 files=17 processed_entries=2638000000 valid_entries=2637999999 skipped_entries=1 skipped_files=0 current=/data/graal/pre_analisi/pre_analisi_2002_vis1.root
PROGRESS: h80 files=17 processed_entries=2639000000 valid_entries=2638999999 skipped_entries=1 skipped_files=0 current=/data/graal/pre_analisi/pre_analisi_2002_vis1.root
PROGRESS: h80 files=17 processed_entries=2640000000 valid_entries=2639999999 skipped_entries=1 skipped_files=0 current=/data/graal/pre_analisi/pre_analisi_2002_vis1.root
PROGRESS: h80 files=17 processed_entries=2641000000 valid_entries=2640999999 skipped_entries=1 skipped_files=0 current=/data/graal/pre_analisi/pre_analisi_2002_vis1.root
PROGRESS: h80 files=17 processed_entries=2642000000 valid_entries=2641999999 skipped_entries=1 skipped_files=0 current=/data/graal/pre_analisi/pre_analisi_2002_vis1.root
PROGRESS: h80 files=17 processed_entries=2643000000 valid_entries=2642999999 skipped_entries=1 skipped_files=0 current=/data/graal/pre_analisi/pre_analisi_2002_vis1.root
PROGRESS: h80 files=17 processed_entries=2644000000 valid_entries=2643999999 skipped_entries=1 skipped_files=0 current=/data/graal/pre_analisi/pre_analisi_2002_vis1.root
PROGRESS: h80 files=17 processed_entries=2645000000 valid_entries=2644999999 skipped_entries=1 skipped_files=0 current=/data/graal/pre_analisi/pre_analisi_2002_vis1.root
PROGRESS: h80 files=17 processed_entries=2646000000 valid_entries=2645999999 skipped_entries=1 skipped_files=0 current=/data/graal/pre_analisi/pre_analisi_2002_vis1.root
PROGRESS: h80 files=17 processed_entries=2647000000 valid_entries=2646999999 skipped_entries=1 skipped_files=0 current=/data/graal/pre_analisi/pre_analisi_2002_vis1.root
PROGRESS: h80 files=17 processed_entries=2648000000 valid_entries=2647999999 skipped_entries=1 skipped_files=0 current=/data/graal/pre_analisi/pre_analisi_2002_vis1.root
PROGRESS: h80 files=17 processed_entries=2649000000 valid_entries=2648999999 skipped_entries=1 skipped_files=0 current=/data/graal/pre_analisi/pre_analisi_2002_vis1.root
PROGRESS: h80 files=17 processed_entries=2650000000 valid_entries=2649999999 skipped_entries=1 skipped_files=0 current=/data/graal/pre_analisi/pre_analisi_2002_vis1.root
PROGRESS: h80 files=17 processed_entries=2651000000 valid_entries=2650999999 skipped_entries=1 skipped_files=0 current=/data/graal/pre_analisi/pre_analisi_2002_vis1.root
PROGRESS: h80 files=17 processed_entries=2652000000 valid_entries=2651999999 skipped_entries=1 skipped_files=0 current=/data/graal/pre_analisi/pre_analisi_2002_vis1.root
PROGRESS: h80 files=17 processed_entries=2653000000 valid_entries=2652999999 skipped_entries=1 skipped_files=0 current=/data/graal/pre_analisi/pre_analisi_2002_vis1.root
PROGRESS: h80 files=17 processed_entries=2654000000 valid_entries=2653999999 skipped_entries=1 skipped_files=0 current=/data/graal/pre_analisi/pre_analisi_2002_vis1.root
PROGRESS: h80 files=17 processed_entries=2655000000 valid_entries=2654999999 skipped_entries=1 skipped_files=0 current=/data/graal/pre_analisi/pre_analisi_2002_vis1.root
PROGRESS: h80 files=17 processed_entries=2656000000 valid_entries=2655999999 skipped_entries=1 skipped_files=0 current=/data/graal/pre_analisi/pre_analisi_2002_vis1.root
PROGRESS: h80 files=17 processed_entries=2657000000 valid_entries=2656999999 skipped_entries=1 skipped_files=0 current=/data/graal/pre_analisi/pre_analisi_2002_vis1.root
PROGRESS: h80 files=17 processed_entries=2658000000 valid_entries=2657999999 skipped_entries=1 skipped_files=0 current=/data/graal/pre_analisi/pre_analisi_2002_vis1.root
PROGRESS: h80 files=17 processed_entries=2659000000 valid_entries=2658999999 skipped_entries=1 skipped_files=0 current=/data/graal/pre_analisi/pre_analisi_2002_vis1.root
PROGRESS: h80 files=17 processed_entries=2660000000 valid_entries=2659999999 skipped_entries=1 skipped_files=0 current=/data/graal/pre_analisi/pre_analisi_2002_vis1.root
PROGRESS: h80 files=17 processed_entries=2661000000 valid_entries=2660999999 skipped_entries=1 skipped_files=0 current=/data/graal/pre_analisi/pre_analisi_2002_vis1.root
PROGRESS: h80 files=17 processed_entries=2662000000 valid_entries=2661999999 skipped_entries=1 skipped_files=0 current=/data/graal/pre_analisi/pre_analisi_2002_vis1.root
PROGRESS: h80 files=17 processed_entries=2663000000 valid_entries=2662999999 skipped_entries=1 skipped_files=0 current=/data/graal/pre_analisi/pre_analisi_2002_vis1.root
PROGRESS: h80 files=17 processed_entries=2664000000 valid_entries=2663999999 skipped_entries=1 skipped_files=0 current=/data/graal/pre_analisi/pre_analisi_2002_vis1.root
PROGRESS: h80 files=17 processed_entries=2665000000 valid_entries=2664999999 skipped_entries=1 skipped_files=0 current=/data/graal/pre_analisi/pre_analisi_2002_vis1.root
PROGRESS: h80 files=17 processed_entries=2666000000 valid_entries=2665999999 skipped_entries=1 skipped_files=0 current=/data/graal/pre_analisi/pre_analisi_2002_vis1.root
PROGRESS: h80 files=17 processed_entries=2667000000 valid_entries=2666999999 skipped_entries=1 skipped_files=0 current=/data/graal/pre_analisi/pre_analisi_2002_vis1.root
PROGRESS: h80 files=17 processed_entries=2668000000 valid_entries=2667999999 skipped_entries=1 skipped_files=0 current=/data/graal/pre_analisi/pre_analisi_2002_vis1.root
PROGRESS: h80 files=17 processed_entries=2669000000 valid_entries=2668999999 skipped_entries=1 skipped_files=0 current=/data/graal/pre_analisi/pre_analisi_2002_vis1.root
PROGRESS: h80 files=17 processed_entries=2670000000 valid_entries=2669999999 skipped_entries=1 skipped_files=0 current=/data/graal/pre_analisi/pre_analisi_2002_vis1.root
PROGRESS: h80 files=17 processed_entries=2671000000 valid_entries=2670999999 skipped_entries=1 skipped_files=0 current=/data/graal/pre_analisi/pre_analisi_2002_vis1.root
PROGRESS: h80 files=17 processed_entries=2672000000 valid_entries=2671999999 skipped_entries=1 skipped_files=0 current=/data/graal/pre_analisi/pre_analisi_2002_vis1.root
PROGRESS: h80 files=17 processed_entries=2673000000 valid_entries=2672999999 skipped_entries=1 skipped_files=0 current=/data/graal/pre_analisi/pre_analisi_2002_vis1.root
PROGRESS: h80 files=17 processed_entries=2674000000 valid_entries=2673999999 skipped_entries=1 skipped_files=0 current=/data/graal/pre_analisi/pre_analisi_2002_vis1.root
PROGRESS: h80 files=17 processed_entries=2675000000 valid_entries=2674999999 skipped_entries=1 skipped_files=0 current=/data/graal/pre_analisi/pre_analisi_2002_vis1.root
PROGRESS: h80 files=17 processed_entries=2676000000 valid_entries=2675999999 skipped_entries=1 skipped_files=0 current=/data/graal/pre_analisi/pre_analisi_2002_vis1.root
PROGRESS: h80 files=17 processed_entries=2677000000 valid_entries=2676999999 skipped_entries=1 skipped_files=0 current=/data/graal/pre_analisi/pre_analisi_2002_vis1.root
PROGRESS: h80 files=17 processed_entries=2678000000 valid_entries=2677999999 skipped_entries=1 skipped_files=0 current=/data/graal/pre_analisi/pre_analisi_2002_vis1.root
PROGRESS: h80 files=17 processed_entries=2679000000 valid_entries=2678999999 skipped_entries=1 skipped_files=0 current=/data/graal/pre_analisi/pre_analisi_2002_vis1.root
PROGRESS: h80 files=17 processed_entries=2680000000 valid_entries=2679999999 skipped_entries=1 skipped_files=0 current=/data/graal/pre_analisi/pre_analisi_2002_vis1.root
PROGRESS: h80 files=17 processed_entries=2681000000 valid_entries=2680999999 skipped_entries=1 skipped_files=0 current=/data/graal/pre_analisi/pre_analisi_2002_vis1.root
PROGRESS: h80 files=17 processed_entries=2682000000 valid_entries=2681999999 skipped_entries=1 skipped_files=0 current=/data/graal/pre_analisi/pre_analisi_2002_vis1.root
PROGRESS: h80 files=17 processed_entries=2683000000 valid_entries=2682999999 skipped_entries=1 skipped_files=0 current=/data/graal/pre_analisi/pre_analisi_2002_vis1.root
PROGRESS: h80 files=17 processed_entries=2684000000 valid_entries=2683999999 skipped_entries=1 skipped_files=0 current=/data/graal/pre_analisi/pre_analisi_2002_vis1.root
PROGRESS: h80 files=17 processed_entries=2685000000 valid_entries=2684999999 skipped_entries=1 skipped_files=0 current=/data/graal/pre_analisi/pre_analisi_2002_vis1.root
PROGRESS: h80 files=17 processed_entries=2686000000 valid_entries=2685999999 skipped_entries=1 skipped_files=0 current=/data/graal/pre_analisi/pre_analisi_2002_vis1.root
PROGRESS: h80 files=17 processed_entries=2687000000 valid_entries=2686999999 skipped_entries=1 skipped_files=0 current=/data/graal/pre_analisi/pre_analisi_2002_vis1.root
PROGRESS: h80 files=17 processed_entries=2688000000 valid_entries=2687999999 skipped_entries=1 skipped_files=0 current=/data/graal/pre_analisi/pre_analisi_2002_vis1.root
PROGRESS: h80 files=17 processed_entries=2689000000 valid_entries=2688999999 skipped_entries=1 skipped_files=0 current=/data/graal/pre_analisi/pre_analisi_2002_vis1.root
PROGRESS: h80 files=17 processed_entries=2690000000 valid_entries=2689999999 skipped_entries=1 skipped_files=0 current=/data/graal/pre_analisi/pre_analisi_2002_vis1.root
PROGRESS: h80 files=17 processed_entries=2691000000 valid_entries=2690999999 skipped_entries=1 skipped_files=0 current=/data/graal/pre_analisi/pre_analisi_2002_vis1.root
PROGRESS: h80 files=17 processed_entries=2692000000 valid_entries=2691999999 skipped_entries=1 skipped_files=0 current=/data/graal/pre_analisi/pre_analisi_2002_vis1.root
PROGRESS: h80 files=17 processed_entries=2693000000 valid_entries=2692999999 skipped_entries=1 skipped_files=0 current=/data/graal/pre_analisi/pre_analisi_2002_vis1.root
PROGRESS: h80 files=17 processed_entries=2694000000 valid_entries=2693999999 skipped_entries=1 skipped_files=0 current=/data/graal/pre_analisi/pre_analisi_2002_vis1.root
PROGRESS: h80 files=17 processed_entries=2695000000 valid_entries=2694999999 skipped_entries=1 skipped_files=0 current=/data/graal/pre_analisi/pre_analisi_2002_vis1.root
PROGRESS: h80 files=17 processed_entries=2696000000 valid_entries=2695999999 skipped_entries=1 skipped_files=0 current=/data/graal/pre_analisi/pre_analisi_2002_vis1.root
PROGRESS: h80 files=17 processed_entries=2697000000 valid_entries=2696999999 skipped_entries=1 skipped_files=0 current=/data/graal/pre_analisi/pre_analisi_2002_vis1.root
PROGRESS: h80 files=17 processed_entries=2698000000 valid_entries=2697999999 skipped_entries=1 skipped_files=0 current=/data/graal/pre_analisi/pre_analisi_2002_vis1.root
PROGRESS: h80 files=17 processed_entries=2699000000 valid_entries=2698999999 skipped_entries=1 skipped_files=0 current=/data/graal/pre_analisi/pre_analisi_2002_vis1.root
PROGRESS: h80 files=17 processed_entries=2700000000 valid_entries=2699999999 skipped_entries=1 skipped_files=0 current=/data/graal/pre_analisi/pre_analisi_2002_vis1.root
PROGRESS: h80 files=17 processed_entries=2701000000 valid_entries=2700999999 skipped_entries=1 skipped_files=0 current=/data/graal/pre_analisi/pre_analisi_2002_vis1.root
PROGRESS: h80 files=17 processed_entries=2702000000 valid_entries=2701999999 skipped_entries=1 skipped_files=0 current=/data/graal/pre_analisi/pre_analisi_2002_vis1.root
PROGRESS: h80 files=17 processed_entries=2703000000 valid_entries=2702999999 skipped_entries=1 skipped_files=0 current=/data/graal/pre_analisi/pre_analisi_2002_vis1.root
PROGRESS: h80 files=17 processed_entries=2704000000 valid_entries=2703999999 skipped_entries=1 skipped_files=0 current=/data/graal/pre_analisi/pre_analisi_2002_vis1.root
PROGRESS: h80 files=17 processed_entries=2705000000 valid_entries=2704999999 skipped_entries=1 skipped_files=0 current=/data/graal/pre_analisi/pre_analisi_2002_vis1.root
PROGRESS: h80 files=17 processed_entries=2706000000 valid_entries=2705999999 skipped_entries=1 skipped_files=0 current=/data/graal/pre_analisi/pre_analisi_2002_vis1.root
PROGRESS: h80 files=17 processed_entries=2707000000 valid_entries=2706999999 skipped_entries=1 skipped_files=0 current=/data/graal/pre_analisi/pre_analisi_2002_vis1.root
PROGRESS: h80 files=17 processed_entries=2708000000 valid_entries=2707999999 skipped_entries=1 skipped_files=0 current=/data/graal/pre_analisi/pre_analisi_2002_vis1.root
PROGRESS: h80 files=17 processed_entries=2709000000 valid_entries=2708999999 skipped_entries=1 skipped_files=0 current=/data/graal/pre_analisi/pre_analisi_2002_vis1.root
PROGRESS: h80 files=17 processed_entries=2710000000 valid_entries=2709999999 skipped_entries=1 skipped_files=0 current=/data/graal/pre_analisi/pre_analisi_2002_vis1.root
PROGRESS: h80 files=17 processed_entries=2711000000 valid_entries=2710999999 skipped_entries=1 skipped_files=0 current=/data/graal/pre_analisi/pre_analisi_2002_vis1.root
PROGRESS: h80 files=17 processed_entries=2712000000 valid_entries=2711999999 skipped_entries=1 skipped_files=0 current=/data/graal/pre_analisi/pre_analisi_2002_vis1.root
PROGRESS: h80 files=17 processed_entries=2713000000 valid_entries=2712999999 skipped_entries=1 skipped_files=0 current=/data/graal/pre_analisi/pre_analisi_2002_vis1.root
PROGRESS: h80 files=17 processed_entries=2714000000 valid_entries=2713999999 skipped_entries=1 skipped_files=0 current=/data/graal/pre_analisi/pre_analisi_2002_vis1.root
PROGRESS: h80 files=17 processed_entries=2715000000 valid_entries=2714999999 skipped_entries=1 skipped_files=0 current=/data/graal/pre_analisi/pre_analisi_2002_vis1.root
PROGRESS: h80 files=17 processed_entries=2715929918 valid_entries=2715929917 skipped_entries=1 skipped_files=0 completed=/data/graal/pre_analisi/pre_analisi_2002_vis1.root
PROGRESS: h80 files=18 processed_entries=2716000000 valid_entries=2715999999 skipped_entries=1 skipped_files=0 current=/data/graal/pre_analisi/pre_analisi_2002_vis2.root
PROGRESS: h80 files=18 processed_entries=2717000000 valid_entries=2716999999 skipped_entries=1 skipped_files=0 current=/data/graal/pre_analisi/pre_analisi_2002_vis2.root
PROGRESS: h80 files=18 processed_entries=2718000000 valid_entries=2717999999 skipped_entries=1 skipped_files=0 current=/data/graal/pre_analisi/pre_analisi_2002_vis2.root
PROGRESS: h80 files=18 processed_entries=2719000000 valid_entries=2718999999 skipped_entries=1 skipped_files=0 current=/data/graal/pre_analisi/pre_analisi_2002_vis2.root
PROGRESS: h80 files=18 processed_entries=2720000000 valid_entries=2719999999 skipped_entries=1 skipped_files=0 current=/data/graal/pre_analisi/pre_analisi_2002_vis2.root
PROGRESS: h80 files=18 processed_entries=2721000000 valid_entries=2720999999 skipped_entries=1 skipped_files=0 current=/data/graal/pre_analisi/pre_analisi_2002_vis2.root
PROGRESS: h80 files=18 processed_entries=2722000000 valid_entries=2721999999 skipped_entries=1 skipped_files=0 current=/data/graal/pre_analisi/pre_analisi_2002_vis2.root
PROGRESS: h80 files=18 processed_entries=2723000000 valid_entries=2722999999 skipped_entries=1 skipped_files=0 current=/data/graal/pre_analisi/pre_analisi_2002_vis2.root
PROGRESS: h80 files=18 processed_entries=2724000000 valid_entries=2723999999 skipped_entries=1 skipped_files=0 current=/data/graal/pre_analisi/pre_analisi_2002_vis2.root
PROGRESS: h80 files=18 processed_entries=2725000000 valid_entries=2724999999 skipped_entries=1 skipped_files=0 current=/data/graal/pre_analisi/pre_analisi_2002_vis2.root
PROGRESS: h80 files=18 processed_entries=2726000000 valid_entries=2725999999 skipped_entries=1 skipped_files=0 current=/data/graal/pre_analisi/pre_analisi_2002_vis2.root
PROGRESS: h80 files=18 processed_entries=2727000000 valid_entries=2726999999 skipped_entries=1 skipped_files=0 current=/data/graal/pre_analisi/pre_analisi_2002_vis2.root
PROGRESS: h80 files=18 processed_entries=2728000000 valid_entries=2727999999 skipped_entries=1 skipped_files=0 current=/data/graal/pre_analisi/pre_analisi_2002_vis2.root
PROGRESS: h80 files=18 processed_entries=2729000000 valid_entries=2728999999 skipped_entries=1 skipped_files=0 current=/data/graal/pre_analisi/pre_analisi_2002_vis2.root
PROGRESS: h80 files=18 processed_entries=2730000000 valid_entries=2729999999 skipped_entries=1 skipped_files=0 current=/data/graal/pre_analisi/pre_analisi_2002_vis2.root
PROGRESS: h80 files=18 processed_entries=2731000000 valid_entries=2730999999 skipped_entries=1 skipped_files=0 current=/data/graal/pre_analisi/pre_analisi_2002_vis2.root
PROGRESS: h80 files=18 processed_entries=2732000000 valid_entries=2731999999 skipped_entries=1 skipped_files=0 current=/data/graal/pre_analisi/pre_analisi_2002_vis2.root
PROGRESS: h80 files=18 processed_entries=2733000000 valid_entries=2732999999 skipped_entries=1 skipped_files=0 current=/data/graal/pre_analisi/pre_analisi_2002_vis2.root
PROGRESS: h80 files=18 processed_entries=2734000000 valid_entries=2733999999 skipped_entries=1 skipped_files=0 current=/data/graal/pre_analisi/pre_analisi_2002_vis2.root
PROGRESS: h80 files=18 processed_entries=2735000000 valid_entries=2734999999 skipped_entries=1 skipped_files=0 current=/data/graal/pre_analisi/pre_analisi_2002_vis2.root
PROGRESS: h80 files=18 processed_entries=2736000000 valid_entries=2735999999 skipped_entries=1 skipped_files=0 current=/data/graal/pre_analisi/pre_analisi_2002_vis2.root
PROGRESS: h80 files=18 processed_entries=2737000000 valid_entries=2736999999 skipped_entries=1 skipped_files=0 current=/data/graal/pre_analisi/pre_analisi_2002_vis2.root
PROGRESS: h80 files=18 processed_entries=2738000000 valid_entries=2737999999 skipped_entries=1 skipped_files=0 current=/data/graal/pre_analisi/pre_analisi_2002_vis2.root
PROGRESS: h80 files=18 processed_entries=2739000000 valid_entries=2738999999 skipped_entries=1 skipped_files=0 current=/data/graal/pre_analisi/pre_analisi_2002_vis2.root
PROGRESS: h80 files=18 processed_entries=2740000000 valid_entries=2739999999 skipped_entries=1 skipped_files=0 current=/data/graal/pre_analisi/pre_analisi_2002_vis2.root
PROGRESS: h80 files=18 processed_entries=2741000000 valid_entries=2740999999 skipped_entries=1 skipped_files=0 current=/data/graal/pre_analisi/pre_analisi_2002_vis2.root
PROGRESS: h80 files=18 processed_entries=2742000000 valid_entries=2741999999 skipped_entries=1 skipped_files=0 current=/data/graal/pre_analisi/pre_analisi_2002_vis2.root
PROGRESS: h80 files=18 processed_entries=2743000000 valid_entries=2742999999 skipped_entries=1 skipped_files=0 current=/data/graal/pre_analisi/pre_analisi_2002_vis2.root
PROGRESS: h80 files=18 processed_entries=2744000000 valid_entries=2743999999 skipped_entries=1 skipped_files=0 current=/data/graal/pre_analisi/pre_analisi_2002_vis2.root
PROGRESS: h80 files=18 processed_entries=2745000000 valid_entries=2744999999 skipped_entries=1 skipped_files=0 current=/data/graal/pre_analisi/pre_analisi_2002_vis2.root
PROGRESS: h80 files=18 processed_entries=2746000000 valid_entries=2745999999 skipped_entries=1 skipped_files=0 current=/data/graal/pre_analisi/pre_analisi_2002_vis2.root
PROGRESS: h80 files=18 processed_entries=2747000000 valid_entries=2746999999 skipped_entries=1 skipped_files=0 current=/data/graal/pre_analisi/pre_analisi_2002_vis2.root
PROGRESS: h80 files=18 processed_entries=2748000000 valid_entries=2747999999 skipped_entries=1 skipped_files=0 current=/data/graal/pre_analisi/pre_analisi_2002_vis2.root
PROGRESS: h80 files=18 processed_entries=2749000000 valid_entries=2748999999 skipped_entries=1 skipped_files=0 current=/data/graal/pre_analisi/pre_analisi_2002_vis2.root
PROGRESS: h80 files=18 processed_entries=2750000000 valid_entries=2749999999 skipped_entries=1 skipped_files=0 current=/data/graal/pre_analisi/pre_analisi_2002_vis2.root
PROGRESS: h80 files=18 processed_entries=2751000000 valid_entries=2750999999 skipped_entries=1 skipped_files=0 current=/data/graal/pre_analisi/pre_analisi_2002_vis2.root
PROGRESS: h80 files=18 processed_entries=2752000000 valid_entries=2751999999 skipped_entries=1 skipped_files=0 current=/data/graal/pre_analisi/pre_analisi_2002_vis2.root
PROGRESS: h80 files=18 processed_entries=2753000000 valid_entries=2752999999 skipped_entries=1 skipped_files=0 current=/data/graal/pre_analisi/pre_analisi_2002_vis2.root
PROGRESS: h80 files=18 processed_entries=2754000000 valid_entries=2753999999 skipped_entries=1 skipped_files=0 current=/data/graal/pre_analisi/pre_analisi_2002_vis2.root
PROGRESS: h80 files=18 processed_entries=2755000000 valid_entries=2754999999 skipped_entries=1 skipped_files=0 current=/data/graal/pre_analisi/pre_analisi_2002_vis2.root
PROGRESS: h80 files=18 processed_entries=2756000000 valid_entries=2755999999 skipped_entries=1 skipped_files=0 current=/data/graal/pre_analisi/pre_analisi_2002_vis2.root
PROGRESS: h80 files=18 processed_entries=2757000000 valid_entries=2756999999 skipped_entries=1 skipped_files=0 current=/data/graal/pre_analisi/pre_analisi_2002_vis2.root
PROGRESS: h80 files=18 processed_entries=2758000000 valid_entries=2757999999 skipped_entries=1 skipped_files=0 current=/data/graal/pre_analisi/pre_analisi_2002_vis2.root
PROGRESS: h80 files=18 processed_entries=2759000000 valid_entries=2758999999 skipped_entries=1 skipped_files=0 current=/data/graal/pre_analisi/pre_analisi_2002_vis2.root
PROGRESS: h80 files=18 processed_entries=2760000000 valid_entries=2759999999 skipped_entries=1 skipped_files=0 current=/data/graal/pre_analisi/pre_analisi_2002_vis2.root
PROGRESS: h80 files=18 processed_entries=2760169704 valid_entries=2760169703 skipped_entries=1 skipped_files=0 completed=/data/graal/pre_analisi/pre_analisi_2002_vis2.root
WARNING: /data/graal/pre_analisi/pre_analisi_2003_vis.root: h80 entry 0: Xstrip outside 1..128: 9.862048523135947e-39
WARNING: /data/graal/pre_analisi/pre_analisi_2003_vis.root: h80 entry 1: Xstrip outside 1..128: 9.862048523135947e-39
PROGRESS: h80 files=19 processed_entries=2761000000 valid_entries=2760999997 skipped_entries=3 skipped_files=0 current=/data/graal/pre_analisi/pre_analisi_2003_vis.root
PROGRESS: h80 files=19 processed_entries=2762000000 valid_entries=2761999997 skipped_entries=3 skipped_files=0 current=/data/graal/pre_analisi/pre_analisi_2003_vis.root
PROGRESS: h80 files=19 processed_entries=2763000000 valid_entries=2762999997 skipped_entries=3 skipped_files=0 current=/data/graal/pre_analisi/pre_analisi_2003_vis.root
PROGRESS: h80 files=19 processed_entries=2764000000 valid_entries=2763999997 skipped_entries=3 skipped_files=0 current=/data/graal/pre_analisi/pre_analisi_2003_vis.root
PROGRESS: h80 files=19 processed_entries=2765000000 valid_entries=2764999997 skipped_entries=3 skipped_files=0 current=/data/graal/pre_analisi/pre_analisi_2003_vis.root
PROGRESS: h80 files=19 processed_entries=2766000000 valid_entries=2765999997 skipped_entries=3 skipped_files=0 current=/data/graal/pre_analisi/pre_analisi_2003_vis.root
PROGRESS: h80 files=19 processed_entries=2767000000 valid_entries=2766999997 skipped_entries=3 skipped_files=0 current=/data/graal/pre_analisi/pre_analisi_2003_vis.root
PROGRESS: h80 files=19 processed_entries=2768000000 valid_entries=2767999997 skipped_entries=3 skipped_files=0 current=/data/graal/pre_analisi/pre_analisi_2003_vis.root
PROGRESS: h80 files=19 processed_entries=2769000000 valid_entries=2768999997 skipped_entries=3 skipped_files=0 current=/data/graal/pre_analisi/pre_analisi_2003_vis.root
PROGRESS: h80 files=19 processed_entries=2770000000 valid_entries=2769999997 skipped_entries=3 skipped_files=0 current=/data/graal/pre_analisi/pre_analisi_2003_vis.root
PROGRESS: h80 files=19 processed_entries=2771000000 valid_entries=2770999997 skipped_entries=3 skipped_files=0 current=/data/graal/pre_analisi/pre_analisi_2003_vis.root
PROGRESS: h80 files=19 processed_entries=2772000000 valid_entries=2771999997 skipped_entries=3 skipped_files=0 current=/data/graal/pre_analisi/pre_analisi_2003_vis.root
PROGRESS: h80 files=19 processed_entries=2773000000 valid_entries=2772999997 skipped_entries=3 skipped_files=0 current=/data/graal/pre_analisi/pre_analisi_2003_vis.root
PROGRESS: h80 files=19 processed_entries=2774000000 valid_entries=2773999997 skipped_entries=3 skipped_files=0 current=/data/graal/pre_analisi/pre_analisi_2003_vis.root
PROGRESS: h80 files=19 processed_entries=2775000000 valid_entries=2774999997 skipped_entries=3 skipped_files=0 current=/data/graal/pre_analisi/pre_analisi_2003_vis.root
PROGRESS: h80 files=19 processed_entries=2776000000 valid_entries=2775999997 skipped_entries=3 skipped_files=0 current=/data/graal/pre_analisi/pre_analisi_2003_vis.root
PROGRESS: h80 files=19 processed_entries=2777000000 valid_entries=2776999997 skipped_entries=3 skipped_files=0 current=/data/graal/pre_analisi/pre_analisi_2003_vis.root
PROGRESS: h80 files=19 processed_entries=2778000000 valid_entries=2777999997 skipped_entries=3 skipped_files=0 current=/data/graal/pre_analisi/pre_analisi_2003_vis.root
PROGRESS: h80 files=19 processed_entries=2779000000 valid_entries=2778999997 skipped_entries=3 skipped_files=0 current=/data/graal/pre_analisi/pre_analisi_2003_vis.root
PROGRESS: h80 files=19 processed_entries=2780000000 valid_entries=2779999997 skipped_entries=3 skipped_files=0 current=/data/graal/pre_analisi/pre_analisi_2003_vis.root
PROGRESS: h80 files=19 processed_entries=2781000000 valid_entries=2780999997 skipped_entries=3 skipped_files=0 current=/data/graal/pre_analisi/pre_analisi_2003_vis.root
PROGRESS: h80 files=19 processed_entries=2782000000 valid_entries=2781999997 skipped_entries=3 skipped_files=0 current=/data/graal/pre_analisi/pre_analisi_2003_vis.root
PROGRESS: h80 files=19 processed_entries=2783000000 valid_entries=2782999997 skipped_entries=3 skipped_files=0 current=/data/graal/pre_analisi/pre_analisi_2003_vis.root
PROGRESS: h80 files=19 processed_entries=2784000000 valid_entries=2783999997 skipped_entries=3 skipped_files=0 current=/data/graal/pre_analisi/pre_analisi_2003_vis.root
PROGRESS: h80 files=19 processed_entries=2785000000 valid_entries=2784999997 skipped_entries=3 skipped_files=0 current=/data/graal/pre_analisi/pre_analisi_2003_vis.root
PROGRESS: h80 files=19 processed_entries=2786000000 valid_entries=2785999997 skipped_entries=3 skipped_files=0 current=/data/graal/pre_analisi/pre_analisi_2003_vis.root
PROGRESS: h80 files=19 processed_entries=2787000000 valid_entries=2786999997 skipped_entries=3 skipped_files=0 current=/data/graal/pre_analisi/pre_analisi_2003_vis.root
PROGRESS: h80 files=19 processed_entries=2788000000 valid_entries=2787999997 skipped_entries=3 skipped_files=0 current=/data/graal/pre_analisi/pre_analisi_2003_vis.root
PROGRESS: h80 files=19 processed_entries=2789000000 valid_entries=2788999997 skipped_entries=3 skipped_files=0 current=/data/graal/pre_analisi/pre_analisi_2003_vis.root
PROGRESS: h80 files=19 processed_entries=2790000000 valid_entries=2789999997 skipped_entries=3 skipped_files=0 current=/data/graal/pre_analisi/pre_analisi_2003_vis.root
PROGRESS: h80 files=19 processed_entries=2791000000 valid_entries=2790999997 skipped_entries=3 skipped_files=0 current=/data/graal/pre_analisi/pre_analisi_2003_vis.root
PROGRESS: h80 files=19 processed_entries=2792000000 valid_entries=2791999997 skipped_entries=3 skipped_files=0 current=/data/graal/pre_analisi/pre_analisi_2003_vis.root
PROGRESS: h80 files=19 processed_entries=2793000000 valid_entries=2792999997 skipped_entries=3 skipped_files=0 current=/data/graal/pre_analisi/pre_analisi_2003_vis.root
PROGRESS: h80 files=19 processed_entries=2794000000 valid_entries=2793999997 skipped_entries=3 skipped_files=0 current=/data/graal/pre_analisi/pre_analisi_2003_vis.root
PROGRESS: h80 files=19 processed_entries=2795000000 valid_entries=2794999997 skipped_entries=3 skipped_files=0 current=/data/graal/pre_analisi/pre_analisi_2003_vis.root
PROGRESS: h80 files=19 processed_entries=2796000000 valid_entries=2795999997 skipped_entries=3 skipped_files=0 current=/data/graal/pre_analisi/pre_analisi_2003_vis.root
PROGRESS: h80 files=19 processed_entries=2797000000 valid_entries=2796999997 skipped_entries=3 skipped_files=0 current=/data/graal/pre_analisi/pre_analisi_2003_vis.root
PROGRESS: h80 files=19 processed_entries=2798000000 valid_entries=2797999997 skipped_entries=3 skipped_files=0 current=/data/graal/pre_analisi/pre_analisi_2003_vis.root
PROGRESS: h80 files=19 processed_entries=2799000000 valid_entries=2798999997 skipped_entries=3 skipped_files=0 current=/data/graal/pre_analisi/pre_analisi_2003_vis.root
PROGRESS: h80 files=19 processed_entries=2800000000 valid_entries=2799999997 skipped_entries=3 skipped_files=0 current=/data/graal/pre_analisi/pre_analisi_2003_vis.root
PROGRESS: h80 files=19 processed_entries=2801000000 valid_entries=2800999997 skipped_entries=3 skipped_files=0 current=/data/graal/pre_analisi/pre_analisi_2003_vis.root
PROGRESS: h80 files=19 processed_entries=2802000000 valid_entries=2801999997 skipped_entries=3 skipped_files=0 current=/data/graal/pre_analisi/pre_analisi_2003_vis.root
PROGRESS: h80 files=19 processed_entries=2803000000 valid_entries=2802999997 skipped_entries=3 skipped_files=0 current=/data/graal/pre_analisi/pre_analisi_2003_vis.root
PROGRESS: h80 files=19 processed_entries=2804000000 valid_entries=2803999997 skipped_entries=3 skipped_files=0 current=/data/graal/pre_analisi/pre_analisi_2003_vis.root
PROGRESS: h80 files=19 processed_entries=2805000000 valid_entries=2804999997 skipped_entries=3 skipped_files=0 current=/data/graal/pre_analisi/pre_analisi_2003_vis.root
PROGRESS: h80 files=19 processed_entries=2806000000 valid_entries=2805999997 skipped_entries=3 skipped_files=0 current=/data/graal/pre_analisi/pre_analisi_2003_vis.root
PROGRESS: h80 files=19 processed_entries=2807000000 valid_entries=2806999997 skipped_entries=3 skipped_files=0 current=/data/graal/pre_analisi/pre_analisi_2003_vis.root
PROGRESS: h80 files=19 processed_entries=2808000000 valid_entries=2807999997 skipped_entries=3 skipped_files=0 current=/data/graal/pre_analisi/pre_analisi_2003_vis.root
PROGRESS: h80 files=19 processed_entries=2809000000 valid_entries=2808999997 skipped_entries=3 skipped_files=0 current=/data/graal/pre_analisi/pre_analisi_2003_vis.root
PROGRESS: h80 files=19 processed_entries=2810000000 valid_entries=2809999997 skipped_entries=3 skipped_files=0 current=/data/graal/pre_analisi/pre_analisi_2003_vis.root
PROGRESS: h80 files=19 processed_entries=2811000000 valid_entries=2810999997 skipped_entries=3 skipped_files=0 current=/data/graal/pre_analisi/pre_analisi_2003_vis.root
PROGRESS: h80 files=19 processed_entries=2812000000 valid_entries=2811999997 skipped_entries=3 skipped_files=0 current=/data/graal/pre_analisi/pre_analisi_2003_vis.root
PROGRESS: h80 files=19 processed_entries=2813000000 valid_entries=2812999997 skipped_entries=3 skipped_files=0 current=/data/graal/pre_analisi/pre_analisi_2003_vis.root
PROGRESS: h80 files=19 processed_entries=2814000000 valid_entries=2813999997 skipped_entries=3 skipped_files=0 current=/data/graal/pre_analisi/pre_analisi_2003_vis.root
PROGRESS: h80 files=19 processed_entries=2815000000 valid_entries=2814999997 skipped_entries=3 skipped_files=0 current=/data/graal/pre_analisi/pre_analisi_2003_vis.root
PROGRESS: h80 files=19 processed_entries=2816000000 valid_entries=2815999997 skipped_entries=3 skipped_files=0 current=/data/graal/pre_analisi/pre_analisi_2003_vis.root
PROGRESS: h80 files=19 processed_entries=2817000000 valid_entries=2816999997 skipped_entries=3 skipped_files=0 current=/data/graal/pre_analisi/pre_analisi_2003_vis.root
PROGRESS: h80 files=19 processed_entries=2818000000 valid_entries=2817999997 skipped_entries=3 skipped_files=0 current=/data/graal/pre_analisi/pre_analisi_2003_vis.root
PROGRESS: h80 files=19 processed_entries=2819000000 valid_entries=2818999997 skipped_entries=3 skipped_files=0 current=/data/graal/pre_analisi/pre_analisi_2003_vis.root
PROGRESS: h80 files=19 processed_entries=2820000000 valid_entries=2819999997 skipped_entries=3 skipped_files=0 current=/data/graal/pre_analisi/pre_analisi_2003_vis.root
PROGRESS: h80 files=19 processed_entries=2821000000 valid_entries=2820999997 skipped_entries=3 skipped_files=0 current=/data/graal/pre_analisi/pre_analisi_2003_vis.root
PROGRESS: h80 files=19 processed_entries=2822000000 valid_entries=2821999997 skipped_entries=3 skipped_files=0 current=/data/graal/pre_analisi/pre_analisi_2003_vis.root
PROGRESS: h80 files=19 processed_entries=2823000000 valid_entries=2822999997 skipped_entries=3 skipped_files=0 current=/data/graal/pre_analisi/pre_analisi_2003_vis.root
PROGRESS: h80 files=19 processed_entries=2824000000 valid_entries=2823999997 skipped_entries=3 skipped_files=0 current=/data/graal/pre_analisi/pre_analisi_2003_vis.root
PROGRESS: h80 files=19 processed_entries=2825000000 valid_entries=2824999997 skipped_entries=3 skipped_files=0 current=/data/graal/pre_analisi/pre_analisi_2003_vis.root
PROGRESS: h80 files=19 processed_entries=2826000000 valid_entries=2825999997 skipped_entries=3 skipped_files=0 current=/data/graal/pre_analisi/pre_analisi_2003_vis.root
PROGRESS: h80 files=19 processed_entries=2827000000 valid_entries=2826999997 skipped_entries=3 skipped_files=0 current=/data/graal/pre_analisi/pre_analisi_2003_vis.root
PROGRESS: h80 files=19 processed_entries=2828000000 valid_entries=2827999997 skipped_entries=3 skipped_files=0 current=/data/graal/pre_analisi/pre_analisi_2003_vis.root
PROGRESS: h80 files=19 processed_entries=2829000000 valid_entries=2828999997 skipped_entries=3 skipped_files=0 current=/data/graal/pre_analisi/pre_analisi_2003_vis.root
PROGRESS: h80 files=19 processed_entries=2830000000 valid_entries=2829999997 skipped_entries=3 skipped_files=0 current=/data/graal/pre_analisi/pre_analisi_2003_vis.root
PROGRESS: h80 files=19 processed_entries=2831000000 valid_entries=2830999997 skipped_entries=3 skipped_files=0 current=/data/graal/pre_analisi/pre_analisi_2003_vis.root
PROGRESS: h80 files=19 processed_entries=2832000000 valid_entries=2831999997 skipped_entries=3 skipped_files=0 current=/data/graal/pre_analisi/pre_analisi_2003_vis.root
PROGRESS: h80 files=19 processed_entries=2833000000 valid_entries=2832999997 skipped_entries=3 skipped_files=0 current=/data/graal/pre_analisi/pre_analisi_2003_vis.root
PROGRESS: h80 files=19 processed_entries=2834000000 valid_entries=2833999997 skipped_entries=3 skipped_files=0 current=/data/graal/pre_analisi/pre_analisi_2003_vis.root
PROGRESS: h80 files=19 processed_entries=2835000000 valid_entries=2834999997 skipped_entries=3 skipped_files=0 current=/data/graal/pre_analisi/pre_analisi_2003_vis.root
PROGRESS: h80 files=19 processed_entries=2836000000 valid_entries=2835999997 skipped_entries=3 skipped_files=0 current=/data/graal/pre_analisi/pre_analisi_2003_vis.root
PROGRESS: h80 files=19 processed_entries=2837000000 valid_entries=2836999997 skipped_entries=3 skipped_files=0 current=/data/graal/pre_analisi/pre_analisi_2003_vis.root
PROGRESS: h80 files=19 processed_entries=2838000000 valid_entries=2837999997 skipped_entries=3 skipped_files=0 current=/data/graal/pre_analisi/pre_analisi_2003_vis.root
PROGRESS: h80 files=19 processed_entries=2839000000 valid_entries=2838999997 skipped_entries=3 skipped_files=0 current=/data/graal/pre_analisi/pre_analisi_2003_vis.root
PROGRESS: h80 files=19 processed_entries=2840000000 valid_entries=2839999997 skipped_entries=3 skipped_files=0 current=/data/graal/pre_analisi/pre_analisi_2003_vis.root
PROGRESS: h80 files=19 processed_entries=2841000000 valid_entries=2840999997 skipped_entries=3 skipped_files=0 current=/data/graal/pre_analisi/pre_analisi_2003_vis.root
PROGRESS: h80 files=19 processed_entries=2842000000 valid_entries=2841999997 skipped_entries=3 skipped_files=0 current=/data/graal/pre_analisi/pre_analisi_2003_vis.root
PROGRESS: h80 files=19 processed_entries=2843000000 valid_entries=2842999997 skipped_entries=3 skipped_files=0 current=/data/graal/pre_analisi/pre_analisi_2003_vis.root
PROGRESS: h80 files=19 processed_entries=2844000000 valid_entries=2843999997 skipped_entries=3 skipped_files=0 current=/data/graal/pre_analisi/pre_analisi_2003_vis.root
PROGRESS: h80 files=19 processed_entries=2845000000 valid_entries=2844999997 skipped_entries=3 skipped_files=0 current=/data/graal/pre_analisi/pre_analisi_2003_vis.root
PROGRESS: h80 files=19 processed_entries=2846000000 valid_entries=2845999997 skipped_entries=3 skipped_files=0 current=/data/graal/pre_analisi/pre_analisi_2003_vis.root
PROGRESS: h80 files=19 processed_entries=2847000000 valid_entries=2846999997 skipped_entries=3 skipped_files=0 current=/data/graal/pre_analisi/pre_analisi_2003_vis.root
PROGRESS: h80 files=19 processed_entries=2848000000 valid_entries=2847999997 skipped_entries=3 skipped_files=0 current=/data/graal/pre_analisi/pre_analisi_2003_vis.root
PROGRESS: h80 files=19 processed_entries=2849000000 valid_entries=2848999997 skipped_entries=3 skipped_files=0 current=/data/graal/pre_analisi/pre_analisi_2003_vis.root
PROGRESS: h80 files=19 processed_entries=2849222280 valid_entries=2849222277 skipped_entries=3 skipped_files=0 completed=/data/graal/pre_analisi/pre_analisi_2003_vis.root
PROGRESS: h80 files=20 processed_entries=2850000000 valid_entries=2849999997 skipped_entries=3 skipped_files=0 current=/data/graal/pre_analisi/pre_analisi_2005_d1.root
PROGRESS: h80 files=20 processed_entries=2851000000 valid_entries=2850999997 skipped_entries=3 skipped_files=0 current=/data/graal/pre_analisi/pre_analisi_2005_d1.root
PROGRESS: h80 files=20 processed_entries=2852000000 valid_entries=2851999997 skipped_entries=3 skipped_files=0 current=/data/graal/pre_analisi/pre_analisi_2005_d1.root
PROGRESS: h80 files=20 processed_entries=2853000000 valid_entries=2852999997 skipped_entries=3 skipped_files=0 current=/data/graal/pre_analisi/pre_analisi_2005_d1.root
PROGRESS: h80 files=20 processed_entries=2854000000 valid_entries=2853999997 skipped_entries=3 skipped_files=0 current=/data/graal/pre_analisi/pre_analisi_2005_d1.root
PROGRESS: h80 files=20 processed_entries=2855000000 valid_entries=2854999997 skipped_entries=3 skipped_files=0 current=/data/graal/pre_analisi/pre_analisi_2005_d1.root
PROGRESS: h80 files=20 processed_entries=2856000000 valid_entries=2855999997 skipped_entries=3 skipped_files=0 current=/data/graal/pre_analisi/pre_analisi_2005_d1.root
PROGRESS: h80 files=20 processed_entries=2857000000 valid_entries=2856999997 skipped_entries=3 skipped_files=0 current=/data/graal/pre_analisi/pre_analisi_2005_d1.root
PROGRESS: h80 files=20 processed_entries=2858000000 valid_entries=2857999997 skipped_entries=3 skipped_files=0 current=/data/graal/pre_analisi/pre_analisi_2005_d1.root
PROGRESS: h80 files=20 processed_entries=2859000000 valid_entries=2858999997 skipped_entries=3 skipped_files=0 current=/data/graal/pre_analisi/pre_analisi_2005_d1.root
PROGRESS: h80 files=20 processed_entries=2860000000 valid_entries=2859999997 skipped_entries=3 skipped_files=0 current=/data/graal/pre_analisi/pre_analisi_2005_d1.root
PROGRESS: h80 files=20 processed_entries=2861000000 valid_entries=2860999997 skipped_entries=3 skipped_files=0 current=/data/graal/pre_analisi/pre_analisi_2005_d1.root
PROGRESS: h80 files=20 processed_entries=2862000000 valid_entries=2861999997 skipped_entries=3 skipped_files=0 current=/data/graal/pre_analisi/pre_analisi_2005_d1.root
PROGRESS: h80 files=20 processed_entries=2863000000 valid_entries=2862999997 skipped_entries=3 skipped_files=0 current=/data/graal/pre_analisi/pre_analisi_2005_d1.root
PROGRESS: h80 files=20 processed_entries=2864000000 valid_entries=2863999997 skipped_entries=3 skipped_files=0 current=/data/graal/pre_analisi/pre_analisi_2005_d1.root
PROGRESS: h80 files=20 processed_entries=2865000000 valid_entries=2864999997 skipped_entries=3 skipped_files=0 current=/data/graal/pre_analisi/pre_analisi_2005_d1.root
PROGRESS: h80 files=20 processed_entries=2866000000 valid_entries=2865999997 skipped_entries=3 skipped_files=0 current=/data/graal/pre_analisi/pre_analisi_2005_d1.root
PROGRESS: h80 files=20 processed_entries=2867000000 valid_entries=2866999997 skipped_entries=3 skipped_files=0 current=/data/graal/pre_analisi/pre_analisi_2005_d1.root
PROGRESS: h80 files=20 processed_entries=2868000000 valid_entries=2867999997 skipped_entries=3 skipped_files=0 current=/data/graal/pre_analisi/pre_analisi_2005_d1.root
PROGRESS: h80 files=20 processed_entries=2869000000 valid_entries=2868999997 skipped_entries=3 skipped_files=0 current=/data/graal/pre_analisi/pre_analisi_2005_d1.root
PROGRESS: h80 files=20 processed_entries=2870000000 valid_entries=2869999997 skipped_entries=3 skipped_files=0 current=/data/graal/pre_analisi/pre_analisi_2005_d1.root
PROGRESS: h80 files=20 processed_entries=2871000000 valid_entries=2870999997 skipped_entries=3 skipped_files=0 current=/data/graal/pre_analisi/pre_analisi_2005_d1.root
PROGRESS: h80 files=20 processed_entries=2872000000 valid_entries=2871999997 skipped_entries=3 skipped_files=0 current=/data/graal/pre_analisi/pre_analisi_2005_d1.root
PROGRESS: h80 files=20 processed_entries=2873000000 valid_entries=2872999997 skipped_entries=3 skipped_files=0 current=/data/graal/pre_analisi/pre_analisi_2005_d1.root
PROGRESS: h80 files=20 processed_entries=2874000000 valid_entries=2873999997 skipped_entries=3 skipped_files=0 current=/data/graal/pre_analisi/pre_analisi_2005_d1.root
PROGRESS: h80 files=20 processed_entries=2875000000 valid_entries=2874999997 skipped_entries=3 skipped_files=0 current=/data/graal/pre_analisi/pre_analisi_2005_d1.root
PROGRESS: h80 files=20 processed_entries=2876000000 valid_entries=2875999997 skipped_entries=3 skipped_files=0 current=/data/graal/pre_analisi/pre_analisi_2005_d1.root
PROGRESS: h80 files=20 processed_entries=2877000000 valid_entries=2876999997 skipped_entries=3 skipped_files=0 current=/data/graal/pre_analisi/pre_analisi_2005_d1.root
PROGRESS: h80 files=20 processed_entries=2878000000 valid_entries=2877999997 skipped_entries=3 skipped_files=0 current=/data/graal/pre_analisi/pre_analisi_2005_d1.root
PROGRESS: h80 files=20 processed_entries=2879000000 valid_entries=2878999997 skipped_entries=3 skipped_files=0 current=/data/graal/pre_analisi/pre_analisi_2005_d1.root
PROGRESS: h80 files=20 processed_entries=2880000000 valid_entries=2879999997 skipped_entries=3 skipped_files=0 current=/data/graal/pre_analisi/pre_analisi_2005_d1.root
PROGRESS: h80 files=20 processed_entries=2881000000 valid_entries=2880999997 skipped_entries=3 skipped_files=0 current=/data/graal/pre_analisi/pre_analisi_2005_d1.root
PROGRESS: h80 files=20 processed_entries=2882000000 valid_entries=2881999997 skipped_entries=3 skipped_files=0 current=/data/graal/pre_analisi/pre_analisi_2005_d1.root
PROGRESS: h80 files=20 processed_entries=2883000000 valid_entries=2882999997 skipped_entries=3 skipped_files=0 current=/data/graal/pre_analisi/pre_analisi_2005_d1.root
PROGRESS: h80 files=20 processed_entries=2884000000 valid_entries=2883999997 skipped_entries=3 skipped_files=0 current=/data/graal/pre_analisi/pre_analisi_2005_d1.root
PROGRESS: h80 files=20 processed_entries=2885000000 valid_entries=2884999997 skipped_entries=3 skipped_files=0 current=/data/graal/pre_analisi/pre_analisi_2005_d1.root
PROGRESS: h80 files=20 processed_entries=2886000000 valid_entries=2885999997 skipped_entries=3 skipped_files=0 current=/data/graal/pre_analisi/pre_analisi_2005_d1.root
PROGRESS: h80 files=20 processed_entries=2887000000 valid_entries=2886999997 skipped_entries=3 skipped_files=0 current=/data/graal/pre_analisi/pre_analisi_2005_d1.root
PROGRESS: h80 files=20 processed_entries=2888000000 valid_entries=2887999997 skipped_entries=3 skipped_files=0 current=/data/graal/pre_analisi/pre_analisi_2005_d1.root
PROGRESS: h80 files=20 processed_entries=2889000000 valid_entries=2888999997 skipped_entries=3 skipped_files=0 current=/data/graal/pre_analisi/pre_analisi_2005_d1.root
PROGRESS: h80 files=20 processed_entries=2890000000 valid_entries=2889999997 skipped_entries=3 skipped_files=0 current=/data/graal/pre_analisi/pre_analisi_2005_d1.root
PROGRESS: h80 files=20 processed_entries=2891000000 valid_entries=2890999997 skipped_entries=3 skipped_files=0 current=/data/graal/pre_analisi/pre_analisi_2005_d1.root
PROGRESS: h80 files=20 processed_entries=2892000000 valid_entries=2891999997 skipped_entries=3 skipped_files=0 current=/data/graal/pre_analisi/pre_analisi_2005_d1.root
PROGRESS: h80 files=20 processed_entries=2892584088 valid_entries=2892584085 skipped_entries=3 skipped_files=0 completed=/data/graal/pre_analisi/pre_analisi_2005_d1.root
PROGRESS: h80 files=21 processed_entries=2893000000 valid_entries=2892999997 skipped_entries=3 skipped_files=0 current=/data/graal/pre_analisi/pre_analisi_2005_d2.root
PROGRESS: h80 files=21 processed_entries=2894000000 valid_entries=2893999997 skipped_entries=3 skipped_files=0 current=/data/graal/pre_analisi/pre_analisi_2005_d2.root
PROGRESS: h80 files=21 processed_entries=2895000000 valid_entries=2894999997 skipped_entries=3 skipped_files=0 current=/data/graal/pre_analisi/pre_analisi_2005_d2.root
PROGRESS: h80 files=21 processed_entries=2896000000 valid_entries=2895999997 skipped_entries=3 skipped_files=0 current=/data/graal/pre_analisi/pre_analisi_2005_d2.root
PROGRESS: h80 files=21 processed_entries=2897000000 valid_entries=2896999997 skipped_entries=3 skipped_files=0 current=/data/graal/pre_analisi/pre_analisi_2005_d2.root
PROGRESS: h80 files=21 processed_entries=2898000000 valid_entries=2897999997 skipped_entries=3 skipped_files=0 current=/data/graal/pre_analisi/pre_analisi_2005_d2.root
PROGRESS: h80 files=21 processed_entries=2899000000 valid_entries=2898999997 skipped_entries=3 skipped_files=0 current=/data/graal/pre_analisi/pre_analisi_2005_d2.root
PROGRESS: h80 files=21 processed_entries=2900000000 valid_entries=2899999997 skipped_entries=3 skipped_files=0 current=/data/graal/pre_analisi/pre_analisi_2005_d2.root
PROGRESS: h80 files=21 processed_entries=2901000000 valid_entries=2900999997 skipped_entries=3 skipped_files=0 current=/data/graal/pre_analisi/pre_analisi_2005_d2.root
PROGRESS: h80 files=21 processed_entries=2902000000 valid_entries=2901999997 skipped_entries=3 skipped_files=0 current=/data/graal/pre_analisi/pre_analisi_2005_d2.root
PROGRESS: h80 files=21 processed_entries=2903000000 valid_entries=2902999997 skipped_entries=3 skipped_files=0 current=/data/graal/pre_analisi/pre_analisi_2005_d2.root
PROGRESS: h80 files=21 processed_entries=2904000000 valid_entries=2903999997 skipped_entries=3 skipped_files=0 current=/data/graal/pre_analisi/pre_analisi_2005_d2.root
PROGRESS: h80 files=21 processed_entries=2905000000 valid_entries=2904999997 skipped_entries=3 skipped_files=0 current=/data/graal/pre_analisi/pre_analisi_2005_d2.root
PROGRESS: h80 files=21 processed_entries=2906000000 valid_entries=2905999997 skipped_entries=3 skipped_files=0 current=/data/graal/pre_analisi/pre_analisi_2005_d2.root
PROGRESS: h80 files=21 processed_entries=2907000000 valid_entries=2906999997 skipped_entries=3 skipped_files=0 current=/data/graal/pre_analisi/pre_analisi_2005_d2.root
PROGRESS: h80 files=21 processed_entries=2908000000 valid_entries=2907999997 skipped_entries=3 skipped_files=0 current=/data/graal/pre_analisi/pre_analisi_2005_d2.root
PROGRESS: h80 files=21 processed_entries=2909000000 valid_entries=2908999997 skipped_entries=3 skipped_files=0 current=/data/graal/pre_analisi/pre_analisi_2005_d2.root
PROGRESS: h80 files=21 processed_entries=2910000000 valid_entries=2909999997 skipped_entries=3 skipped_files=0 current=/data/graal/pre_analisi/pre_analisi_2005_d2.root
PROGRESS: h80 files=21 processed_entries=2911000000 valid_entries=2910999997 skipped_entries=3 skipped_files=0 current=/data/graal/pre_analisi/pre_analisi_2005_d2.root
PROGRESS: h80 files=21 processed_entries=2912000000 valid_entries=2911999997 skipped_entries=3 skipped_files=0 current=/data/graal/pre_analisi/pre_analisi_2005_d2.root
PROGRESS: h80 files=21 processed_entries=2913000000 valid_entries=2912999997 skipped_entries=3 skipped_files=0 current=/data/graal/pre_analisi/pre_analisi_2005_d2.root
PROGRESS: h80 files=21 processed_entries=2914000000 valid_entries=2913999997 skipped_entries=3 skipped_files=0 current=/data/graal/pre_analisi/pre_analisi_2005_d2.root
PROGRESS: h80 files=21 processed_entries=2915000000 valid_entries=2914999997 skipped_entries=3 skipped_files=0 current=/data/graal/pre_analisi/pre_analisi_2005_d2.root
PROGRESS: h80 files=21 processed_entries=2916000000 valid_entries=2915999997 skipped_entries=3 skipped_files=0 current=/data/graal/pre_analisi/pre_analisi_2005_d2.root
PROGRESS: h80 files=21 processed_entries=2917000000 valid_entries=2916999997 skipped_entries=3 skipped_files=0 current=/data/graal/pre_analisi/pre_analisi_2005_d2.root
PROGRESS: h80 files=21 processed_entries=2918000000 valid_entries=2917999997 skipped_entries=3 skipped_files=0 current=/data/graal/pre_analisi/pre_analisi_2005_d2.root
PROGRESS: h80 files=21 processed_entries=2919000000 valid_entries=2918999997 skipped_entries=3 skipped_files=0 current=/data/graal/pre_analisi/pre_analisi_2005_d2.root
PROGRESS: h80 files=21 processed_entries=2920000000 valid_entries=2919999997 skipped_entries=3 skipped_files=0 current=/data/graal/pre_analisi/pre_analisi_2005_d2.root
PROGRESS: h80 files=21 processed_entries=2921000000 valid_entries=2920999997 skipped_entries=3 skipped_files=0 current=/data/graal/pre_analisi/pre_analisi_2005_d2.root
PROGRESS: h80 files=21 processed_entries=2922000000 valid_entries=2921999997 skipped_entries=3 skipped_files=0 current=/data/graal/pre_analisi/pre_analisi_2005_d2.root
PROGRESS: h80 files=21 processed_entries=2923000000 valid_entries=2922999997 skipped_entries=3 skipped_files=0 current=/data/graal/pre_analisi/pre_analisi_2005_d2.root
PROGRESS: h80 files=21 processed_entries=2924000000 valid_entries=2923999997 skipped_entries=3 skipped_files=0 current=/data/graal/pre_analisi/pre_analisi_2005_d2.root
PROGRESS: h80 files=21 processed_entries=2925000000 valid_entries=2924999997 skipped_entries=3 skipped_files=0 current=/data/graal/pre_analisi/pre_analisi_2005_d2.root
PROGRESS: h80 files=21 processed_entries=2926000000 valid_entries=2925999997 skipped_entries=3 skipped_files=0 current=/data/graal/pre_analisi/pre_analisi_2005_d2.root
PROGRESS: h80 files=21 processed_entries=2927000000 valid_entries=2926999997 skipped_entries=3 skipped_files=0 current=/data/graal/pre_analisi/pre_analisi_2005_d2.root
PROGRESS: h80 files=21 processed_entries=2928000000 valid_entries=2927999997 skipped_entries=3 skipped_files=0 current=/data/graal/pre_analisi/pre_analisi_2005_d2.root
PROGRESS: h80 files=21 processed_entries=2929000000 valid_entries=2928999997 skipped_entries=3 skipped_files=0 current=/data/graal/pre_analisi/pre_analisi_2005_d2.root
PROGRESS: h80 files=21 processed_entries=2930000000 valid_entries=2929999997 skipped_entries=3 skipped_files=0 current=/data/graal/pre_analisi/pre_analisi_2005_d2.root
PROGRESS: h80 files=21 processed_entries=2931000000 valid_entries=2930999997 skipped_entries=3 skipped_files=0 current=/data/graal/pre_analisi/pre_analisi_2005_d2.root
PROGRESS: h80 files=21 processed_entries=2932000000 valid_entries=2931999997 skipped_entries=3 skipped_files=0 current=/data/graal/pre_analisi/pre_analisi_2005_d2.root
PROGRESS: h80 files=21 processed_entries=2933000000 valid_entries=2932999997 skipped_entries=3 skipped_files=0 current=/data/graal/pre_analisi/pre_analisi_2005_d2.root
PROGRESS: h80 files=21 processed_entries=2934000000 valid_entries=2933999997 skipped_entries=3 skipped_files=0 current=/data/graal/pre_analisi/pre_analisi_2005_d2.root
PROGRESS: h80 files=21 processed_entries=2935000000 valid_entries=2934999997 skipped_entries=3 skipped_files=0 current=/data/graal/pre_analisi/pre_analisi_2005_d2.root
PROGRESS: h80 files=21 processed_entries=2936000000 valid_entries=2935999997 skipped_entries=3 skipped_files=0 current=/data/graal/pre_analisi/pre_analisi_2005_d2.root
PROGRESS: h80 files=21 processed_entries=2937000000 valid_entries=2936999997 skipped_entries=3 skipped_files=0 current=/data/graal/pre_analisi/pre_analisi_2005_d2.root
PROGRESS: h80 files=21 processed_entries=2938000000 valid_entries=2937999997 skipped_entries=3 skipped_files=0 current=/data/graal/pre_analisi/pre_analisi_2005_d2.root
PROGRESS: h80 files=21 processed_entries=2939000000 valid_entries=2938999997 skipped_entries=3 skipped_files=0 current=/data/graal/pre_analisi/pre_analisi_2005_d2.root
PROGRESS: h80 files=21 processed_entries=2940000000 valid_entries=2939999997 skipped_entries=3 skipped_files=0 current=/data/graal/pre_analisi/pre_analisi_2005_d2.root
PROGRESS: h80 files=21 processed_entries=2941000000 valid_entries=2940999997 skipped_entries=3 skipped_files=0 current=/data/graal/pre_analisi/pre_analisi_2005_d2.root
PROGRESS: h80 files=21 processed_entries=2942000000 valid_entries=2941999997 skipped_entries=3 skipped_files=0 current=/data/graal/pre_analisi/pre_analisi_2005_d2.root
PROGRESS: h80 files=21 processed_entries=2943000000 valid_entries=2942999997 skipped_entries=3 skipped_files=0 current=/data/graal/pre_analisi/pre_analisi_2005_d2.root
PROGRESS: h80 files=21 processed_entries=2944000000 valid_entries=2943999997 skipped_entries=3 skipped_files=0 current=/data/graal/pre_analisi/pre_analisi_2005_d2.root
PROGRESS: h80 files=21 processed_entries=2945000000 valid_entries=2944999997 skipped_entries=3 skipped_files=0 current=/data/graal/pre_analisi/pre_analisi_2005_d2.root
PROGRESS: h80 files=21 processed_entries=2946000000 valid_entries=2945999997 skipped_entries=3 skipped_files=0 current=/data/graal/pre_analisi/pre_analisi_2005_d2.root
PROGRESS: h80 files=21 processed_entries=2947000000 valid_entries=2946999997 skipped_entries=3 skipped_files=0 current=/data/graal/pre_analisi/pre_analisi_2005_d2.root
PROGRESS: h80 files=21 processed_entries=2948000000 valid_entries=2947999997 skipped_entries=3 skipped_files=0 current=/data/graal/pre_analisi/pre_analisi_2005_d2.root
PROGRESS: h80 files=21 processed_entries=2949000000 valid_entries=2948999997 skipped_entries=3 skipped_files=0 current=/data/graal/pre_analisi/pre_analisi_2005_d2.root
PROGRESS: h80 files=21 processed_entries=2950000000 valid_entries=2949999997 skipped_entries=3 skipped_files=0 current=/data/graal/pre_analisi/pre_analisi_2005_d2.root
PROGRESS: h80 files=21 processed_entries=2951000000 valid_entries=2950999997 skipped_entries=3 skipped_files=0 current=/data/graal/pre_analisi/pre_analisi_2005_d2.root
PROGRESS: h80 files=21 processed_entries=2952000000 valid_entries=2951999997 skipped_entries=3 skipped_files=0 current=/data/graal/pre_analisi/pre_analisi_2005_d2.root
PROGRESS: h80 files=21 processed_entries=2953000000 valid_entries=2952999997 skipped_entries=3 skipped_files=0 current=/data/graal/pre_analisi/pre_analisi_2005_d2.root
PROGRESS: h80 files=21 processed_entries=2954000000 valid_entries=2953999997 skipped_entries=3 skipped_files=0 current=/data/graal/pre_analisi/pre_analisi_2005_d2.root
PROGRESS: h80 files=21 processed_entries=2955000000 valid_entries=2954999997 skipped_entries=3 skipped_files=0 current=/data/graal/pre_analisi/pre_analisi_2005_d2.root
PROGRESS: h80 files=21 processed_entries=2956000000 valid_entries=2955999997 skipped_entries=3 skipped_files=0 current=/data/graal/pre_analisi/pre_analisi_2005_d2.root
PROGRESS: h80 files=21 processed_entries=2957000000 valid_entries=2956999997 skipped_entries=3 skipped_files=0 current=/data/graal/pre_analisi/pre_analisi_2005_d2.root
PROGRESS: h80 files=21 processed_entries=2958000000 valid_entries=2957999997 skipped_entries=3 skipped_files=0 current=/data/graal/pre_analisi/pre_analisi_2005_d2.root
PROGRESS: h80 files=21 processed_entries=2959000000 valid_entries=2958999997 skipped_entries=3 skipped_files=0 current=/data/graal/pre_analisi/pre_analisi_2005_d2.root
PROGRESS: h80 files=21 processed_entries=2960000000 valid_entries=2959999997 skipped_entries=3 skipped_files=0 current=/data/graal/pre_analisi/pre_analisi_2005_d2.root
PROGRESS: h80 files=21 processed_entries=2961000000 valid_entries=2960999997 skipped_entries=3 skipped_files=0 current=/data/graal/pre_analisi/pre_analisi_2005_d2.root
PROGRESS: h80 files=21 processed_entries=2962000000 valid_entries=2961999997 skipped_entries=3 skipped_files=0 current=/data/graal/pre_analisi/pre_analisi_2005_d2.root
PROGRESS: h80 files=21 processed_entries=2963000000 valid_entries=2962999997 skipped_entries=3 skipped_files=0 current=/data/graal/pre_analisi/pre_analisi_2005_d2.root
PROGRESS: h80 files=21 processed_entries=2964000000 valid_entries=2963999997 skipped_entries=3 skipped_files=0 current=/data/graal/pre_analisi/pre_analisi_2005_d2.root
PROGRESS: h80 files=21 processed_entries=2965000000 valid_entries=2964999997 skipped_entries=3 skipped_files=0 current=/data/graal/pre_analisi/pre_analisi_2005_d2.root
PROGRESS: h80 files=21 processed_entries=2966000000 valid_entries=2965999997 skipped_entries=3 skipped_files=0 current=/data/graal/pre_analisi/pre_analisi_2005_d2.root
PROGRESS: h80 files=21 processed_entries=2967000000 valid_entries=2966999997 skipped_entries=3 skipped_files=0 current=/data/graal/pre_analisi/pre_analisi_2005_d2.root
PROGRESS: h80 files=21 processed_entries=2968000000 valid_entries=2967999997 skipped_entries=3 skipped_files=0 current=/data/graal/pre_analisi/pre_analisi_2005_d2.root
PROGRESS: h80 files=21 processed_entries=2969000000 valid_entries=2968999997 skipped_entries=3 skipped_files=0 current=/data/graal/pre_analisi/pre_analisi_2005_d2.root
PROGRESS: h80 files=21 processed_entries=2970000000 valid_entries=2969999997 skipped_entries=3 skipped_files=0 current=/data/graal/pre_analisi/pre_analisi_2005_d2.root
PROGRESS: h80 files=21 processed_entries=2971000000 valid_entries=2970999997 skipped_entries=3 skipped_files=0 current=/data/graal/pre_analisi/pre_analisi_2005_d2.root
PROGRESS: h80 files=21 processed_entries=2972000000 valid_entries=2971999997 skipped_entries=3 skipped_files=0 current=/data/graal/pre_analisi/pre_analisi_2005_d2.root
PROGRESS: h80 files=21 processed_entries=2973000000 valid_entries=2972999997 skipped_entries=3 skipped_files=0 current=/data/graal/pre_analisi/pre_analisi_2005_d2.root
PROGRESS: h80 files=21 processed_entries=2974000000 valid_entries=2973999997 skipped_entries=3 skipped_files=0 current=/data/graal/pre_analisi/pre_analisi_2005_d2.root
PROGRESS: h80 files=21 processed_entries=2975000000 valid_entries=2974999997 skipped_entries=3 skipped_files=0 current=/data/graal/pre_analisi/pre_analisi_2005_d2.root
PROGRESS: h80 files=21 processed_entries=2976000000 valid_entries=2975999997 skipped_entries=3 skipped_files=0 current=/data/graal/pre_analisi/pre_analisi_2005_d2.root
PROGRESS: h80 files=21 processed_entries=2977000000 valid_entries=2976999997 skipped_entries=3 skipped_files=0 current=/data/graal/pre_analisi/pre_analisi_2005_d2.root
PROGRESS: h80 files=21 processed_entries=2978000000 valid_entries=2977999997 skipped_entries=3 skipped_files=0 current=/data/graal/pre_analisi/pre_analisi_2005_d2.root
PROGRESS: h80 files=21 processed_entries=2979000000 valid_entries=2978999997 skipped_entries=3 skipped_files=0 current=/data/graal/pre_analisi/pre_analisi_2005_d2.root
PROGRESS: h80 files=21 processed_entries=2980000000 valid_entries=2979999997 skipped_entries=3 skipped_files=0 current=/data/graal/pre_analisi/pre_analisi_2005_d2.root
PROGRESS: h80 files=21 processed_entries=2981000000 valid_entries=2980999997 skipped_entries=3 skipped_files=0 current=/data/graal/pre_analisi/pre_analisi_2005_d2.root
PROGRESS: h80 files=21 processed_entries=2982000000 valid_entries=2981999997 skipped_entries=3 skipped_files=0 current=/data/graal/pre_analisi/pre_analisi_2005_d2.root
PROGRESS: h80 files=21 processed_entries=2983000000 valid_entries=2982999997 skipped_entries=3 skipped_files=0 current=/data/graal/pre_analisi/pre_analisi_2005_d2.root
PROGRESS: h80 files=21 processed_entries=2984000000 valid_entries=2983999997 skipped_entries=3 skipped_files=0 current=/data/graal/pre_analisi/pre_analisi_2005_d2.root
PROGRESS: h80 files=21 processed_entries=2985000000 valid_entries=2984999997 skipped_entries=3 skipped_files=0 current=/data/graal/pre_analisi/pre_analisi_2005_d2.root
PROGRESS: h80 files=21 processed_entries=2986000000 valid_entries=2985999997 skipped_entries=3 skipped_files=0 current=/data/graal/pre_analisi/pre_analisi_2005_d2.root
PROGRESS: h80 files=21 processed_entries=2987000000 valid_entries=2986999997 skipped_entries=3 skipped_files=0 current=/data/graal/pre_analisi/pre_analisi_2005_d2.root
PROGRESS: h80 files=21 processed_entries=2988000000 valid_entries=2987999997 skipped_entries=3 skipped_files=0 current=/data/graal/pre_analisi/pre_analisi_2005_d2.root
PROGRESS: h80 files=21 processed_entries=2989000000 valid_entries=2988999997 skipped_entries=3 skipped_files=0 current=/data/graal/pre_analisi/pre_analisi_2005_d2.root
PROGRESS: h80 files=21 processed_entries=2990000000 valid_entries=2989999997 skipped_entries=3 skipped_files=0 current=/data/graal/pre_analisi/pre_analisi_2005_d2.root
PROGRESS: h80 files=21 processed_entries=2991000000 valid_entries=2990999997 skipped_entries=3 skipped_files=0 current=/data/graal/pre_analisi/pre_analisi_2005_d2.root
PROGRESS: h80 files=21 processed_entries=2992000000 valid_entries=2991999997 skipped_entries=3 skipped_files=0 current=/data/graal/pre_analisi/pre_analisi_2005_d2.root
PROGRESS: h80 files=21 processed_entries=2993000000 valid_entries=2992999997 skipped_entries=3 skipped_files=0 current=/data/graal/pre_analisi/pre_analisi_2005_d2.root
PROGRESS: h80 files=21 processed_entries=2994000000 valid_entries=2993999997 skipped_entries=3 skipped_files=0 current=/data/graal/pre_analisi/pre_analisi_2005_d2.root
PROGRESS: h80 files=21 processed_entries=2995000000 valid_entries=2994999997 skipped_entries=3 skipped_files=0 current=/data/graal/pre_analisi/pre_analisi_2005_d2.root
PROGRESS: h80 files=21 processed_entries=2996000000 valid_entries=2995999997 skipped_entries=3 skipped_files=0 current=/data/graal/pre_analisi/pre_analisi_2005_d2.root
PROGRESS: h80 files=21 processed_entries=2997000000 valid_entries=2996999997 skipped_entries=3 skipped_files=0 current=/data/graal/pre_analisi/pre_analisi_2005_d2.root
PROGRESS: h80 files=21 processed_entries=2998000000 valid_entries=2997999997 skipped_entries=3 skipped_files=0 current=/data/graal/pre_analisi/pre_analisi_2005_d2.root
PROGRESS: h80 files=21 processed_entries=2999000000 valid_entries=2998999997 skipped_entries=3 skipped_files=0 current=/data/graal/pre_analisi/pre_analisi_2005_d2.root
PROGRESS: h80 files=21 processed_entries=3000000000 valid_entries=2999999997 skipped_entries=3 skipped_files=0 current=/data/graal/pre_analisi/pre_analisi_2005_d2.root
PROGRESS: h80 files=21 processed_entries=3001000000 valid_entries=3000999997 skipped_entries=3 skipped_files=0 current=/data/graal/pre_analisi/pre_analisi_2005_d2.root
PROGRESS: h80 files=21 processed_entries=3002000000 valid_entries=3001999997 skipped_entries=3 skipped_files=0 current=/data/graal/pre_analisi/pre_analisi_2005_d2.root
PROGRESS: h80 files=21 processed_entries=3003000000 valid_entries=3002999997 skipped_entries=3 skipped_files=0 current=/data/graal/pre_analisi/pre_analisi_2005_d2.root
PROGRESS: h80 files=21 processed_entries=3004000000 valid_entries=3003999997 skipped_entries=3 skipped_files=0 current=/data/graal/pre_analisi/pre_analisi_2005_d2.root
PROGRESS: h80 files=21 processed_entries=3005000000 valid_entries=3004999997 skipped_entries=3 skipped_files=0 current=/data/graal/pre_analisi/pre_analisi_2005_d2.root
PROGRESS: h80 files=21 processed_entries=3006000000 valid_entries=3005999997 skipped_entries=3 skipped_files=0 current=/data/graal/pre_analisi/pre_analisi_2005_d2.root
PROGRESS: h80 files=21 processed_entries=3007000000 valid_entries=3006999997 skipped_entries=3 skipped_files=0 current=/data/graal/pre_analisi/pre_analisi_2005_d2.root
PROGRESS: h80 files=21 processed_entries=3008000000 valid_entries=3007999997 skipped_entries=3 skipped_files=0 current=/data/graal/pre_analisi/pre_analisi_2005_d2.root
PROGRESS: h80 files=21 processed_entries=3009000000 valid_entries=3008999997 skipped_entries=3 skipped_files=0 current=/data/graal/pre_analisi/pre_analisi_2005_d2.root
PROGRESS: h80 files=21 processed_entries=3010000000 valid_entries=3009999997 skipped_entries=3 skipped_files=0 current=/data/graal/pre_analisi/pre_analisi_2005_d2.root
PROGRESS: h80 files=21 processed_entries=3011000000 valid_entries=3010999997 skipped_entries=3 skipped_files=0 current=/data/graal/pre_analisi/pre_analisi_2005_d2.root
PROGRESS: h80 files=21 processed_entries=3012000000 valid_entries=3011999997 skipped_entries=3 skipped_files=0 current=/data/graal/pre_analisi/pre_analisi_2005_d2.root
PROGRESS: h80 files=21 processed_entries=3013000000 valid_entries=3012999997 skipped_entries=3 skipped_files=0 current=/data/graal/pre_analisi/pre_analisi_2005_d2.root
PROGRESS: h80 files=21 processed_entries=3014000000 valid_entries=3013999997 skipped_entries=3 skipped_files=0 current=/data/graal/pre_analisi/pre_analisi_2005_d2.root
PROGRESS: h80 files=21 processed_entries=3015000000 valid_entries=3014999997 skipped_entries=3 skipped_files=0 current=/data/graal/pre_analisi/pre_analisi_2005_d2.root
PROGRESS: h80 files=21 processed_entries=3016000000 valid_entries=3015999997 skipped_entries=3 skipped_files=0 current=/data/graal/pre_analisi/pre_analisi_2005_d2.root
PROGRESS: h80 files=21 processed_entries=3017000000 valid_entries=3016999997 skipped_entries=3 skipped_files=0 current=/data/graal/pre_analisi/pre_analisi_2005_d2.root
PROGRESS: h80 files=21 processed_entries=3018000000 valid_entries=3017999997 skipped_entries=3 skipped_files=0 current=/data/graal/pre_analisi/pre_analisi_2005_d2.root
PROGRESS: h80 files=21 processed_entries=3019000000 valid_entries=3018999997 skipped_entries=3 skipped_files=0 current=/data/graal/pre_analisi/pre_analisi_2005_d2.root
PROGRESS: h80 files=21 processed_entries=3020000000 valid_entries=3019999997 skipped_entries=3 skipped_files=0 current=/data/graal/pre_analisi/pre_analisi_2005_d2.root
PROGRESS: h80 files=21 processed_entries=3021000000 valid_entries=3020999997 skipped_entries=3 skipped_files=0 current=/data/graal/pre_analisi/pre_analisi_2005_d2.root
PROGRESS: h80 files=21 processed_entries=3022000000 valid_entries=3021999997 skipped_entries=3 skipped_files=0 current=/data/graal/pre_analisi/pre_analisi_2005_d2.root
PROGRESS: h80 files=21 processed_entries=3023000000 valid_entries=3022999997 skipped_entries=3 skipped_files=0 current=/data/graal/pre_analisi/pre_analisi_2005_d2.root
PROGRESS: h80 files=21 processed_entries=3024000000 valid_entries=3023999997 skipped_entries=3 skipped_files=0 current=/data/graal/pre_analisi/pre_analisi_2005_d2.root
PROGRESS: h80 files=21 processed_entries=3025000000 valid_entries=3024999997 skipped_entries=3 skipped_files=0 current=/data/graal/pre_analisi/pre_analisi_2005_d2.root
PROGRESS: h80 files=21 processed_entries=3026000000 valid_entries=3025999997 skipped_entries=3 skipped_files=0 current=/data/graal/pre_analisi/pre_analisi_2005_d2.root
PROGRESS: h80 files=21 processed_entries=3027000000 valid_entries=3026999997 skipped_entries=3 skipped_files=0 current=/data/graal/pre_analisi/pre_analisi_2005_d2.root
PROGRESS: h80 files=21 processed_entries=3028000000 valid_entries=3027999997 skipped_entries=3 skipped_files=0 current=/data/graal/pre_analisi/pre_analisi_2005_d2.root
PROGRESS: h80 files=21 processed_entries=3029000000 valid_entries=3028999997 skipped_entries=3 skipped_files=0 current=/data/graal/pre_analisi/pre_analisi_2005_d2.root
PROGRESS: h80 files=21 processed_entries=3030000000 valid_entries=3029999997 skipped_entries=3 skipped_files=0 current=/data/graal/pre_analisi/pre_analisi_2005_d2.root
PROGRESS: h80 files=21 processed_entries=3031000000 valid_entries=3030999997 skipped_entries=3 skipped_files=0 current=/data/graal/pre_analisi/pre_analisi_2005_d2.root
PROGRESS: h80 files=21 processed_entries=3032000000 valid_entries=3031999997 skipped_entries=3 skipped_files=0 current=/data/graal/pre_analisi/pre_analisi_2005_d2.root
PROGRESS: h80 files=21 processed_entries=3033000000 valid_entries=3032999997 skipped_entries=3 skipped_files=0 current=/data/graal/pre_analisi/pre_analisi_2005_d2.root
PROGRESS: h80 files=21 processed_entries=3034000000 valid_entries=3033999997 skipped_entries=3 skipped_files=0 current=/data/graal/pre_analisi/pre_analisi_2005_d2.root
PROGRESS: h80 files=21 processed_entries=3035000000 valid_entries=3034999997 skipped_entries=3 skipped_files=0 current=/data/graal/pre_analisi/pre_analisi_2005_d2.root
PROGRESS: h80 files=21 processed_entries=3036000000 valid_entries=3035999997 skipped_entries=3 skipped_files=0 current=/data/graal/pre_analisi/pre_analisi_2005_d2.root
PROGRESS: h80 files=21 processed_entries=3037000000 valid_entries=3036999997 skipped_entries=3 skipped_files=0 current=/data/graal/pre_analisi/pre_analisi_2005_d2.root
PROGRESS: h80 files=21 processed_entries=3038000000 valid_entries=3037999997 skipped_entries=3 skipped_files=0 current=/data/graal/pre_analisi/pre_analisi_2005_d2.root
PROGRESS: h80 files=21 processed_entries=3039000000 valid_entries=3038999997 skipped_entries=3 skipped_files=0 current=/data/graal/pre_analisi/pre_analisi_2005_d2.root
PROGRESS: h80 files=21 processed_entries=3040000000 valid_entries=3039999997 skipped_entries=3 skipped_files=0 current=/data/graal/pre_analisi/pre_analisi_2005_d2.root
PROGRESS: h80 files=21 processed_entries=3041000000 valid_entries=3040999997 skipped_entries=3 skipped_files=0 current=/data/graal/pre_analisi/pre_analisi_2005_d2.root
PROGRESS: h80 files=21 processed_entries=3042000000 valid_entries=3041999997 skipped_entries=3 skipped_files=0 current=/data/graal/pre_analisi/pre_analisi_2005_d2.root
PROGRESS: h80 files=21 processed_entries=3043000000 valid_entries=3042999997 skipped_entries=3 skipped_files=0 current=/data/graal/pre_analisi/pre_analisi_2005_d2.root
PROGRESS: h80 files=21 processed_entries=3044000000 valid_entries=3043999997 skipped_entries=3 skipped_files=0 current=/data/graal/pre_analisi/pre_analisi_2005_d2.root
PROGRESS: h80 files=21 processed_entries=3045000000 valid_entries=3044999997 skipped_entries=3 skipped_files=0 current=/data/graal/pre_analisi/pre_analisi_2005_d2.root
PROGRESS: h80 files=21 processed_entries=3046000000 valid_entries=3045999997 skipped_entries=3 skipped_files=0 current=/data/graal/pre_analisi/pre_analisi_2005_d2.root
PROGRESS: h80 files=21 processed_entries=3047000000 valid_entries=3046999997 skipped_entries=3 skipped_files=0 current=/data/graal/pre_analisi/pre_analisi_2005_d2.root
PROGRESS: h80 files=21 processed_entries=3048000000 valid_entries=3047999997 skipped_entries=3 skipped_files=0 current=/data/graal/pre_analisi/pre_analisi_2005_d2.root
PROGRESS: h80 files=21 processed_entries=3049000000 valid_entries=3048999997 skipped_entries=3 skipped_files=0 current=/data/graal/pre_analisi/pre_analisi_2005_d2.root
PROGRESS: h80 files=21 processed_entries=3050000000 valid_entries=3049999997 skipped_entries=3 skipped_files=0 current=/data/graal/pre_analisi/pre_analisi_2005_d2.root
PROGRESS: h80 files=21 processed_entries=3051000000 valid_entries=3050999997 skipped_entries=3 skipped_files=0 current=/data/graal/pre_analisi/pre_analisi_2005_d2.root
PROGRESS: h80 files=21 processed_entries=3052000000 valid_entries=3051999997 skipped_entries=3 skipped_files=0 current=/data/graal/pre_analisi/pre_analisi_2005_d2.root
PROGRESS: h80 files=21 processed_entries=3053000000 valid_entries=3052999997 skipped_entries=3 skipped_files=0 current=/data/graal/pre_analisi/pre_analisi_2005_d2.root
PROGRESS: h80 files=21 processed_entries=3054000000 valid_entries=3053999997 skipped_entries=3 skipped_files=0 current=/data/graal/pre_analisi/pre_analisi_2005_d2.root
PROGRESS: h80 files=21 processed_entries=3055000000 valid_entries=3054999997 skipped_entries=3 skipped_files=0 current=/data/graal/pre_analisi/pre_analisi_2005_d2.root
PROGRESS: h80 files=21 processed_entries=3056000000 valid_entries=3055999997 skipped_entries=3 skipped_files=0 current=/data/graal/pre_analisi/pre_analisi_2005_d2.root
PROGRESS: h80 files=21 processed_entries=3057000000 valid_entries=3056999997 skipped_entries=3 skipped_files=0 current=/data/graal/pre_analisi/pre_analisi_2005_d2.root
PROGRESS: h80 files=21 processed_entries=3058000000 valid_entries=3057999997 skipped_entries=3 skipped_files=0 current=/data/graal/pre_analisi/pre_analisi_2005_d2.root
PROGRESS: h80 files=21 processed_entries=3059000000 valid_entries=3058999997 skipped_entries=3 skipped_files=0 current=/data/graal/pre_analisi/pre_analisi_2005_d2.root
PROGRESS: h80 files=21 processed_entries=3060000000 valid_entries=3059999997 skipped_entries=3 skipped_files=0 current=/data/graal/pre_analisi/pre_analisi_2005_d2.root
PROGRESS: h80 files=21 processed_entries=3061000000 valid_entries=3060999997 skipped_entries=3 skipped_files=0 current=/data/graal/pre_analisi/pre_analisi_2005_d2.root
PROGRESS: h80 files=21 processed_entries=3062000000 valid_entries=3061999997 skipped_entries=3 skipped_files=0 current=/data/graal/pre_analisi/pre_analisi_2005_d2.root
PROGRESS: h80 files=21 processed_entries=3063000000 valid_entries=3062999997 skipped_entries=3 skipped_files=0 current=/data/graal/pre_analisi/pre_analisi_2005_d2.root
PROGRESS: h80 files=21 processed_entries=3064000000 valid_entries=3063999997 skipped_entries=3 skipped_files=0 current=/data/graal/pre_analisi/pre_analisi_2005_d2.root
PROGRESS: h80 files=21 processed_entries=3065000000 valid_entries=3064999997 skipped_entries=3 skipped_files=0 current=/data/graal/pre_analisi/pre_analisi_2005_d2.root
PROGRESS: h80 files=21 processed_entries=3065945386 valid_entries=3065945383 skipped_entries=3 skipped_files=0 completed=/data/graal/pre_analisi/pre_analisi_2005_d2.root
WARNING: /data/graal/pre_analisi/pre_analisi_2006_d.root: h80 entry 0: Xstrip outside 1..128: 9.862048523135947e-39
PROGRESS: h80 files=22 processed_entries=3066000000 valid_entries=3065999996 skipped_entries=4 skipped_files=0 current=/data/graal/pre_analisi/pre_analisi_2006_d.root
PROGRESS: h80 files=22 processed_entries=3067000000 valid_entries=3066999996 skipped_entries=4 skipped_files=0 current=/data/graal/pre_analisi/pre_analisi_2006_d.root
PROGRESS: h80 files=22 processed_entries=3068000000 valid_entries=3067999996 skipped_entries=4 skipped_files=0 current=/data/graal/pre_analisi/pre_analisi_2006_d.root
PROGRESS: h80 files=22 processed_entries=3069000000 valid_entries=3068999996 skipped_entries=4 skipped_files=0 current=/data/graal/pre_analisi/pre_analisi_2006_d.root
PROGRESS: h80 files=22 processed_entries=3070000000 valid_entries=3069999996 skipped_entries=4 skipped_files=0 current=/data/graal/pre_analisi/pre_analisi_2006_d.root
PROGRESS: h80 files=22 processed_entries=3071000000 valid_entries=3070999996 skipped_entries=4 skipped_files=0 current=/data/graal/pre_analisi/pre_analisi_2006_d.root
PROGRESS: h80 files=22 processed_entries=3072000000 valid_entries=3071999996 skipped_entries=4 skipped_files=0 current=/data/graal/pre_analisi/pre_analisi_2006_d.root
PROGRESS: h80 files=22 processed_entries=3073000000 valid_entries=3072999996 skipped_entries=4 skipped_files=0 current=/data/graal/pre_analisi/pre_analisi_2006_d.root
PROGRESS: h80 files=22 processed_entries=3074000000 valid_entries=3073999996 skipped_entries=4 skipped_files=0 current=/data/graal/pre_analisi/pre_analisi_2006_d.root
PROGRESS: h80 files=22 processed_entries=3075000000 valid_entries=3074999996 skipped_entries=4 skipped_files=0 current=/data/graal/pre_analisi/pre_analisi_2006_d.root
PROGRESS: h80 files=22 processed_entries=3076000000 valid_entries=3075999996 skipped_entries=4 skipped_files=0 current=/data/graal/pre_analisi/pre_analisi_2006_d.root
PROGRESS: h80 files=22 processed_entries=3077000000 valid_entries=3076999996 skipped_entries=4 skipped_files=0 current=/data/graal/pre_analisi/pre_analisi_2006_d.root
PROGRESS: h80 files=22 processed_entries=3078000000 valid_entries=3077999996 skipped_entries=4 skipped_files=0 current=/data/graal/pre_analisi/pre_analisi_2006_d.root
PROGRESS: h80 files=22 processed_entries=3079000000 valid_entries=3078999996 skipped_entries=4 skipped_files=0 current=/data/graal/pre_analisi/pre_analisi_2006_d.root
PROGRESS: h80 files=22 processed_entries=3080000000 valid_entries=3079999996 skipped_entries=4 skipped_files=0 current=/data/graal/pre_analisi/pre_analisi_2006_d.root
PROGRESS: h80 files=22 processed_entries=3081000000 valid_entries=3080999996 skipped_entries=4 skipped_files=0 current=/data/graal/pre_analisi/pre_analisi_2006_d.root
PROGRESS: h80 files=22 processed_entries=3082000000 valid_entries=3081999996 skipped_entries=4 skipped_files=0 current=/data/graal/pre_analisi/pre_analisi_2006_d.root
PROGRESS: h80 files=22 processed_entries=3083000000 valid_entries=3082999996 skipped_entries=4 skipped_files=0 current=/data/graal/pre_analisi/pre_analisi_2006_d.root
PROGRESS: h80 files=22 processed_entries=3084000000 valid_entries=3083999996 skipped_entries=4 skipped_files=0 current=/data/graal/pre_analisi/pre_analisi_2006_d.root
PROGRESS: h80 files=22 processed_entries=3085000000 valid_entries=3084999996 skipped_entries=4 skipped_files=0 current=/data/graal/pre_analisi/pre_analisi_2006_d.root
PROGRESS: h80 files=22 processed_entries=3086000000 valid_entries=3085999996 skipped_entries=4 skipped_files=0 current=/data/graal/pre_analisi/pre_analisi_2006_d.root
PROGRESS: h80 files=22 processed_entries=3087000000 valid_entries=3086999996 skipped_entries=4 skipped_files=0 current=/data/graal/pre_analisi/pre_analisi_2006_d.root
PROGRESS: h80 files=22 processed_entries=3088000000 valid_entries=3087999996 skipped_entries=4 skipped_files=0 current=/data/graal/pre_analisi/pre_analisi_2006_d.root
PROGRESS: h80 files=22 processed_entries=3089000000 valid_entries=3088999996 skipped_entries=4 skipped_files=0 current=/data/graal/pre_analisi/pre_analisi_2006_d.root
PROGRESS: h80 files=22 processed_entries=3090000000 valid_entries=3089999996 skipped_entries=4 skipped_files=0 current=/data/graal/pre_analisi/pre_analisi_2006_d.root
PROGRESS: h80 files=22 processed_entries=3091000000 valid_entries=3090999996 skipped_entries=4 skipped_files=0 current=/data/graal/pre_analisi/pre_analisi_2006_d.root
PROGRESS: h80 files=22 processed_entries=3092000000 valid_entries=3091999996 skipped_entries=4 skipped_files=0 current=/data/graal/pre_analisi/pre_analisi_2006_d.root
PROGRESS: h80 files=22 processed_entries=3093000000 valid_entries=3092999996 skipped_entries=4 skipped_files=0 current=/data/graal/pre_analisi/pre_analisi_2006_d.root
PROGRESS: h80 files=22 processed_entries=3094000000 valid_entries=3093999996 skipped_entries=4 skipped_files=0 current=/data/graal/pre_analisi/pre_analisi_2006_d.root
PROGRESS: h80 files=22 processed_entries=3095000000 valid_entries=3094999996 skipped_entries=4 skipped_files=0 current=/data/graal/pre_analisi/pre_analisi_2006_d.root
PROGRESS: h80 files=22 processed_entries=3096000000 valid_entries=3095999996 skipped_entries=4 skipped_files=0 current=/data/graal/pre_analisi/pre_analisi_2006_d.root
PROGRESS: h80 files=22 processed_entries=3097000000 valid_entries=3096999996 skipped_entries=4 skipped_files=0 current=/data/graal/pre_analisi/pre_analisi_2006_d.root
PROGRESS: h80 files=22 processed_entries=3098000000 valid_entries=3097999996 skipped_entries=4 skipped_files=0 current=/data/graal/pre_analisi/pre_analisi_2006_d.root
PROGRESS: h80 files=22 processed_entries=3099000000 valid_entries=3098999996 skipped_entries=4 skipped_files=0 current=/data/graal/pre_analisi/pre_analisi_2006_d.root
PROGRESS: h80 files=22 processed_entries=3100000000 valid_entries=3099999996 skipped_entries=4 skipped_files=0 current=/data/graal/pre_analisi/pre_analisi_2006_d.root
PROGRESS: h80 files=22 processed_entries=3101000000 valid_entries=3100999996 skipped_entries=4 skipped_files=0 current=/data/graal/pre_analisi/pre_analisi_2006_d.root
PROGRESS: h80 files=22 processed_entries=3102000000 valid_entries=3101999996 skipped_entries=4 skipped_files=0 current=/data/graal/pre_analisi/pre_analisi_2006_d.root
PROGRESS: h80 files=22 processed_entries=3103000000 valid_entries=3102999996 skipped_entries=4 skipped_files=0 current=/data/graal/pre_analisi/pre_analisi_2006_d.root
PROGRESS: h80 files=22 processed_entries=3104000000 valid_entries=3103999996 skipped_entries=4 skipped_files=0 current=/data/graal/pre_analisi/pre_analisi_2006_d.root
PROGRESS: h80 files=22 processed_entries=3105000000 valid_entries=3104999996 skipped_entries=4 skipped_files=0 current=/data/graal/pre_analisi/pre_analisi_2006_d.root
PROGRESS: h80 files=22 processed_entries=3106000000 valid_entries=3105999996 skipped_entries=4 skipped_files=0 current=/data/graal/pre_analisi/pre_analisi_2006_d.root
PROGRESS: h80 files=22 processed_entries=3107000000 valid_entries=3106999996 skipped_entries=4 skipped_files=0 current=/data/graal/pre_analisi/pre_analisi_2006_d.root
PROGRESS: h80 files=22 processed_entries=3108000000 valid_entries=3107999996 skipped_entries=4 skipped_files=0 current=/data/graal/pre_analisi/pre_analisi_2006_d.root
PROGRESS: h80 files=22 processed_entries=3109000000 valid_entries=3108999996 skipped_entries=4 skipped_files=0 current=/data/graal/pre_analisi/pre_analisi_2006_d.root
PROGRESS: h80 files=22 processed_entries=3110000000 valid_entries=3109999996 skipped_entries=4 skipped_files=0 current=/data/graal/pre_analisi/pre_analisi_2006_d.root
PROGRESS: h80 files=22 processed_entries=3111000000 valid_entries=3110999996 skipped_entries=4 skipped_files=0 current=/data/graal/pre_analisi/pre_analisi_2006_d.root
PROGRESS: h80 files=22 processed_entries=3112000000 valid_entries=3111999996 skipped_entries=4 skipped_files=0 current=/data/graal/pre_analisi/pre_analisi_2006_d.root
PROGRESS: h80 files=22 processed_entries=3113000000 valid_entries=3112999996 skipped_entries=4 skipped_files=0 current=/data/graal/pre_analisi/pre_analisi_2006_d.root
PROGRESS: h80 files=22 processed_entries=3114000000 valid_entries=3113999996 skipped_entries=4 skipped_files=0 current=/data/graal/pre_analisi/pre_analisi_2006_d.root
PROGRESS: h80 files=22 processed_entries=3115000000 valid_entries=3114999996 skipped_entries=4 skipped_files=0 current=/data/graal/pre_analisi/pre_analisi_2006_d.root
PROGRESS: h80 files=22 processed_entries=3116000000 valid_entries=3115999996 skipped_entries=4 skipped_files=0 current=/data/graal/pre_analisi/pre_analisi_2006_d.root
PROGRESS: h80 files=22 processed_entries=3117000000 valid_entries=3116999996 skipped_entries=4 skipped_files=0 current=/data/graal/pre_analisi/pre_analisi_2006_d.root
PROGRESS: h80 files=22 processed_entries=3118000000 valid_entries=3117999996 skipped_entries=4 skipped_files=0 current=/data/graal/pre_analisi/pre_analisi_2006_d.root
PROGRESS: h80 files=22 processed_entries=3119000000 valid_entries=3118999996 skipped_entries=4 skipped_files=0 current=/data/graal/pre_analisi/pre_analisi_2006_d.root
PROGRESS: h80 files=22 processed_entries=3120000000 valid_entries=3119999996 skipped_entries=4 skipped_files=0 current=/data/graal/pre_analisi/pre_analisi_2006_d.root
PROGRESS: h80 files=22 processed_entries=3121000000 valid_entries=3120999996 skipped_entries=4 skipped_files=0 current=/data/graal/pre_analisi/pre_analisi_2006_d.root
PROGRESS: h80 files=22 processed_entries=3122000000 valid_entries=3121999996 skipped_entries=4 skipped_files=0 current=/data/graal/pre_analisi/pre_analisi_2006_d.root
PROGRESS: h80 files=22 processed_entries=3123000000 valid_entries=3122999996 skipped_entries=4 skipped_files=0 current=/data/graal/pre_analisi/pre_analisi_2006_d.root
PROGRESS: h80 files=22 processed_entries=3124000000 valid_entries=3123999996 skipped_entries=4 skipped_files=0 current=/data/graal/pre_analisi/pre_analisi_2006_d.root
PROGRESS: h80 files=22 processed_entries=3125000000 valid_entries=3124999996 skipped_entries=4 skipped_files=0 current=/data/graal/pre_analisi/pre_analisi_2006_d.root
PROGRESS: h80 files=22 processed_entries=3126000000 valid_entries=3125999996 skipped_entries=4 skipped_files=0 current=/data/graal/pre_analisi/pre_analisi_2006_d.root
PROGRESS: h80 files=22 processed_entries=3127000000 valid_entries=3126999996 skipped_entries=4 skipped_files=0 current=/data/graal/pre_analisi/pre_analisi_2006_d.root
PROGRESS: h80 files=22 processed_entries=3128000000 valid_entries=3127999996 skipped_entries=4 skipped_files=0 current=/data/graal/pre_analisi/pre_analisi_2006_d.root
PROGRESS: h80 files=22 processed_entries=3129000000 valid_entries=3128999996 skipped_entries=4 skipped_files=0 current=/data/graal/pre_analisi/pre_analisi_2006_d.root
PROGRESS: h80 files=22 processed_entries=3130000000 valid_entries=3129999996 skipped_entries=4 skipped_files=0 current=/data/graal/pre_analisi/pre_analisi_2006_d.root
PROGRESS: h80 files=22 processed_entries=3131000000 valid_entries=3130999996 skipped_entries=4 skipped_files=0 current=/data/graal/pre_analisi/pre_analisi_2006_d.root
PROGRESS: h80 files=22 processed_entries=3132000000 valid_entries=3131999996 skipped_entries=4 skipped_files=0 current=/data/graal/pre_analisi/pre_analisi_2006_d.root
PROGRESS: h80 files=22 processed_entries=3133000000 valid_entries=3132999996 skipped_entries=4 skipped_files=0 current=/data/graal/pre_analisi/pre_analisi_2006_d.root
PROGRESS: h80 files=22 processed_entries=3134000000 valid_entries=3133999996 skipped_entries=4 skipped_files=0 current=/data/graal/pre_analisi/pre_analisi_2006_d.root
PROGRESS: h80 files=22 processed_entries=3135000000 valid_entries=3134999996 skipped_entries=4 skipped_files=0 current=/data/graal/pre_analisi/pre_analisi_2006_d.root
PROGRESS: h80 files=22 processed_entries=3136000000 valid_entries=3135999996 skipped_entries=4 skipped_files=0 current=/data/graal/pre_analisi/pre_analisi_2006_d.root
PROGRESS: h80 files=22 processed_entries=3137000000 valid_entries=3136999996 skipped_entries=4 skipped_files=0 current=/data/graal/pre_analisi/pre_analisi_2006_d.root
PROGRESS: h80 files=22 processed_entries=3138000000 valid_entries=3137999996 skipped_entries=4 skipped_files=0 current=/data/graal/pre_analisi/pre_analisi_2006_d.root
PROGRESS: h80 files=22 processed_entries=3139000000 valid_entries=3138999996 skipped_entries=4 skipped_files=0 current=/data/graal/pre_analisi/pre_analisi_2006_d.root
PROGRESS: h80 files=22 processed_entries=3140000000 valid_entries=3139999996 skipped_entries=4 skipped_files=0 current=/data/graal/pre_analisi/pre_analisi_2006_d.root
PROGRESS: h80 files=22 processed_entries=3141000000 valid_entries=3140999996 skipped_entries=4 skipped_files=0 current=/data/graal/pre_analisi/pre_analisi_2006_d.root
PROGRESS: h80 files=22 processed_entries=3142000000 valid_entries=3141999996 skipped_entries=4 skipped_files=0 current=/data/graal/pre_analisi/pre_analisi_2006_d.root
PROGRESS: h80 files=22 processed_entries=3143000000 valid_entries=3142999996 skipped_entries=4 skipped_files=0 current=/data/graal/pre_analisi/pre_analisi_2006_d.root
PROGRESS: h80 files=22 processed_entries=3144000000 valid_entries=3143999996 skipped_entries=4 skipped_files=0 current=/data/graal/pre_analisi/pre_analisi_2006_d.root
PROGRESS: h80 files=22 processed_entries=3145000000 valid_entries=3144999996 skipped_entries=4 skipped_files=0 current=/data/graal/pre_analisi/pre_analisi_2006_d.root
PROGRESS: h80 files=22 processed_entries=3146000000 valid_entries=3145999996 skipped_entries=4 skipped_files=0 current=/data/graal/pre_analisi/pre_analisi_2006_d.root
PROGRESS: h80 files=22 processed_entries=3147000000 valid_entries=3146999996 skipped_entries=4 skipped_files=0 current=/data/graal/pre_analisi/pre_analisi_2006_d.root
PROGRESS: h80 files=22 processed_entries=3148000000 valid_entries=3147999996 skipped_entries=4 skipped_files=0 current=/data/graal/pre_analisi/pre_analisi_2006_d.root
PROGRESS: h80 files=22 processed_entries=3149000000 valid_entries=3148999996 skipped_entries=4 skipped_files=0 current=/data/graal/pre_analisi/pre_analisi_2006_d.root
PROGRESS: h80 files=22 processed_entries=3150000000 valid_entries=3149999996 skipped_entries=4 skipped_files=0 current=/data/graal/pre_analisi/pre_analisi_2006_d.root
PROGRESS: h80 files=22 processed_entries=3151000000 valid_entries=3150999996 skipped_entries=4 skipped_files=0 current=/data/graal/pre_analisi/pre_analisi_2006_d.root
PROGRESS: h80 files=22 processed_entries=3152000000 valid_entries=3151999996 skipped_entries=4 skipped_files=0 current=/data/graal/pre_analisi/pre_analisi_2006_d.root
PROGRESS: h80 files=22 processed_entries=3153000000 valid_entries=3152999996 skipped_entries=4 skipped_files=0 current=/data/graal/pre_analisi/pre_analisi_2006_d.root
PROGRESS: h80 files=22 processed_entries=3154000000 valid_entries=3153999996 skipped_entries=4 skipped_files=0 current=/data/graal/pre_analisi/pre_analisi_2006_d.root
PROGRESS: h80 files=22 processed_entries=3155000000 valid_entries=3154999996 skipped_entries=4 skipped_files=0 current=/data/graal/pre_analisi/pre_analisi_2006_d.root
PROGRESS: h80 files=22 processed_entries=3156000000 valid_entries=3155999996 skipped_entries=4 skipped_files=0 current=/data/graal/pre_analisi/pre_analisi_2006_d.root
PROGRESS: h80 files=22 processed_entries=3157000000 valid_entries=3156999996 skipped_entries=4 skipped_files=0 current=/data/graal/pre_analisi/pre_analisi_2006_d.root
PROGRESS: h80 files=22 processed_entries=3158000000 valid_entries=3157999996 skipped_entries=4 skipped_files=0 current=/data/graal/pre_analisi/pre_analisi_2006_d.root
PROGRESS: h80 files=22 processed_entries=3159000000 valid_entries=3158999996 skipped_entries=4 skipped_files=0 current=/data/graal/pre_analisi/pre_analisi_2006_d.root
PROGRESS: h80 files=22 processed_entries=3160000000 valid_entries=3159999996 skipped_entries=4 skipped_files=0 current=/data/graal/pre_analisi/pre_analisi_2006_d.root
PROGRESS: h80 files=22 processed_entries=3161000000 valid_entries=3160999996 skipped_entries=4 skipped_files=0 current=/data/graal/pre_analisi/pre_analisi_2006_d.root
PROGRESS: h80 files=22 processed_entries=3162000000 valid_entries=3161999996 skipped_entries=4 skipped_files=0 current=/data/graal/pre_analisi/pre_analisi_2006_d.root
PROGRESS: h80 files=22 processed_entries=3163000000 valid_entries=3162999996 skipped_entries=4 skipped_files=0 current=/data/graal/pre_analisi/pre_analisi_2006_d.root
PROGRESS: h80 files=22 processed_entries=3164000000 valid_entries=3163999996 skipped_entries=4 skipped_files=0 current=/data/graal/pre_analisi/pre_analisi_2006_d.root
PROGRESS: h80 files=22 processed_entries=3165000000 valid_entries=3164999996 skipped_entries=4 skipped_files=0 current=/data/graal/pre_analisi/pre_analisi_2006_d.root
PROGRESS: h80 files=22 processed_entries=3166000000 valid_entries=3165999996 skipped_entries=4 skipped_files=0 current=/data/graal/pre_analisi/pre_analisi_2006_d.root
PROGRESS: h80 files=22 processed_entries=3167000000 valid_entries=3166999996 skipped_entries=4 skipped_files=0 current=/data/graal/pre_analisi/pre_analisi_2006_d.root
PROGRESS: h80 files=22 processed_entries=3168000000 valid_entries=3167999996 skipped_entries=4 skipped_files=0 current=/data/graal/pre_analisi/pre_analisi_2006_d.root
PROGRESS: h80 files=22 processed_entries=3169000000 valid_entries=3168999996 skipped_entries=4 skipped_files=0 current=/data/graal/pre_analisi/pre_analisi_2006_d.root
PROGRESS: h80 files=22 processed_entries=3170000000 valid_entries=3169999996 skipped_entries=4 skipped_files=0 current=/data/graal/pre_analisi/pre_analisi_2006_d.root
PROGRESS: h80 files=22 processed_entries=3171000000 valid_entries=3170999996 skipped_entries=4 skipped_files=0 current=/data/graal/pre_analisi/pre_analisi_2006_d.root
PROGRESS: h80 files=22 processed_entries=3172000000 valid_entries=3171999996 skipped_entries=4 skipped_files=0 current=/data/graal/pre_analisi/pre_analisi_2006_d.root
PROGRESS: h80 files=22 processed_entries=3173000000 valid_entries=3172999996 skipped_entries=4 skipped_files=0 current=/data/graal/pre_analisi/pre_analisi_2006_d.root
PROGRESS: h80 files=22 processed_entries=3174000000 valid_entries=3173999996 skipped_entries=4 skipped_files=0 current=/data/graal/pre_analisi/pre_analisi_2006_d.root
PROGRESS: h80 files=22 processed_entries=3175000000 valid_entries=3174999996 skipped_entries=4 skipped_files=0 current=/data/graal/pre_analisi/pre_analisi_2006_d.root
PROGRESS: h80 files=22 processed_entries=3176000000 valid_entries=3175999996 skipped_entries=4 skipped_files=0 current=/data/graal/pre_analisi/pre_analisi_2006_d.root
PROGRESS: h80 files=22 processed_entries=3177000000 valid_entries=3176999996 skipped_entries=4 skipped_files=0 current=/data/graal/pre_analisi/pre_analisi_2006_d.root
PROGRESS: h80 files=22 processed_entries=3178000000 valid_entries=3177999996 skipped_entries=4 skipped_files=0 current=/data/graal/pre_analisi/pre_analisi_2006_d.root
PROGRESS: h80 files=22 processed_entries=3179000000 valid_entries=3178999996 skipped_entries=4 skipped_files=0 current=/data/graal/pre_analisi/pre_analisi_2006_d.root
PROGRESS: h80 files=22 processed_entries=3180000000 valid_entries=3179999996 skipped_entries=4 skipped_files=0 current=/data/graal/pre_analisi/pre_analisi_2006_d.root
PROGRESS: h80 files=22 processed_entries=3181000000 valid_entries=3180999996 skipped_entries=4 skipped_files=0 current=/data/graal/pre_analisi/pre_analisi_2006_d.root
PROGRESS: h80 files=22 processed_entries=3182000000 valid_entries=3181999996 skipped_entries=4 skipped_files=0 current=/data/graal/pre_analisi/pre_analisi_2006_d.root
PROGRESS: h80 files=22 processed_entries=3183000000 valid_entries=3182999996 skipped_entries=4 skipped_files=0 current=/data/graal/pre_analisi/pre_analisi_2006_d.root
PROGRESS: h80 files=22 processed_entries=3184000000 valid_entries=3183999996 skipped_entries=4 skipped_files=0 current=/data/graal/pre_analisi/pre_analisi_2006_d.root
PROGRESS: h80 files=22 processed_entries=3185000000 valid_entries=3184999996 skipped_entries=4 skipped_files=0 current=/data/graal/pre_analisi/pre_analisi_2006_d.root
PROGRESS: h80 files=22 processed_entries=3186000000 valid_entries=3185999996 skipped_entries=4 skipped_files=0 current=/data/graal/pre_analisi/pre_analisi_2006_d.root
PROGRESS: h80 files=22 processed_entries=3187000000 valid_entries=3186999996 skipped_entries=4 skipped_files=0 current=/data/graal/pre_analisi/pre_analisi_2006_d.root
PROGRESS: h80 files=22 processed_entries=3188000000 valid_entries=3187999996 skipped_entries=4 skipped_files=0 current=/data/graal/pre_analisi/pre_analisi_2006_d.root
PROGRESS: h80 files=22 processed_entries=3189000000 valid_entries=3188999996 skipped_entries=4 skipped_files=0 current=/data/graal/pre_analisi/pre_analisi_2006_d.root
PROGRESS: h80 files=22 processed_entries=3190000000 valid_entries=3189999996 skipped_entries=4 skipped_files=0 current=/data/graal/pre_analisi/pre_analisi_2006_d.root
PROGRESS: h80 files=22 processed_entries=3191000000 valid_entries=3190999996 skipped_entries=4 skipped_files=0 current=/data/graal/pre_analisi/pre_analisi_2006_d.root
PROGRESS: h80 files=22 processed_entries=3192000000 valid_entries=3191999996 skipped_entries=4 skipped_files=0 current=/data/graal/pre_analisi/pre_analisi_2006_d.root
PROGRESS: h80 files=22 processed_entries=3193000000 valid_entries=3192999996 skipped_entries=4 skipped_files=0 current=/data/graal/pre_analisi/pre_analisi_2006_d.root
PROGRESS: h80 files=22 processed_entries=3194000000 valid_entries=3193999996 skipped_entries=4 skipped_files=0 current=/data/graal/pre_analisi/pre_analisi_2006_d.root
PROGRESS: h80 files=22 processed_entries=3195000000 valid_entries=3194999996 skipped_entries=4 skipped_files=0 current=/data/graal/pre_analisi/pre_analisi_2006_d.root
PROGRESS: h80 files=22 processed_entries=3196000000 valid_entries=3195999996 skipped_entries=4 skipped_files=0 current=/data/graal/pre_analisi/pre_analisi_2006_d.root
PROGRESS: h80 files=22 processed_entries=3197000000 valid_entries=3196999996 skipped_entries=4 skipped_files=0 current=/data/graal/pre_analisi/pre_analisi_2006_d.root
PROGRESS: h80 files=22 processed_entries=3198000000 valid_entries=3197999996 skipped_entries=4 skipped_files=0 current=/data/graal/pre_analisi/pre_analisi_2006_d.root
PROGRESS: h80 files=22 processed_entries=3199000000 valid_entries=3198999996 skipped_entries=4 skipped_files=0 current=/data/graal/pre_analisi/pre_analisi_2006_d.root
PROGRESS: h80 files=22 processed_entries=3200000000 valid_entries=3199999996 skipped_entries=4 skipped_files=0 current=/data/graal/pre_analisi/pre_analisi_2006_d.root
PROGRESS: h80 files=22 processed_entries=3201000000 valid_entries=3200999996 skipped_entries=4 skipped_files=0 current=/data/graal/pre_analisi/pre_analisi_2006_d.root
PROGRESS: h80 files=22 processed_entries=3202000000 valid_entries=3201999996 skipped_entries=4 skipped_files=0 current=/data/graal/pre_analisi/pre_analisi_2006_d.root
PROGRESS: h80 files=22 processed_entries=3203000000 valid_entries=3202999996 skipped_entries=4 skipped_files=0 current=/data/graal/pre_analisi/pre_analisi_2006_d.root
PROGRESS: h80 files=22 processed_entries=3204000000 valid_entries=3203999996 skipped_entries=4 skipped_files=0 current=/data/graal/pre_analisi/pre_analisi_2006_d.root
PROGRESS: h80 files=22 processed_entries=3205000000 valid_entries=3204999996 skipped_entries=4 skipped_files=0 current=/data/graal/pre_analisi/pre_analisi_2006_d.root
PROGRESS: h80 files=22 processed_entries=3206000000 valid_entries=3205999996 skipped_entries=4 skipped_files=0 current=/data/graal/pre_analisi/pre_analisi_2006_d.root
PROGRESS: h80 files=22 processed_entries=3207000000 valid_entries=3206999996 skipped_entries=4 skipped_files=0 current=/data/graal/pre_analisi/pre_analisi_2006_d.root
PROGRESS: h80 files=22 processed_entries=3207354516 valid_entries=3207354512 skipped_entries=4 skipped_files=0 completed=/data/graal/pre_analisi/pre_analisi_2006_d.root
